Iniciando la conexion a base de datos: jdbc:db2://SDB2BPMBFDES01:50000/BFP_NEXO:retrieveMessagesFromServerOnGetMessage=true;
INSERT INTO BFP_PORTAL.BFPBM_ATRIBUTO(CODIGO_ATRIBUTO, DESCRIPCION, ESTADO, USUARIO_CREACION, FECHA_CREACION, USUARIO_ACTUALIZACION, FECHA_ACTUALIZACION) VALUES (1, 'Canal', 1, 'OSCHUP', '2014-08-01 10:32:49.650111', 'OSCHUP', '2014-08-01 10:32:49.650111');
INSERT INTO BFP_PORTAL.BFPBM_ATRIBUTO(CODIGO_ATRIBUTO, DESCRIPCION, ESTADO, USUARIO_CREACION, FECHA_CREACION, USUARIO_ACTUALIZACION, FECHA_ACTUALIZACION) VALUES (2, 'Agencia', 1, 'OSCHUP', '2014-08-01 10:32:49.650111', 'OSCHUP', '2014-08-01 10:32:49.650111');
INSERT INTO BFP_PORTAL.BFPBM_ATRIBUTO(CODIGO_ATRIBUTO, DESCRIPCION, ESTADO, USUARIO_CREACION, FECHA_CREACION, USUARIO_ACTUALIZACION, FECHA_ACTUALIZACION) VALUES (3, 'Jefe', 1, 'OSCHUP', '2014-08-01 10:32:49.650111', 'OSCHUP', '2014-08-01 10:32:49.650111');
INSERT INTO BFP_PORTAL.BFPBM_ATRIBUTO(CODIGO_ATRIBUTO, DESCRIPCION, ESTADO, USUARIO_CREACION, FECHA_CREACION, USUARIO_ACTUALIZACION, FECHA_ACTUALIZACION) VALUES (4, 'Supervisor', 1, 'OSCHUP', '2014-08-01 10:32:49.650111', 'OSCHUP', '2014-08-01 10:32:49.650111');
INSERT INTO BFP_PORTAL.BFPBM_ATRIBUTO(CODIGO_ATRIBUTO, DESCRIPCION, ESTADO, USUARIO_CREACION, FECHA_CREACION, USUARIO_ACTUALIZACION, FECHA_ACTUALIZACION) VALUES (5, 'Correo', 1, 'OSCHUP', '2014-08-01 10:32:49.650111', 'OSCHUP', '2014-08-01 10:32:49.650111');
INSERT INTO BFP_PORTAL.BFPBM_ATRIBUTO(CODIGO_ATRIBUTO, DESCRIPCION, ESTADO, USUARIO_CREACION, FECHA_CREACION, USUARIO_ACTUALIZACION, FECHA_ACTUALIZACION) VALUES (6, 'Unidad de Negocio Pre Seleccionado', 1, 'OSCHUP', '2015-02-10 08:41:25.0', 'OSCHUP', '2015-02-10 08:41:28.0');
INSERT INTO BFP_PORTAL.BFPBM_ATRIBUTO(CODIGO_ATRIBUTO, DESCRIPCION, ESTADO, USUARIO_CREACION, FECHA_CREACION, USUARIO_ACTUALIZACION, FECHA_ACTUALIZACION) VALUES (7, 'Producto Pre Seleccionado', 1, 'OSCHUP', '2015-02-10 08:41:47.0', 'OSCHUP', '2015-02-10 08:41:50.0');
INSERT INTO BFP_PORTAL.BFPBM_MODULO_WEB(CODIGO_MODULO_WEB, DESCRIPCION, URL, ORDEN, ESTADO, USUARIO_CREACION, FECHA_CREACION, USUARIO_ACTUALIZACION, FECHA_ACTUALIZACION) VALUES ('tare', 'TAREAS', 'Tareas.html', 1, 1, 'OSCHUP', '2014-08-01 10:27:36.835229', 'OSCHUP', '2014-08-01 10:27:36.835229');
INSERT INTO BFP_PORTAL.BFPBM_MODULO_WEB(CODIGO_MODULO_WEB, DESCRIPCION, URL, ORDEN, ESTADO, USUARIO_CREACION, FECHA_CREACION, USUARIO_ACTUALIZACION, FECHA_ACTUALIZACION) VALUES ('soli', 'SEGUIMIENTO', 'Seguimiento.html', 3, 1, 'OSCHUP', '2014-08-01 10:29:50.357965', 'OSCHUP', '2014-08-01 10:29:50.357965');
INSERT INTO BFP_PORTAL.BFPBM_MODULO_WEB(CODIGO_MODULO_WEB, DESCRIPCION, URL, ORDEN, ESTADO, USUARIO_CREACION, FECHA_CREACION, USUARIO_ACTUALIZACION, FECHA_ACTUALIZACION) VALUES ('nuev', 'SOLICITUDES', 'Solicitudes.html', 2, 1, 'OSCHUP', '2014-08-01 10:30:33.603465', 'OSCHUP', '2014-08-01 10:30:33.603465');
INSERT INTO BFP_PORTAL.BFPBM_MODULO_WEB(CODIGO_MODULO_WEB, DESCRIPCION, URL, ORDEN, ESTADO, USUARIO_CREACION, FECHA_CREACION, USUARIO_ACTUALIZACION, FECHA_ACTUALIZACION) VALUES ('repo', 'REPORTES', 'Reportes.html', 4, 1, 'OSCHUP', '2014-08-01 10:30:52.649831', 'OSCHUP', '2014-08-01 10:30:52.649831');
INSERT INTO BFP_PORTAL.BFPBM_MODULO_WEB(CODIGO_MODULO_WEB, DESCRIPCION, URL, ORDEN, ESTADO, USUARIO_CREACION, FECHA_CREACION, USUARIO_ACTUALIZACION, FECHA_ACTUALIZACION) VALUES ('mant', 'MANTENIMIENTO', 'Mantenimientos.html', 5, 1, 'OSCHUP', '2014-08-01 10:31:11.686235', 'OSCHUP', '2014-08-01 10:31:11.686235');
INSERT INTO BFP_PORTAL.BFPBM_PERFIL(CODIGO_PERFIL, DESCRIPCION, ESTADO, USUARIO_CREACION, FECHA_CREACION, USUARIO_ACTUALIZACION, FECHA_ACTUALIZACION) VALUES ('NINGUN PERFIL', 'USUARIO SIN PERFILES ASIGNADO', 1, 'LUIBRA', '2014-10-21 18:36:02.0', 'LUIBRA', '2014-10-21 18:36:02.0');
INSERT INTO BFP_PORTAL.BFPBM_PERFIL(CODIGO_PERFIL, DESCRIPCION, ESTADO, USUARIO_CREACION, FECHA_CREACION, USUARIO_ACTUALIZACION, FECHA_ACTUALIZACION) VALUES ('GERENTE DE GRUPO', 'GERENTE DE GRUPO', 1, 'LUIBRA', '2014-08-15 18:36:02.0', 'LUIBRA', '2014-08-15 18:36:06.0');
INSERT INTO BFP_PORTAL.BFPBM_PERFIL(CODIGO_PERFIL, DESCRIPCION, ESTADO, USUARIO_CREACION, FECHA_CREACION, USUARIO_ACTUALIZACION, FECHA_ACTUALIZACION) VALUES ('ADMINISTRADOR DE PROCESO', 'ADMINISTRADOR DE PROCESO', 1, 'LUIBRA', '2014-08-15 18:36:02.0', 'OSCHUP', '2014-08-15 18:36:06.0');
INSERT INTO BFP_PORTAL.BFPBM_PERFIL(CODIGO_PERFIL, DESCRIPCION, ESTADO, USUARIO_CREACION, FECHA_CREACION, USUARIO_ACTUALIZACION, FECHA_ACTUALIZACION) VALUES ('FUNCIONARIO DE NEGOCIO', 'FUNCIONARIO DE NEGOCIO', 1, 'OSCHUP', '2014-08-12 17:36:22.0', 'OSCHUP', '2014-08-12 17:36:24.0');
INSERT INTO BFP_PORTAL.BFPBM_PERFIL(CODIGO_PERFIL, DESCRIPCION, ESTADO, USUARIO_CREACION, FECHA_CREACION, USUARIO_ACTUALIZACION, FECHA_ACTUALIZACION) VALUES ('SUPERVISOR DE OPERACIONES', 'SUPERVISOR DE OPERACIONES', 1, 'BPMUSER', '2014-11-12 14:41:44.501659', 'BPMUSER', '2014-11-12 14:41:44.501659');
INSERT INTO BFP_PORTAL.BFPBM_PERFIL(CODIGO_PERFIL, DESCRIPCION, ESTADO, USUARIO_CREACION, FECHA_CREACION, USUARIO_ACTUALIZACION, FECHA_ACTUALIZACION) VALUES ('ANALISTA DE VISADO', 'ANALISTA DE VISADO', 1, 'OSCHUP', '2014-08-15 18:35:44.0', 'OSCHUP', '2014-08-15 18:35:48.0');
INSERT INTO BFP_PORTAL.BFPBM_PERFIL(CODIGO_PERFIL, DESCRIPCION, ESTADO, USUARIO_CREACION, FECHA_CREACION, USUARIO_ACTUALIZACION, FECHA_ACTUALIZACION) VALUES ('ANALISTA DE AUTORIZACION', 'ANALISTA DE AUTORIZACION', 1, 'OSCHUP', '2014-08-15 18:36:02.0', 'OSCHUP', '2014-08-15 18:36:06.0');
INSERT INTO BFP_PORTAL.BFPBM_PERFIL(CODIGO_PERFIL, DESCRIPCION, ESTADO, USUARIO_CREACION, FECHA_CREACION, USUARIO_ACTUALIZACION, FECHA_ACTUALIZACION) VALUES ('GERENTE DE OPERACIONES', 'GERENTE DE OPERACIONES', 1, 'BPMUSER', '2014-11-12 14:41:44.47752', 'BPMUSER', '2014-11-12 14:41:44.47752');
INSERT INTO BFP_PORTAL.BFPBM_PERFIL(CODIGO_PERFIL, DESCRIPCION, ESTADO, USUARIO_CREACION, FECHA_CREACION, USUARIO_ACTUALIZACION, FECHA_ACTUALIZACION) VALUES ('JEFE DE OPERACIONES', 'JEFE DE OPERACIONES', 1, 'BPMUSER', '2014-11-12 14:41:44.483483', 'BPMUSER', '2014-11-12 14:41:44.483483');
INSERT INTO BFP_PORTAL.BFPBM_PERFIL(CODIGO_PERFIL, DESCRIPCION, ESTADO, USUARIO_CREACION, FECHA_CREACION, USUARIO_ACTUALIZACION, FECHA_ACTUALIZACION) VALUES ('ASISTENTE DE NEGOCIOS', 'ASISTENTE DE NEGOCIOS', 1, 'BPMUSER', '2014-11-12 14:41:44.448799', 'BPMUSER', '2014-11-12 14:41:44.448799');
INSERT INTO BFP_PORTAL.BFPBM_PERFIL(CODIGO_PERFIL, DESCRIPCION, ESTADO, USUARIO_CREACION, FECHA_CREACION, USUARIO_ACTUALIZACION, FECHA_ACTUALIZACION) VALUES ('JEFE DE PROCESO DE OPERACIONES', 'JEFE DE PROCESO DE OPERACIONES', 1, 'BPMUSER', '2014-11-12 14:41:44.490357', 'BPMUSER', '2014-11-12 14:41:44.490357');
INSERT INTO BFP_PORTAL.BFPBM_PERFIL(CODIGO_PERFIL, DESCRIPCION, ESTADO, USUARIO_CREACION, FECHA_CREACION, USUARIO_ACTUALIZACION, FECHA_ACTUALIZACION) VALUES ('EJECUTIVO DE VENTAS', 'EJECUTIVO DE VENTAS', 1, 'BPMUSER', '2014-11-18 12:27:05.602579', 'BPMUSER', '2014-11-18 12:27:05.602579');
INSERT INTO BFP_PORTAL.BFPBM_PERFIL(CODIGO_PERFIL, DESCRIPCION, ESTADO, USUARIO_CREACION, FECHA_CREACION, USUARIO_ACTUALIZACION, FECHA_ACTUALIZACION) VALUES ('ANALISTA DE DESEMBOLSO', 'ANALISTA DE DESEMBOLSO', 1, 'OSCHUP', '2014-12-19 09:32:03.0', 'OSCHUP', '2014-12-19 09:32:06.0');
INSERT INTO BFP_PORTAL.BFPBM_PERFIL(CODIGO_PERFIL, DESCRIPCION, ESTADO, USUARIO_CREACION, FECHA_CREACION, USUARIO_ACTUALIZACION, FECHA_ACTUALIZACION) VALUES ('ASISTENTE DE DIGITACION', 'ASISTENTE DE DIGITACION', 1, 'OSCHUP', '2014-12-22 15:04:10.0', 'OSCHUP', '2014-12-22 15:04:13.0');
INSERT INTO BFP_PORTAL.BFPBM_PERFIL(CODIGO_PERFIL, DESCRIPCION, ESTADO, USUARIO_CREACION, FECHA_CREACION, USUARIO_ACTUALIZACION, FECHA_ACTUALIZACION) VALUES ('DIGITADOR', 'DIGITADOR', 1, 'BPMUSER', '2014-11-18 12:27:05.587993', 'BPMUSER', '2014-11-18 12:27:05.587993');
INSERT INTO BFP_PORTAL.BFPBM_PERFIL(CODIGO_PERFIL, DESCRIPCION, ESTADO, USUARIO_CREACION, FECHA_CREACION, USUARIO_ACTUALIZACION, FECHA_ACTUALIZACION) VALUES ('ASISTENTE DE CONTROL DE CALIDAD', 'ASISTENTE DE CONTROL DE CALIDAD', 1, 'OSCHUP', '2014-12-23 10:02:31.0', 'OSCHUP', '2014-12-23 10:02:34.0');
INSERT INTO BFP_PORTAL.BFPBM_PERFIL(CODIGO_PERFIL, DESCRIPCION, ESTADO, USUARIO_CREACION, FECHA_CREACION, USUARIO_ACTUALIZACION, FECHA_ACTUALIZACION) VALUES ('ANALISTA DE CREDITOS', 'ANALISTA DE CREDITOS', 1, 'OSCHUP', '2014-12-23 10:09:11.0', 'OSCHUP', '2014-12-23 10:09:15.0');
INSERT INTO BFP_PORTAL.BFPBM_PERFIL(CODIGO_PERFIL, DESCRIPCION, ESTADO, USUARIO_CREACION, FECHA_CREACION, USUARIO_ACTUALIZACION, FECHA_ACTUALIZACION) VALUES ('ANALISTA DE GARANTIAS', 'ANALISTA DE GARANTIAS', 1, 'BPMUSER', '2015-01-02 18:06:10.383792', 'BPMUSER', '2015-01-02 18:06:10.383792');
INSERT INTO BFP_PORTAL.BFPBM_PERFIL(CODIGO_PERFIL, DESCRIPCION, ESTADO, USUARIO_CREACION, FECHA_CREACION, USUARIO_ACTUALIZACION, FECHA_ACTUALIZACION) VALUES ('ASISTENTE DE OPERACIONES', 'ASISTENTE DE OPERACIONES', 1, 'BPMUSER', '2015-01-02 18:07:51.440894', 'BPMUSER', '2015-01-02 18:07:51.440894');
INSERT INTO BFP_PORTAL.BFPBM_PERFIL(CODIGO_PERFIL, DESCRIPCION, ESTADO, USUARIO_CREACION, FECHA_CREACION, USUARIO_ACTUALIZACION, FECHA_ACTUALIZACION) VALUES ('ASISTENTE DE VALORADOS', 'ASISTENTE DE VALORADOS', 1, 'BPMUSER', '2015-01-02 18:07:51.453887', 'BPMUSER', '2015-01-02 18:07:51.453887');
INSERT INTO BFP_PORTAL.BFPBM_PERFIL(CODIGO_PERFIL, DESCRIPCION, ESTADO, USUARIO_CREACION, FECHA_CREACION, USUARIO_ACTUALIZACION, FECHA_ACTUALIZACION) VALUES ('ASISTENTE DE VISADO', 'ASISTENTE DE VISADO', 1, 'BPMUSER', '2015-01-02 18:07:51.464182', 'BPMUSER', '2015-01-02 18:07:51.464182');
INSERT INTO BFP_PORTAL.BFPBM_PERFIL(CODIGO_PERFIL, DESCRIPCION, ESTADO, USUARIO_CREACION, FECHA_CREACION, USUARIO_ACTUALIZACION, FECHA_ACTUALIZACION) VALUES ('ANALISTA DE EXCEPCION', 'ANALISTA DE EXCEPCION', 1, 'BPMUSER', '2015-01-02 18:08:40.962766', 'BPMUSER', '2015-01-02 18:08:40.962766');
INSERT INTO BFP_PORTAL.BFPBM_PERFIL(CODIGO_PERFIL, DESCRIPCION, ESTADO, USUARIO_CREACION, FECHA_CREACION, USUARIO_ACTUALIZACION, FECHA_ACTUALIZACION) VALUES ('OFICIAL DE CUMPLIMIENTO', 'OFICIAL DE CUMPLIMIENTO', 1, 'BPMUSER', '2015-01-02 18:08:40.970806', 'BPMUSER', '2015-01-02 18:08:40.970806');
INSERT INTO BFP_PORTAL.BFPBM_PERFIL(CODIGO_PERFIL, DESCRIPCION, ESTADO, USUARIO_CREACION, FECHA_CREACION, USUARIO_ACTUALIZACION, FECHA_ACTUALIZACION) VALUES ('SUPERVISOR DE CREDITOS', 'SUPERVISOR DE CREDITOS', 1, 'BPMUSER', '2015-01-02 18:08:40.978012', 'BPMUSER', '2015-01-02 18:08:40.978012');
INSERT INTO BFP_PORTAL.BFPBM_PERFIL(CODIGO_PERFIL, DESCRIPCION, ESTADO, USUARIO_CREACION, FECHA_CREACION, USUARIO_ACTUALIZACION, FECHA_ACTUALIZACION) VALUES ('SUPERVISOR DE VENTAS', 'SUPERVISOR DE VENTAS', 1, 'BPMUSER', '2015-01-02 18:08:40.985423', 'BPMUSER', '2015-01-02 18:08:40.985423');
INSERT INTO BFP_PORTAL.BFPBM_PERFIL(CODIGO_PERFIL, DESCRIPCION, ESTADO, USUARIO_CREACION, FECHA_CREACION, USUARIO_ACTUALIZACION, FECHA_ACTUALIZACION) VALUES ('SUPERVISOR DE RIESGOS', 'SUPERVISOR DE RIESGOS', 1, 'BPMUSER', '2015-01-02 18:08:41.009637', 'BPMUSER', '2015-01-02 18:08:41.009637');
INSERT INTO BFP_PORTAL.BFPBM_PERFIL(CODIGO_PERFIL, DESCRIPCION, ESTADO, USUARIO_CREACION, FECHA_CREACION, USUARIO_ACTUALIZACION, FECHA_ACTUALIZACION) VALUES ('JEFE DE VENTAS', 'JEFE DE VENTAS', 1, 'BPMUSER', '2015-01-02 18:08:41.01744', 'BPMUSER', '2015-01-02 18:08:41.01744');
INSERT INTO BFP_PORTAL.BFPBM_PERFIL(CODIGO_PERFIL, DESCRIPCION, ESTADO, USUARIO_CREACION, FECHA_CREACION, USUARIO_ACTUALIZACION, FECHA_ACTUALIZACION) VALUES ('JEFE DE RIESGOS', 'JEFE DE RIESGOS', 1, 'BPMUSER', '2015-01-02 18:08:41.025149', 'BPMUSER', '2015-01-02 18:08:41.025149');
INSERT INTO BFP_PORTAL.BFPBM_PERFIL(CODIGO_PERFIL, DESCRIPCION, ESTADO, USUARIO_CREACION, FECHA_CREACION, USUARIO_ACTUALIZACION, FECHA_ACTUALIZACION) VALUES ('GERENTE DE RIESGOS', 'GERENTE DE RIESGOS', 1, 'BPMUSER', '2015-01-02 18:08:41.039047', 'BPMUSER', '2015-01-02 18:08:41.039047');
INSERT INTO BFP_PORTAL.BFPBM_PERFIL(CODIGO_PERFIL, DESCRIPCION, ESTADO, USUARIO_CREACION, FECHA_CREACION, USUARIO_ACTUALIZACION, FECHA_ACTUALIZACION) VALUES ('GERENTE DE VENTAS', 'GERENTE DE VENTAS', 1, 'BPMUSER', '2015-01-02 18:08:41.046567', 'BPMUSER', '2015-01-02 18:08:41.046567');
INSERT INTO BFP_PORTAL.BFPBM_PERFIL(CODIGO_PERFIL, DESCRIPCION, ESTADO, USUARIO_CREACION, FECHA_CREACION, USUARIO_ACTUALIZACION, FECHA_ACTUALIZACION) VALUES ('VERIFICADOR PAGUE YA', 'VERIFICADOR PAGUE YA', 1, 'BPMUSER', '2015-01-02 18:08:41.053839', 'BPMUSER', '2015-01-02 18:08:41.053839');
INSERT INTO BFP_PORTAL.BFPBM_PERFIL(CODIGO_PERFIL, DESCRIPCION, ESTADO, USUARIO_CREACION, FECHA_CREACION, USUARIO_ACTUALIZACION, FECHA_ACTUALIZACION) VALUES ('SUPERVISOR DE ADMINISTRACION DE CREDITO', 'SUPERVISOR DE ADMINISTRACION DE CREDITO', 1, 'BPMUSER', '2015-01-02 18:08:41.061352', 'BPMUSER', '2015-01-02 18:08:41.061352');
INSERT INTO BFP_PORTAL.BFPBM_PERFIL(CODIGO_PERFIL, DESCRIPCION, ESTADO, USUARIO_CREACION, FECHA_CREACION, USUARIO_ACTUALIZACION, FECHA_ACTUALIZACION) VALUES ('SUPERVISOR PAGUE YA', 'SUPERVISOR PAGUE YA', 1, 'BPMUSER', '2015-01-02 18:08:41.087307', 'BPMUSER', '2015-01-02 18:08:41.087307');
INSERT INTO BFP_PORTAL.BFPBM_PERFIL(CODIGO_PERFIL, DESCRIPCION, ESTADO, USUARIO_CREACION, FECHA_CREACION, USUARIO_ACTUALIZACION, FECHA_ACTUALIZACION) VALUES ('TV ASI VENTAS', 'TV ASI VENTAS', 1, 'BPMUSER', '2015-01-02 18:08:41.095022', 'BPMUSER', '2015-01-02 18:08:41.095022');
INSERT INTO BFP_PORTAL.BFPBM_PERFIL(CODIGO_PERFIL, DESCRIPCION, ESTADO, USUARIO_CREACION, FECHA_CREACION, USUARIO_ACTUALIZACION, FECHA_ACTUALIZACION) VALUES ('TV ASI OPERACIONES', 'TV ASI OPERACIONES', 1, 'BPMUSER', '2015-01-02 18:08:41.103474', 'BPMUSER', '2015-01-02 18:08:41.103474');
INSERT INTO BFP_PORTAL.BFPBM_PERFIL(CODIGO_PERFIL, DESCRIPCION, ESTADO, USUARIO_CREACION, FECHA_CREACION, USUARIO_ACTUALIZACION, FECHA_ACTUALIZACION) VALUES ('BPM AUDITOR', 'BPM AUDITOR', 1, 'BPMUSER', '2015-01-02 18:08:41.111633', 'BPMUSER', '2015-01-02 18:08:41.111633');
INSERT INTO BFP_PORTAL.BFPBM_PERFIL(CODIGO_PERFIL, DESCRIPCION, ESTADO, USUARIO_CREACION, FECHA_CREACION, USUARIO_ACTUALIZACION, FECHA_ACTUALIZACION) VALUES ('BPM CONSULTAS', 'BPM CONSULTAS', 1, 'BPMUSER', '2015-01-02 18:08:41.121041', 'BPMUSER', '2015-01-02 18:08:41.121041');
INSERT INTO BFP_PORTAL.BFPBM_PERFIL(CODIGO_PERFIL, DESCRIPCION, ESTADO, USUARIO_CREACION, FECHA_CREACION, USUARIO_ACTUALIZACION, FECHA_ACTUALIZACION) VALUES ('SEGURIDAD BPM', 'SEGURIDAD BPM', 1, 'BPMUSER', '2015-01-02 18:08:41.136884', 'BPMUSER', '2015-01-02 18:08:41.136884');
INSERT INTO BFP_PORTAL.BFPBM_PERFIL(CODIGO_PERFIL, DESCRIPCION, ESTADO, USUARIO_CREACION, FECHA_CREACION, USUARIO_ACTUALIZACION, FECHA_ACTUALIZACION) VALUES ('SOPORTE CARSA', 'SOPORTE CARSA', 1, 'BPMUSER', '2015-01-02 18:08:41.172323', 'BPMUSER', '2015-01-02 18:08:41.172323');
INSERT INTO BFP_PORTAL.BFPBM_PERFIL(CODIGO_PERFIL, DESCRIPCION, ESTADO, USUARIO_CREACION, FECHA_CREACION, USUARIO_ACTUALIZACION, FECHA_ACTUALIZACION) VALUES ('TC ASISTENTE OFERTAS CRM', 'TC ASISTENTE OFERTAS CRM', 1, 'BPMUSER', '2015-01-02 18:08:41.180134', 'BPMUSER', '2015-01-02 18:08:41.180134');
INSERT INTO BFP_PORTAL.BFPBM_PERFIL(CODIGO_PERFIL, DESCRIPCION, ESTADO, USUARIO_CREACION, FECHA_CREACION, USUARIO_ACTUALIZACION, FECHA_ACTUALIZACION) VALUES ('ADMINISTRADOR VENDEDORES CARSA', 'ADMINISTRADOR VENDEDORES CARSA', 1, 'BPMUSER', '2015-01-02 18:08:41.18773', 'BPMUSER', '2015-01-02 18:08:41.18773');
INSERT INTO BFP_PORTAL.BFPBM_PERFIL(CODIGO_PERFIL, DESCRIPCION, ESTADO, USUARIO_CREACION, FECHA_CREACION, USUARIO_ACTUALIZACION, FECHA_ACTUALIZACION) VALUES ('GG SUPERVISOR CANALES EXTERNOS', 'GG SUPERVISOR CANALES EXTERNOS', 1, 'BPMUSER', '2015-01-02 18:08:41.195507', 'BPMUSER', '2015-01-02 18:08:41.195507');
INSERT INTO BFP_PORTAL.BFPBM_PERFIL(CODIGO_PERFIL, DESCRIPCION, ESTADO, USUARIO_CREACION, FECHA_CREACION, USUARIO_ACTUALIZACION, FECHA_ACTUALIZACION) VALUES ('BROKER', 'BROKER', 1, 'BPMUSER', '2015-01-02 18:08:41.213102', 'BPMUSER', '2015-01-02 18:08:41.213102');
INSERT INTO BFP_PORTAL.BFPBM_PERFIL(CODIGO_PERFIL, DESCRIPCION, ESTADO, USUARIO_CREACION, FECHA_CREACION, USUARIO_ACTUALIZACION, FECHA_ACTUALIZACION) VALUES ('ADMINISTRADOR DE PROCESOS', 'ADMINISTRADOR DE PROCESOS', 1, 'BPMUSER', '2015-01-02 18:08:41.220587', 'BPMUSER', '2015-01-02 18:08:41.220587');
INSERT INTO BFP_PORTAL.BFPBM_PERFIL(CODIGO_PERFIL, DESCRIPCION, ESTADO, USUARIO_CREACION, FECHA_CREACION, USUARIO_ACTUALIZACION, FECHA_ACTUALIZACION) VALUES ('BC ASISTENTE DE OPERACIONES', 'BC ASISTENTE DE OPERACIONES', 1, 'BPMUSER', '2015-02-02 16:52:21.455848', 'BPMUSER', '2015-02-02 16:52:21.455848');
INSERT INTO BFP_PORTAL.BFPBM_PERFIL(CODIGO_PERFIL, DESCRIPCION, ESTADO, USUARIO_CREACION, FECHA_CREACION, USUARIO_ACTUALIZACION, FECHA_ACTUALIZACION) VALUES ('BE ANALISTA DE VISADO', 'BE ANALISTA DE VISADO', 1, 'BPMUSER', '2015-02-02 16:52:21.455848', 'BPMUSER', '2015-02-02 16:52:21.455848');
INSERT INTO BFP_PORTAL.BFPBM_PERFIL(CODIGO_PERFIL, DESCRIPCION, ESTADO, USUARIO_CREACION, FECHA_CREACION, USUARIO_ACTUALIZACION, FECHA_ACTUALIZACION) VALUES ('BE FUNCIONARIO DE NEGOCIO', 'BE FUNCIONARIO DE NEGOCIO', 1, 'OSCHUP', '2015-06-18 10:38:13.0', 'OSCHUP', '2015-06-18 10:38:18.0');
INSERT INTO BFP_PORTAL.BFPBM_PERFIL(CODIGO_PERFIL, DESCRIPCION, ESTADO, USUARIO_CREACION, FECHA_CREACION, USUARIO_ACTUALIZACION, FECHA_ACTUALIZACION) VALUES ('BE ADMINISTRADOR DE CARTA FIANZA', 'BE ADMINISTRADOR DE CARTA FIANZA', 1, 'OSCHUP', '2015-07-01 17:55:54.0', 'OSCHUP', '2015-07-01 17:55:57.0');
INSERT INTO BFP_PORTAL.BFPBM_PERFIL_ATRIBUTO(CODIGO_PERFIL, CODIGO_ATRIBUTO) VALUES ('ANALISTA DE CREDITOS', 6);
INSERT INTO BFP_PORTAL.BFPBM_PERFIL_ATRIBUTO(CODIGO_PERFIL, CODIGO_ATRIBUTO) VALUES ('ANALISTA DE CREDITOS', 7);
INSERT INTO BFP_PORTAL.BFPBM_PERFIL_ATRIBUTO(CODIGO_PERFIL, CODIGO_ATRIBUTO) VALUES ('BE ANALISTA DE VISADO', 1);
INSERT INTO BFP_PORTAL.BFPBM_PERFIL_ATRIBUTO(CODIGO_PERFIL, CODIGO_ATRIBUTO) VALUES ('BE ANALISTA DE VISADO', 2);
INSERT INTO BFP_PORTAL.BFPBM_PERFIL_ATRIBUTO(CODIGO_PERFIL, CODIGO_ATRIBUTO) VALUES ('BE ANALISTA DE VISADO', 3);
INSERT INTO BFP_PORTAL.BFPBM_PERFIL_ATRIBUTO(CODIGO_PERFIL, CODIGO_ATRIBUTO) VALUES ('BE ANALISTA DE VISADO', 4);
INSERT INTO BFP_PORTAL.BFPBM_PERFIL_ATRIBUTO(CODIGO_PERFIL, CODIGO_ATRIBUTO) VALUES ('BE ANALISTA DE VISADO', 5);
INSERT INTO BFP_PORTAL.BFPBM_PERFIL_ATRIBUTO(CODIGO_PERFIL, CODIGO_ATRIBUTO) VALUES ('BE ANALISTA DE VISADO', 6);
INSERT INTO BFP_PORTAL.BFPBM_PERFIL_ATRIBUTO(CODIGO_PERFIL, CODIGO_ATRIBUTO) VALUES ('BE ANALISTA DE VISADO', 7);
INSERT INTO BFP_PORTAL.BFPBM_PERFIL_ATRIBUTO(CODIGO_PERFIL, CODIGO_ATRIBUTO) VALUES ('EJECUTIVO DE VENTAS', 1);
INSERT INTO BFP_PORTAL.BFPBM_PERFIL_ATRIBUTO(CODIGO_PERFIL, CODIGO_ATRIBUTO) VALUES ('EJECUTIVO DE VENTAS', 2);
INSERT INTO BFP_PORTAL.BFPBM_PERFIL_ATRIBUTO(CODIGO_PERFIL, CODIGO_ATRIBUTO) VALUES ('EJECUTIVO DE VENTAS', 3);
INSERT INTO BFP_PORTAL.BFPBM_PERFIL_ATRIBUTO(CODIGO_PERFIL, CODIGO_ATRIBUTO) VALUES ('EJECUTIVO DE VENTAS', 4);
INSERT INTO BFP_PORTAL.BFPBM_PERFIL_ATRIBUTO(CODIGO_PERFIL, CODIGO_ATRIBUTO) VALUES ('EJECUTIVO DE VENTAS', 6);
INSERT INTO BFP_PORTAL.BFPBM_PERFIL_ATRIBUTO(CODIGO_PERFIL, CODIGO_ATRIBUTO) VALUES ('EJECUTIVO DE VENTAS', 7);
INSERT INTO BFP_PORTAL.BFPBM_PERFIL_ATRIBUTO(CODIGO_PERFIL, CODIGO_ATRIBUTO) VALUES ('FUNCIONARIO DE NEGOCIO', 1);
INSERT INTO BFP_PORTAL.BFPBM_PERFIL_ATRIBUTO(CODIGO_PERFIL, CODIGO_ATRIBUTO) VALUES ('FUNCIONARIO DE NEGOCIO', 2);
INSERT INTO BFP_PORTAL.BFPBM_PERFIL_ATRIBUTO(CODIGO_PERFIL, CODIGO_ATRIBUTO) VALUES ('FUNCIONARIO DE NEGOCIO', 3);
INSERT INTO BFP_PORTAL.BFPBM_PERFIL_ATRIBUTO(CODIGO_PERFIL, CODIGO_ATRIBUTO) VALUES ('FUNCIONARIO DE NEGOCIO', 4);
INSERT INTO BFP_PORTAL.BFPBM_PERFIL_ATRIBUTO(CODIGO_PERFIL, CODIGO_ATRIBUTO) VALUES ('FUNCIONARIO DE NEGOCIO', 5);
INSERT INTO BFP_PORTAL.BFPBM_PERFIL_ATRIBUTO(CODIGO_PERFIL, CODIGO_ATRIBUTO) VALUES ('FUNCIONARIO DE NEGOCIO', 6);
INSERT INTO BFP_PORTAL.BFPBM_PERFIL_ATRIBUTO(CODIGO_PERFIL, CODIGO_ATRIBUTO) VALUES ('FUNCIONARIO DE NEGOCIO', 7);
INSERT INTO BFP_PORTAL.BFPBM_PERFIL_ATRIBUTO(CODIGO_PERFIL, CODIGO_ATRIBUTO) VALUES ('SUPERVISOR DE RIESGOS', 1);
INSERT INTO BFP_PORTAL.BFPBM_PERFIL_ATRIBUTO(CODIGO_PERFIL, CODIGO_ATRIBUTO) VALUES ('SUPERVISOR DE RIESGOS', 2);
INSERT INTO BFP_PORTAL.BFPBM_PERFIL_ATRIBUTO(CODIGO_PERFIL, CODIGO_ATRIBUTO) VALUES ('SUPERVISOR DE RIESGOS', 3);
INSERT INTO BFP_PORTAL.BFPBM_PERFIL_ATRIBUTO(CODIGO_PERFIL, CODIGO_ATRIBUTO) VALUES ('SUPERVISOR DE RIESGOS', 4);
INSERT INTO BFP_PORTAL.BFPBM_PERFIL_ATRIBUTO(CODIGO_PERFIL, CODIGO_ATRIBUTO) VALUES ('VERIFICADOR PAGUE YA', 1);
INSERT INTO BFP_PORTAL.BFPBM_PERFIL_ATRIBUTO(CODIGO_PERFIL, CODIGO_ATRIBUTO) VALUES ('VERIFICADOR PAGUE YA', 2);
INSERT INTO BFP_PORTAL.BFPBM_PERFIL_ATRIBUTO(CODIGO_PERFIL, CODIGO_ATRIBUTO) VALUES ('VERIFICADOR PAGUE YA', 3);
INSERT INTO BFP_PORTAL.BFPBM_PERFIL_ATRIBUTO(CODIGO_PERFIL, CODIGO_ATRIBUTO) VALUES ('VERIFICADOR PAGUE YA', 4);
INSERT INTO BFP_PORTAL.BFPBM_PERFIL_MODULO_WEB(CODIGO_PERFIL, CODIGO_MODULO_WEB, INDICADOR_VISIBLE_DEFECTO, ESTADO, USUARIO_CREACION, FECHA_CREACION, USUARIO_ACTUALIZACION, FECHA_ACTUALIZACION) VALUES ('NINGUN PERFIL', 'tare', 1, 1, 'LUIBRA', '2014-10-10 10:57:13.0', 'LUIBRA', '2014-10-10 10:57:13.0');
INSERT INTO BFP_PORTAL.BFPBM_PERFIL_MODULO_WEB(CODIGO_PERFIL, CODIGO_MODULO_WEB, INDICADOR_VISIBLE_DEFECTO, ESTADO, USUARIO_CREACION, FECHA_CREACION, USUARIO_ACTUALIZACION, FECHA_ACTUALIZACION) VALUES ('ANALISTA DE VISADO', 'nuev', 1, 1, 'OSCHUP', '2014-11-12 14:41:44.521776', 'OSCHUP', '2014-11-12 14:41:44.521776');
INSERT INTO BFP_PORTAL.BFPBM_PERFIL_MODULO_WEB(CODIGO_PERFIL, CODIGO_MODULO_WEB, INDICADOR_VISIBLE_DEFECTO, ESTADO, USUARIO_CREACION, FECHA_CREACION, USUARIO_ACTUALIZACION, FECHA_ACTUALIZACION) VALUES ('ASISTENTE DE DIGITACION', 'soli', 1, 1, 'OSCHUP', '2015-04-08 00:00:00.0', 'OSCHUP', '2015-04-08 00:00:00.0');
INSERT INTO BFP_PORTAL.BFPBM_PERFIL_MODULO_WEB(CODIGO_PERFIL, CODIGO_MODULO_WEB, INDICADOR_VISIBLE_DEFECTO, ESTADO, USUARIO_CREACION, FECHA_CREACION, USUARIO_ACTUALIZACION, FECHA_ACTUALIZACION) VALUES ('FUNCIONARIO DE NEGOCIO', 'repo', 1, 1, 'OSCHUP', '2014-11-12 14:41:44.540927', 'OSCHUP', '2014-11-12 14:41:44.540927');
INSERT INTO BFP_PORTAL.BFPBM_PERFIL_MODULO_WEB(CODIGO_PERFIL, CODIGO_MODULO_WEB, INDICADOR_VISIBLE_DEFECTO, ESTADO, USUARIO_CREACION, FECHA_CREACION, USUARIO_ACTUALIZACION, FECHA_ACTUALIZACION) VALUES ('SUPERVISOR DE RIESGOS', 'soli', 1, 1, 'OSCHUP', '2015-04-08 00:00:00.0', 'OSCHUP', '2015-04-08 00:00:00.0');
INSERT INTO BFP_PORTAL.BFPBM_PERFIL_MODULO_WEB(CODIGO_PERFIL, CODIGO_MODULO_WEB, INDICADOR_VISIBLE_DEFECTO, ESTADO, USUARIO_CREACION, FECHA_CREACION, USUARIO_ACTUALIZACION, FECHA_ACTUALIZACION) VALUES ('VERIFICADOR PAGUE YA', 'soli', 1, 1, 'OSCHUP', '2015-04-08 00:00:00.0', 'OSCHUP', '2015-04-08 00:00:00.0');
INSERT INTO BFP_PORTAL.BFPBM_PERFIL_MODULO_WEB(CODIGO_PERFIL, CODIGO_MODULO_WEB, INDICADOR_VISIBLE_DEFECTO, ESTADO, USUARIO_CREACION, FECHA_CREACION, USUARIO_ACTUALIZACION, FECHA_ACTUALIZACION) VALUES ('ASISTENTE DE DIGITACION', 'nuev', 1, 1, 'DEMO', '2014-11-18 12:27:05.661801', 'DEMO', '2014-11-18 12:27:05.661801');
INSERT INTO BFP_PORTAL.BFPBM_PERFIL_MODULO_WEB(CODIGO_PERFIL, CODIGO_MODULO_WEB, INDICADOR_VISIBLE_DEFECTO, ESTADO, USUARIO_CREACION, FECHA_CREACION, USUARIO_ACTUALIZACION, FECHA_ACTUALIZACION) VALUES ('EJECUTIVO DE VENTAS', 'repo', 1, 1, 'DEMO', '2014-11-18 12:27:05.670546', 'DEMO', '2014-11-18 12:27:05.670546');
INSERT INTO BFP_PORTAL.BFPBM_PERFIL_MODULO_WEB(CODIGO_PERFIL, CODIGO_MODULO_WEB, INDICADOR_VISIBLE_DEFECTO, ESTADO, USUARIO_CREACION, FECHA_CREACION, USUARIO_ACTUALIZACION, FECHA_ACTUALIZACION) VALUES ('FUNCIONARIO DE NEGOCIO', 'mant', 1, 1, 'OSCHUP', '2015-01-29 16:54:42.0', 'OSCHUP', '2015-01-29 16:55:06.0');
INSERT INTO BFP_PORTAL.BFPBM_PERFIL_MODULO_WEB(CODIGO_PERFIL, CODIGO_MODULO_WEB, INDICADOR_VISIBLE_DEFECTO, ESTADO, USUARIO_CREACION, FECHA_CREACION, USUARIO_ACTUALIZACION, FECHA_ACTUALIZACION) VALUES ('ADMINISTRADOR DE PROCESO', 'mant', 1, 1, 'OSCHUP', '2014-11-12 14:41:44.512101', 'OSCHUP', '2014-11-12 14:41:44.512101');
INSERT INTO BFP_PORTAL.BFPBM_PERFIL_MODULO_WEB(CODIGO_PERFIL, CODIGO_MODULO_WEB, INDICADOR_VISIBLE_DEFECTO, ESTADO, USUARIO_CREACION, FECHA_CREACION, USUARIO_ACTUALIZACION, FECHA_ACTUALIZACION) VALUES ('ASISTENTE DE VISADO', 'soli', 1, 1, 'OSCHUP', '2015-04-08 00:00:00.0', 'OSCHUP', '2015-04-08 00:00:00.0');
INSERT INTO BFP_PORTAL.BFPBM_PERFIL_MODULO_WEB(CODIGO_PERFIL, CODIGO_MODULO_WEB, INDICADOR_VISIBLE_DEFECTO, ESTADO, USUARIO_CREACION, FECHA_CREACION, USUARIO_ACTUALIZACION, FECHA_ACTUALIZACION) VALUES ('BE ANALISTA DE VISADO', 'mant', 1, 1, 'OSCHUP', '2015-05-21 11:59:47.0', 'OSCHUP', '2015-05-21 11:59:52.0');
INSERT INTO BFP_PORTAL.BFPBM_PERFIL_MODULO_WEB(CODIGO_PERFIL, CODIGO_MODULO_WEB, INDICADOR_VISIBLE_DEFECTO, ESTADO, USUARIO_CREACION, FECHA_CREACION, USUARIO_ACTUALIZACION, FECHA_ACTUALIZACION) VALUES ('EJECUTIVO DE VENTAS', 'nuev', 1, 1, 'DEMO', '2014-11-18 12:27:05.612712', 'DEMO', '2014-11-18 12:27:05.612712');
INSERT INTO BFP_PORTAL.BFPBM_PERFIL_MODULO_WEB(CODIGO_PERFIL, CODIGO_MODULO_WEB, INDICADOR_VISIBLE_DEFECTO, ESTADO, USUARIO_CREACION, FECHA_CREACION, USUARIO_ACTUALIZACION, FECHA_ACTUALIZACION) VALUES ('ASISTENTE DE OPERACIONES', 'soli', 1, 1, 'OSCHUP', '2015-04-08 00:00:00.0', 'OSCHUP', '2015-04-08 00:00:00.0');
INSERT INTO BFP_PORTAL.BFPBM_PERFIL_MODULO_WEB(CODIGO_PERFIL, CODIGO_MODULO_WEB, INDICADOR_VISIBLE_DEFECTO, ESTADO, USUARIO_CREACION, FECHA_CREACION, USUARIO_ACTUALIZACION, FECHA_ACTUALIZACION) VALUES ('OFICIAL DE CUMPLIMIENTO', 'soli', 1, 1, 'OSCHUP', '2015-04-08 00:00:00.0', 'OSCHUP', '2015-04-08 00:00:00.0');
INSERT INTO BFP_PORTAL.BFPBM_PERFIL_MODULO_WEB(CODIGO_PERFIL, CODIGO_MODULO_WEB, INDICADOR_VISIBLE_DEFECTO, ESTADO, USUARIO_CREACION, FECHA_CREACION, USUARIO_ACTUALIZACION, FECHA_ACTUALIZACION) VALUES ('ANALISTA DE DESEMBOLSO', 'soli', 1, 1, 'OSCHUP', '2015-04-08 00:00:00.0', 'OSCHUP', '2015-04-08 00:00:00.0');
INSERT INTO BFP_PORTAL.BFPBM_PERFIL_MODULO_WEB(CODIGO_PERFIL, CODIGO_MODULO_WEB, INDICADOR_VISIBLE_DEFECTO, ESTADO, USUARIO_CREACION, FECHA_CREACION, USUARIO_ACTUALIZACION, FECHA_ACTUALIZACION) VALUES ('BC ASISTENTE DE OPERACIONES', 'soli', 1, 1, 'OSCHUP', '2015-04-08 00:00:00.0', 'OSCHUP', '2015-04-08 00:00:00.0');
INSERT INTO BFP_PORTAL.BFPBM_PERFIL_MODULO_WEB(CODIGO_PERFIL, CODIGO_MODULO_WEB, INDICADOR_VISIBLE_DEFECTO, ESTADO, USUARIO_CREACION, FECHA_CREACION, USUARIO_ACTUALIZACION, FECHA_ACTUALIZACION) VALUES ('ASISTENTE DE CONTROL DE CALIDAD', 'soli', 1, 1, 'OSCHUP', '2015-04-08 00:00:00.0', 'OSCHUP', '2015-04-08 00:00:00.0');
INSERT INTO BFP_PORTAL.BFPBM_PERFIL_MODULO_WEB(CODIGO_PERFIL, CODIGO_MODULO_WEB, INDICADOR_VISIBLE_DEFECTO, ESTADO, USUARIO_CREACION, FECHA_CREACION, USUARIO_ACTUALIZACION, FECHA_ACTUALIZACION) VALUES ('SUPERVISOR DE RIESGOS', 'tare', 1, 1, 'DEMO', '2015-02-06 00:00:00.0', 'DEMO', '2015-02-06 00:00:00.0');
INSERT INTO BFP_PORTAL.BFPBM_PERFIL_MODULO_WEB(CODIGO_PERFIL, CODIGO_MODULO_WEB, INDICADOR_VISIBLE_DEFECTO, ESTADO, USUARIO_CREACION, FECHA_CREACION, USUARIO_ACTUALIZACION, FECHA_ACTUALIZACION) VALUES ('BE ANALISTA DE VISADO', 'nuev', 1, 1, 'OSCHUP', '2015-04-08 00:00:00.0', 'OSCHUP', '2015-04-08 00:00:00.0');
INSERT INTO BFP_PORTAL.BFPBM_PERFIL_MODULO_WEB(CODIGO_PERFIL, CODIGO_MODULO_WEB, INDICADOR_VISIBLE_DEFECTO, ESTADO, USUARIO_CREACION, FECHA_CREACION, USUARIO_ACTUALIZACION, FECHA_ACTUALIZACION) VALUES ('BE ANALISTA DE VISADO', 'soli', 1, 1, 'OSCHUP', '2015-05-20 12:01:51.0', 'OSCHUP', '2015-05-20 12:02:41.0');
INSERT INTO BFP_PORTAL.BFPBM_PERFIL_MODULO_WEB(CODIGO_PERFIL, CODIGO_MODULO_WEB, INDICADOR_VISIBLE_DEFECTO, ESTADO, USUARIO_CREACION, FECHA_CREACION, USUARIO_ACTUALIZACION, FECHA_ACTUALIZACION) VALUES ('ANALISTA DE CREDITOS', 'soli', 1, 1, 'OSCHUP', '2015-04-08 00:00:00.0', 'OSCHUP', '2015-04-08 00:00:00.0');
INSERT INTO BFP_PORTAL.BFPBM_PERFIL_MODULO_WEB(CODIGO_PERFIL, CODIGO_MODULO_WEB, INDICADOR_VISIBLE_DEFECTO, ESTADO, USUARIO_CREACION, FECHA_CREACION, USUARIO_ACTUALIZACION, FECHA_ACTUALIZACION) VALUES ('EJECUTIVO DE VENTAS', 'soli', 1, 1, 'OSCHUP', '2015-04-08 00:00:00.0', 'OSCHUP', '2015-04-08 00:00:00.0');
INSERT INTO BFP_PORTAL.BFPBM_PERFIL_MODULO_WEB(CODIGO_PERFIL, CODIGO_MODULO_WEB, INDICADOR_VISIBLE_DEFECTO, ESTADO, USUARIO_CREACION, FECHA_CREACION, USUARIO_ACTUALIZACION, FECHA_ACTUALIZACION) VALUES ('BE ANALISTA DE VISADO', 'repo', 1, 1, 'OSCHUP', '2015-05-21 12:00:04.0', 'OSCHUP', '2015-05-21 12:00:07.0');
INSERT INTO BFP_PORTAL.BFPBM_PERFIL_MODULO_WEB(CODIGO_PERFIL, CODIGO_MODULO_WEB, INDICADOR_VISIBLE_DEFECTO, ESTADO, USUARIO_CREACION, FECHA_CREACION, USUARIO_ACTUALIZACION, FECHA_ACTUALIZACION) VALUES ('BE FUNCIONARIO DE NEGOCIO', 'mant', 1, 1, 'OSCHUP', '2015-06-18 10:38:32.0', 'OSCHUP', '2015-06-18 10:38:35.0');
INSERT INTO BFP_PORTAL.BFPBM_PERFIL_MODULO_WEB(CODIGO_PERFIL, CODIGO_MODULO_WEB, INDICADOR_VISIBLE_DEFECTO, ESTADO, USUARIO_CREACION, FECHA_CREACION, USUARIO_ACTUALIZACION, FECHA_ACTUALIZACION) VALUES ('BPM CONSULTAS', 'soli', 1, 1, 'CESCAR', '2015-06-22 17:03:14.980578', 'CESCAR', '2015-06-22 17:03:14.980578');
INSERT INTO BFP_PORTAL.BFPBM_PERFIL_MODULO_WEB(CODIGO_PERFIL, CODIGO_MODULO_WEB, INDICADOR_VISIBLE_DEFECTO, ESTADO, USUARIO_CREACION, FECHA_CREACION, USUARIO_ACTUALIZACION, FECHA_ACTUALIZACION) VALUES ('BPM CONSULTAS', 'repo', 1, 1, 'CESCAR', '2015-06-22 17:03:14.980578', 'CESCAR', '2015-06-22 17:03:14.980578');
INSERT INTO BFP_PORTAL.BFPBM_PERFIL_MODULO_WEB(CODIGO_PERFIL, CODIGO_MODULO_WEB, INDICADOR_VISIBLE_DEFECTO, ESTADO, USUARIO_CREACION, FECHA_CREACION, USUARIO_ACTUALIZACION, FECHA_ACTUALIZACION) VALUES ('ANALISTA DE CREDITOS', 'repo', 1, 1, 'CESCAR', '2015-06-23 14:21:43.738052', 'CESCAR', '2015-06-23 14:21:43.738052');
INSERT INTO BFP_PORTAL.BFPBM_PERFIL_MODULO_WEB(CODIGO_PERFIL, CODIGO_MODULO_WEB, INDICADOR_VISIBLE_DEFECTO, ESTADO, USUARIO_CREACION, FECHA_CREACION, USUARIO_ACTUALIZACION, FECHA_ACTUALIZACION) VALUES ('BE ADMINISTRADOR DE CARTA FIANZA', 'mant', 1, 1, 'OSCHUP', '2015-07-01 17:56:24.0', 'OSCHUP', '2015-07-01 17:56:29.0');
INSERT INTO BFP_PORTAL.BFPBM_PERFIL_MODULO_WEB(CODIGO_PERFIL, CODIGO_MODULO_WEB, INDICADOR_VISIBLE_DEFECTO, ESTADO, USUARIO_CREACION, FECHA_CREACION, USUARIO_ACTUALIZACION, FECHA_ACTUALIZACION) VALUES ('ASISTENTE DE CONTROL DE CALIDAD', 'repo', 1, 1, 'CESCAR', '2015-07-02 17:07:38.849364', 'CESCAR', '2015-07-02 17:07:38.849364');
INSERT INTO BFP_PORTAL.BFPBM_PERFIL_MODULO_WEB(CODIGO_PERFIL, CODIGO_MODULO_WEB, INDICADOR_VISIBLE_DEFECTO, ESTADO, USUARIO_CREACION, FECHA_CREACION, USUARIO_ACTUALIZACION, FECHA_ACTUALIZACION) VALUES ('ASISTENTE DE VISADO', 'repo', 1, 1, 'CESCAR', '2015-07-08 14:51:49.342937', 'CESCAR', '2015-07-08 14:51:49.342937');
INSERT INTO BFP_PORTAL.BFPBM_PERFIL_PROCESO_MODULO_WEB(CODIGO_PERFIL, CODIGO_UNIDAD_NEGOCIO, CODIGO_PRODUCTO, CODIGO_PROCESO, CODIGO_MODULO_WEB, ESTADO, USUARIO_CREACION, FECHA_CREACION, USUARIO_ACTUALIZACION, FECHA_ACTUALIZACION) VALUES ('ANALISTA DE VISADO', 'BE', 'CF', 'BECFEM', 'tare', 1, 'OSCHUP', '2014-10-15 17:04:57.0', 'OSCHUP', '2014-10-15 17:04:57.0');
INSERT INTO BFP_PORTAL.BFPBM_PERFIL_PROCESO_MODULO_WEB(CODIGO_PERFIL, CODIGO_UNIDAD_NEGOCIO, CODIGO_PRODUCTO, CODIGO_PROCESO, CODIGO_MODULO_WEB, ESTADO, USUARIO_CREACION, FECHA_CREACION, USUARIO_ACTUALIZACION, FECHA_ACTUALIZACION) VALUES ('GERENTE DE GRUPO', 'BE', 'CF', 'BECFEM', 'tare', 1, 'OSCHUP', '2014-10-15 17:04:57.0', 'OSCHUP', '2014-10-15 17:04:57.0');
INSERT INTO BFP_PORTAL.BFPBM_PERFIL_PROCESO_MODULO_WEB(CODIGO_PERFIL, CODIGO_UNIDAD_NEGOCIO, CODIGO_PRODUCTO, CODIGO_PROCESO, CODIGO_MODULO_WEB, ESTADO, USUARIO_CREACION, FECHA_CREACION, USUARIO_ACTUALIZACION, FECHA_ACTUALIZACION) VALUES ('NINGUN PERFIL', 'BE', 'CF', 'BECFEM', 'tare', 1, 'OSCHUP', '2014-10-15 17:04:57.0', 'OSCHUP', '2014-10-15 17:05:01.0');
INSERT INTO BFP_PORTAL.BFPBM_PERFIL_PROCESO_MODULO_WEB(CODIGO_PERFIL, CODIGO_UNIDAD_NEGOCIO, CODIGO_PRODUCTO, CODIGO_PROCESO, CODIGO_MODULO_WEB, ESTADO, USUARIO_CREACION, FECHA_CREACION, USUARIO_ACTUALIZACION, FECHA_ACTUALIZACION) VALUES ('FUNCIONARIO DE NEGOCIO', 'BE', 'CF', 'BECFEM', 'tare', 1, 'OSCHUP', '2014-10-15 17:04:57.0', 'OSCHUP', '2014-10-15 17:04:57.0');
INSERT INTO BFP_PORTAL.BFPBM_PERFIL_PROCESO_MODULO_WEB(CODIGO_PERFIL, CODIGO_UNIDAD_NEGOCIO, CODIGO_PRODUCTO, CODIGO_PROCESO, CODIGO_MODULO_WEB, ESTADO, USUARIO_CREACION, FECHA_CREACION, USUARIO_ACTUALIZACION, FECHA_ACTUALIZACION) VALUES ('ADMINISTRADOR DE PROCESO', 'BE', 'CF', 'BECFEM', 'mant', 1, 'OSCHUP', '2014-11-12 14:41:44.549515', 'OSCHUP', '2014-11-12 14:41:44.549515');
INSERT INTO BFP_PORTAL.BFPBM_PERFIL_PROCESO_MODULO_WEB(CODIGO_PERFIL, CODIGO_UNIDAD_NEGOCIO, CODIGO_PRODUCTO, CODIGO_PROCESO, CODIGO_MODULO_WEB, ESTADO, USUARIO_CREACION, FECHA_CREACION, USUARIO_ACTUALIZACION, FECHA_ACTUALIZACION) VALUES ('ANALISTA DE VISADO', 'BE', 'CF', 'BECFEM', 'nuev', 1, 'OSCHUP', '2014-11-12 14:41:44.56322', 'OSCHUP', '2014-11-12 14:41:44.56322');
INSERT INTO BFP_PORTAL.BFPBM_PERFIL_PROCESO_MODULO_WEB(CODIGO_PERFIL, CODIGO_UNIDAD_NEGOCIO, CODIGO_PRODUCTO, CODIGO_PROCESO, CODIGO_MODULO_WEB, ESTADO, USUARIO_CREACION, FECHA_CREACION, USUARIO_ACTUALIZACION, FECHA_ACTUALIZACION) VALUES ('BE ANALISTA DE VISADO', 'BE', 'CF', 'BECFRE', 'nuev', 1, 'OSCHUP', '2015-07-08 10:41:22.0', 'OSCHUP', '2015-07-08 10:41:26.0');
INSERT INTO BFP_PORTAL.BFPBM_PERFIL_PROCESO_MODULO_WEB(CODIGO_PERFIL, CODIGO_UNIDAD_NEGOCIO, CODIGO_PRODUCTO, CODIGO_PROCESO, CODIGO_MODULO_WEB, ESTADO, USUARIO_CREACION, FECHA_CREACION, USUARIO_ACTUALIZACION, FECHA_ACTUALIZACION) VALUES ('FUNCIONARIO DE NEGOCIO', 'BE', 'CF', 'BECFEM', 'repo', 1, 'OSCHUP', '2014-11-12 14:41:44.580358', 'OSCHUP', '2014-11-12 14:41:44.580358');
INSERT INTO BFP_PORTAL.BFPBM_PERFIL_PROCESO_MODULO_WEB(CODIGO_PERFIL, CODIGO_UNIDAD_NEGOCIO, CODIGO_PRODUCTO, CODIGO_PROCESO, CODIGO_MODULO_WEB, ESTADO, USUARIO_CREACION, FECHA_CREACION, USUARIO_ACTUALIZACION, FECHA_ACTUALIZACION) VALUES ('ANALISTA DE AUTORIZACION', 'BE', 'CF', 'BECFEM', 'tare', 1, 'ALIBEN', '2014-10-15 17:04:57.0', 'ALIBEN', '2014-10-15 17:05:01.0');
INSERT INTO BFP_PORTAL.BFPBM_PERFIL_PROCESO_MODULO_WEB(CODIGO_PERFIL, CODIGO_UNIDAD_NEGOCIO, CODIGO_PRODUCTO, CODIGO_PROCESO, CODIGO_MODULO_WEB, ESTADO, USUARIO_CREACION, FECHA_CREACION, USUARIO_ACTUALIZACION, FECHA_ACTUALIZACION) VALUES ('ANALISTA DE CREDITOS', 'BC', 'PLD', 'PLDSG', 'soli', 1, 'OSCHUP', '2015-04-08 00:00:00.0', 'OSCHUP', '2015-04-08 00:00:00.0');
INSERT INTO BFP_PORTAL.BFPBM_PERFIL_PROCESO_MODULO_WEB(CODIGO_PERFIL, CODIGO_UNIDAD_NEGOCIO, CODIGO_PRODUCTO, CODIGO_PROCESO, CODIGO_MODULO_WEB, ESTADO, USUARIO_CREACION, FECHA_CREACION, USUARIO_ACTUALIZACION, FECHA_ACTUALIZACION) VALUES ('SUPERVISOR DE RIESGOS', 'BC', 'PLD', 'PLDSG', 'soli', 1, 'OSCHUP', '2015-04-08 00:00:00.0', 'OSCHUP', '2015-04-08 00:00:00.0');
INSERT INTO BFP_PORTAL.BFPBM_PERFIL_PROCESO_MODULO_WEB(CODIGO_PERFIL, CODIGO_UNIDAD_NEGOCIO, CODIGO_PRODUCTO, CODIGO_PROCESO, CODIGO_MODULO_WEB, ESTADO, USUARIO_CREACION, FECHA_CREACION, USUARIO_ACTUALIZACION, FECHA_ACTUALIZACION) VALUES ('ASISTENTE DE DIGITACION', 'BC', 'PLD', 'PLDSG', 'nuev', 1, 'DEMO', '2014-11-18 12:27:05.741405', 'DEMO', '2014-11-18 12:27:05.741405');
INSERT INTO BFP_PORTAL.BFPBM_PERFIL_PROCESO_MODULO_WEB(CODIGO_PERFIL, CODIGO_UNIDAD_NEGOCIO, CODIGO_PRODUCTO, CODIGO_PROCESO, CODIGO_MODULO_WEB, ESTADO, USUARIO_CREACION, FECHA_CREACION, USUARIO_ACTUALIZACION, FECHA_ACTUALIZACION) VALUES ('EJECUTIVO DE VENTAS', 'BC', 'PLD', 'PLDSG', 'repo', 1, 'DEMO', '2014-11-18 12:27:05.753778', 'DEMO', '2014-11-18 12:27:05.753778');
INSERT INTO BFP_PORTAL.BFPBM_PERFIL_PROCESO_MODULO_WEB(CODIGO_PERFIL, CODIGO_UNIDAD_NEGOCIO, CODIGO_PRODUCTO, CODIGO_PROCESO, CODIGO_MODULO_WEB, ESTADO, USUARIO_CREACION, FECHA_CREACION, USUARIO_ACTUALIZACION, FECHA_ACTUALIZACION) VALUES ('EJECUTIVO DE VENTAS', 'BC', 'PLD', 'PLDSG', 'tare', 1, 'DEMO', '2014-11-18 12:44:34.712113', 'DEMO', '2014-11-18 12:44:34.712113');
INSERT INTO BFP_PORTAL.BFPBM_PERFIL_PROCESO_MODULO_WEB(CODIGO_PERFIL, CODIGO_UNIDAD_NEGOCIO, CODIGO_PRODUCTO, CODIGO_PROCESO, CODIGO_MODULO_WEB, ESTADO, USUARIO_CREACION, FECHA_CREACION, USUARIO_ACTUALIZACION, FECHA_ACTUALIZACION) VALUES ('NINGUN PERFIL', 'BC', 'PLD', 'PLDSG', 'tare', 1, 'OSCHUP', '2014-12-22 15:05:11.0', 'OSCHUP', '2014-12-22 15:05:15.0');
INSERT INTO BFP_PORTAL.BFPBM_PERFIL_PROCESO_MODULO_WEB(CODIGO_PERFIL, CODIGO_UNIDAD_NEGOCIO, CODIGO_PRODUCTO, CODIGO_PROCESO, CODIGO_MODULO_WEB, ESTADO, USUARIO_CREACION, FECHA_CREACION, USUARIO_ACTUALIZACION, FECHA_ACTUALIZACION) VALUES ('ANALISTA DE DESEMBOLSO', 'BC', 'PLD', 'PLDSG', 'tare', 1, 'OSCHUP', '2014-12-19 09:32:32.0', 'OSCHUP', '2014-12-19 09:32:35.0');
INSERT INTO BFP_PORTAL.BFPBM_PERFIL_PROCESO_MODULO_WEB(CODIGO_PERFIL, CODIGO_UNIDAD_NEGOCIO, CODIGO_PRODUCTO, CODIGO_PROCESO, CODIGO_MODULO_WEB, ESTADO, USUARIO_CREACION, FECHA_CREACION, USUARIO_ACTUALIZACION, FECHA_ACTUALIZACION) VALUES ('EJECUTIVO DE VENTAS', 'BC', 'PLD', 'PLDSG', 'nuev', 1, 'DEMO', '2014-11-18 12:27:05.688058', 'DEMO', '2014-11-18 12:27:05.688058');
INSERT INTO BFP_PORTAL.BFPBM_PERFIL_PROCESO_MODULO_WEB(CODIGO_PERFIL, CODIGO_UNIDAD_NEGOCIO, CODIGO_PRODUCTO, CODIGO_PROCESO, CODIGO_MODULO_WEB, ESTADO, USUARIO_CREACION, FECHA_CREACION, USUARIO_ACTUALIZACION, FECHA_ACTUALIZACION) VALUES ('ASISTENTE DE DIGITACION', 'BC', 'PLD', 'PLDSG', 'tare', 1, 'OSCHUP', '2014-12-23 09:32:00.0', 'OSCHUP', '2014-12-23 09:32:04.0');
INSERT INTO BFP_PORTAL.BFPBM_PERFIL_PROCESO_MODULO_WEB(CODIGO_PERFIL, CODIGO_UNIDAD_NEGOCIO, CODIGO_PRODUCTO, CODIGO_PROCESO, CODIGO_MODULO_WEB, ESTADO, USUARIO_CREACION, FECHA_CREACION, USUARIO_ACTUALIZACION, FECHA_ACTUALIZACION) VALUES ('ASISTENTE DE CONTROL DE CALIDAD', 'BC', 'PLD', 'PLDSG', 'tare', 1, 'OSCHUP', '2014-12-23 10:03:12.0', 'OSCHUP', '2014-12-23 10:03:16.0');
INSERT INTO BFP_PORTAL.BFPBM_PERFIL_PROCESO_MODULO_WEB(CODIGO_PERFIL, CODIGO_UNIDAD_NEGOCIO, CODIGO_PRODUCTO, CODIGO_PROCESO, CODIGO_MODULO_WEB, ESTADO, USUARIO_CREACION, FECHA_CREACION, USUARIO_ACTUALIZACION, FECHA_ACTUALIZACION) VALUES ('EJECUTIVO DE VENTAS', 'BC', 'PLD', 'PLDSG', 'soli', 1, 'OSCHUP', '2015-04-08 00:00:00.0', 'OSCHUP', '2015-04-08 00:00:00.0');
INSERT INTO BFP_PORTAL.BFPBM_PERFIL_PROCESO_MODULO_WEB(CODIGO_PERFIL, CODIGO_UNIDAD_NEGOCIO, CODIGO_PRODUCTO, CODIGO_PROCESO, CODIGO_MODULO_WEB, ESTADO, USUARIO_CREACION, FECHA_CREACION, USUARIO_ACTUALIZACION, FECHA_ACTUALIZACION) VALUES ('SUPERVISOR DE OPERACIONES', 'BE', 'CF', 'BECFEM', 'tare', 1, 'JCABANILLAS', '2015-01-15 11:44:39.0', 'JCABANILLAS', '2015-01-15 11:44:45.0');
INSERT INTO BFP_PORTAL.BFPBM_PERFIL_PROCESO_MODULO_WEB(CODIGO_PERFIL, CODIGO_UNIDAD_NEGOCIO, CODIGO_PRODUCTO, CODIGO_PROCESO, CODIGO_MODULO_WEB, ESTADO, USUARIO_CREACION, FECHA_CREACION, USUARIO_ACTUALIZACION, FECHA_ACTUALIZACION) VALUES ('VERIFICADOR PAGUE YA', 'BC', 'PLD', 'PLDSG', 'tare', 1, 'OSCHUP', '2015-01-20 14:43:19.0', 'OSCHUP', '2015-01-20 14:43:25.0');
INSERT INTO BFP_PORTAL.BFPBM_PERFIL_PROCESO_MODULO_WEB(CODIGO_PERFIL, CODIGO_UNIDAD_NEGOCIO, CODIGO_PRODUCTO, CODIGO_PROCESO, CODIGO_MODULO_WEB, ESTADO, USUARIO_CREACION, FECHA_CREACION, USUARIO_ACTUALIZACION, FECHA_ACTUALIZACION) VALUES ('ASISTENTE DE DIGITACION', 'BC', 'PLD', 'PLDSG', 'soli', 1, 'OSCHUP', '2015-04-08 00:00:00.0', 'OSCHUP', '2015-04-08 00:00:00.0');
INSERT INTO BFP_PORTAL.BFPBM_PERFIL_PROCESO_MODULO_WEB(CODIGO_PERFIL, CODIGO_UNIDAD_NEGOCIO, CODIGO_PRODUCTO, CODIGO_PROCESO, CODIGO_MODULO_WEB, ESTADO, USUARIO_CREACION, FECHA_CREACION, USUARIO_ACTUALIZACION, FECHA_ACTUALIZACION) VALUES ('OFICIAL DE CUMPLIMIENTO', 'BC', 'PLD', 'PLDSG', 'tare', 1, 'OSCHUP', '2015-01-23 12:02:31.0', 'OSCHUP', '2015-01-23 12:02:38.0');
INSERT INTO BFP_PORTAL.BFPBM_PERFIL_PROCESO_MODULO_WEB(CODIGO_PERFIL, CODIGO_UNIDAD_NEGOCIO, CODIGO_PRODUCTO, CODIGO_PROCESO, CODIGO_MODULO_WEB, ESTADO, USUARIO_CREACION, FECHA_CREACION, USUARIO_ACTUALIZACION, FECHA_ACTUALIZACION) VALUES ('SUPERVISOR DE RIESGOS', 'BC', 'PLD', 'PLDSG', 'tare', 1, 'OSCHUP', '2015-01-23 12:36:44.0', 'OSCHUP', '2015-01-23 12:36:51.0');
INSERT INTO BFP_PORTAL.BFPBM_PERFIL_PROCESO_MODULO_WEB(CODIGO_PERFIL, CODIGO_UNIDAD_NEGOCIO, CODIGO_PRODUCTO, CODIGO_PROCESO, CODIGO_MODULO_WEB, ESTADO, USUARIO_CREACION, FECHA_CREACION, USUARIO_ACTUALIZACION, FECHA_ACTUALIZACION) VALUES ('ASISTENTE DE OPERACIONES', 'BC', 'PLD', 'PLDSG', 'tare', 1, 'OSCHUP', '2015-01-23 12:37:18.0', 'OSCHUP', '2015-01-23 12:37:24.0');
INSERT INTO BFP_PORTAL.BFPBM_PERFIL_PROCESO_MODULO_WEB(CODIGO_PERFIL, CODIGO_UNIDAD_NEGOCIO, CODIGO_PRODUCTO, CODIGO_PROCESO, CODIGO_MODULO_WEB, ESTADO, USUARIO_CREACION, FECHA_CREACION, USUARIO_ACTUALIZACION, FECHA_ACTUALIZACION) VALUES ('ASISTENTE DE VISADO', 'BC', 'PLD', 'PLDSG', 'tare', 1, 'OSCHUP', '2015-01-23 12:38:10.0', 'OSCHUP', '2015-01-23 12:38:19.0');
INSERT INTO BFP_PORTAL.BFPBM_PERFIL_PROCESO_MODULO_WEB(CODIGO_PERFIL, CODIGO_UNIDAD_NEGOCIO, CODIGO_PRODUCTO, CODIGO_PROCESO, CODIGO_MODULO_WEB, ESTADO, USUARIO_CREACION, FECHA_CREACION, USUARIO_ACTUALIZACION, FECHA_ACTUALIZACION) VALUES ('FUNCIONARIO DE NEGOCIO', 'BE', 'CF', 'BECFEM', 'mant', 1, 'OSCHUP', '2015-01-29 16:55:33.0', 'OSCHUP', '2015-01-29 16:55:40.0');
INSERT INTO BFP_PORTAL.BFPBM_PERFIL_PROCESO_MODULO_WEB(CODIGO_PERFIL, CODIGO_UNIDAD_NEGOCIO, CODIGO_PRODUCTO, CODIGO_PROCESO, CODIGO_MODULO_WEB, ESTADO, USUARIO_CREACION, FECHA_CREACION, USUARIO_ACTUALIZACION, FECHA_ACTUALIZACION) VALUES ('BC ASISTENTE DE OPERACIONES', 'BC', 'PLD', 'PLDSG', 'tare', 1, 'BPMUSR', '2015-02-02 16:55:21.681214', 'BPMUSR', '2015-02-02 16:55:21.681214');
INSERT INTO BFP_PORTAL.BFPBM_PERFIL_PROCESO_MODULO_WEB(CODIGO_PERFIL, CODIGO_UNIDAD_NEGOCIO, CODIGO_PRODUCTO, CODIGO_PROCESO, CODIGO_MODULO_WEB, ESTADO, USUARIO_CREACION, FECHA_CREACION, USUARIO_ACTUALIZACION, FECHA_ACTUALIZACION) VALUES ('VERIFICADOR PAGUE YA', 'BC', 'PLD', 'PLDSG', 'soli', 1, 'OSCHUP', '2015-04-08 00:00:00.0', 'OSCHUP', '2015-04-08 00:00:00.0');
INSERT INTO BFP_PORTAL.BFPBM_PERFIL_PROCESO_MODULO_WEB(CODIGO_PERFIL, CODIGO_UNIDAD_NEGOCIO, CODIGO_PRODUCTO, CODIGO_PROCESO, CODIGO_MODULO_WEB, ESTADO, USUARIO_CREACION, FECHA_CREACION, USUARIO_ACTUALIZACION, FECHA_ACTUALIZACION) VALUES ('ANALISTA DE CREDITOS', 'BC', 'PLD', 'PLDSG', 'tare', 1, 'OSCHUP', '2015-04-08 10:34:24.0', 'OSCHUP', '2015-04-08 10:34:35.0');
INSERT INTO BFP_PORTAL.BFPBM_PERFIL_PROCESO_MODULO_WEB(CODIGO_PERFIL, CODIGO_UNIDAD_NEGOCIO, CODIGO_PRODUCTO, CODIGO_PROCESO, CODIGO_MODULO_WEB, ESTADO, USUARIO_CREACION, FECHA_CREACION, USUARIO_ACTUALIZACION, FECHA_ACTUALIZACION) VALUES ('ASISTENTE DE VISADO', 'BC', 'PLD', 'PLDSG', 'soli', 1, 'OSCHUP', '2015-04-08 00:00:00.0', 'OSCHUP', '2015-04-08 00:00:00.0');
INSERT INTO BFP_PORTAL.BFPBM_PERFIL_PROCESO_MODULO_WEB(CODIGO_PERFIL, CODIGO_UNIDAD_NEGOCIO, CODIGO_PRODUCTO, CODIGO_PROCESO, CODIGO_MODULO_WEB, ESTADO, USUARIO_CREACION, FECHA_CREACION, USUARIO_ACTUALIZACION, FECHA_ACTUALIZACION) VALUES ('BC ASISTENTE DE OPERACIONES', 'BC', 'PLD', 'PLDSG', 'soli', 1, 'OSCHUP', '2015-04-08 00:00:00.0', 'OSCHUP', '2015-04-08 00:00:00.0');
INSERT INTO BFP_PORTAL.BFPBM_PERFIL_PROCESO_MODULO_WEB(CODIGO_PERFIL, CODIGO_UNIDAD_NEGOCIO, CODIGO_PRODUCTO, CODIGO_PROCESO, CODIGO_MODULO_WEB, ESTADO, USUARIO_CREACION, FECHA_CREACION, USUARIO_ACTUALIZACION, FECHA_ACTUALIZACION) VALUES ('ASISTENTE DE OPERACIONES', 'BC', 'PLD', 'PLDSG', 'soli', 1, 'OSCHUP', '2015-04-08 00:00:00.0', 'OSCHUP', '2015-04-08 00:00:00.0');
INSERT INTO BFP_PORTAL.BFPBM_PERFIL_PROCESO_MODULO_WEB(CODIGO_PERFIL, CODIGO_UNIDAD_NEGOCIO, CODIGO_PRODUCTO, CODIGO_PROCESO, CODIGO_MODULO_WEB, ESTADO, USUARIO_CREACION, FECHA_CREACION, USUARIO_ACTUALIZACION, FECHA_ACTUALIZACION) VALUES ('OFICIAL DE CUMPLIMIENTO', 'BC', 'PLD', 'PLDSG', 'soli', 1, 'OSCHUP', '2015-04-08 00:00:00.0', 'OSCHUP', '2015-04-08 00:00:00.0');
INSERT INTO BFP_PORTAL.BFPBM_PERFIL_PROCESO_MODULO_WEB(CODIGO_PERFIL, CODIGO_UNIDAD_NEGOCIO, CODIGO_PRODUCTO, CODIGO_PROCESO, CODIGO_MODULO_WEB, ESTADO, USUARIO_CREACION, FECHA_CREACION, USUARIO_ACTUALIZACION, FECHA_ACTUALIZACION) VALUES ('ASISTENTE DE CONTROL DE CALIDAD', 'BC', 'PLD', 'PLDSG', 'soli', 1, 'OSCHUP', '2015-04-08 00:00:00.0', 'OSCHUP', '2015-04-08 00:00:00.0');
INSERT INTO BFP_PORTAL.BFPBM_PERFIL_PROCESO_MODULO_WEB(CODIGO_PERFIL, CODIGO_UNIDAD_NEGOCIO, CODIGO_PRODUCTO, CODIGO_PROCESO, CODIGO_MODULO_WEB, ESTADO, USUARIO_CREACION, FECHA_CREACION, USUARIO_ACTUALIZACION, FECHA_ACTUALIZACION) VALUES ('ANALISTA DE DESEMBOLSO', 'BC', 'PLD', 'PLDSG', 'soli', 1, 'OSCHUP', '2015-04-08 00:00:00.0', 'OSCHUP', '2015-04-08 00:00:00.0');
INSERT INTO BFP_PORTAL.BFPBM_PERFIL_PROCESO_MODULO_WEB(CODIGO_PERFIL, CODIGO_UNIDAD_NEGOCIO, CODIGO_PRODUCTO, CODIGO_PROCESO, CODIGO_MODULO_WEB, ESTADO, USUARIO_CREACION, FECHA_CREACION, USUARIO_ACTUALIZACION, FECHA_ACTUALIZACION) VALUES ('BE ANALISTA DE VISADO', 'BE', 'CF', 'BECFEM', 'nuev', 1, 'OSCHUP', '2015-05-21 09:00:25.0', 'OSCHUP', '2015-05-21 09:00:30.0');
INSERT INTO BFP_PORTAL.BFPBM_PERFIL_PROCESO_MODULO_WEB(CODIGO_PERFIL, CODIGO_UNIDAD_NEGOCIO, CODIGO_PRODUCTO, CODIGO_PROCESO, CODIGO_MODULO_WEB, ESTADO, USUARIO_CREACION, FECHA_CREACION, USUARIO_ACTUALIZACION, FECHA_ACTUALIZACION) VALUES ('BE FUNCIONARIO DE NEGOCIO', 'BE', 'CF', 'BECFEM', 'mant', 1, 'OSCHUP', '2015-06-18 10:38:55.0', 'OSCHUP', '2015-06-18 10:39:00.0');
INSERT INTO BFP_PORTAL.BFPBM_PERFIL_PROCESO_MODULO_WEB(CODIGO_PERFIL, CODIGO_UNIDAD_NEGOCIO, CODIGO_PRODUCTO, CODIGO_PROCESO, CODIGO_MODULO_WEB, ESTADO, USUARIO_CREACION, FECHA_CREACION, USUARIO_ACTUALIZACION, FECHA_ACTUALIZACION) VALUES ('ANALISTA DE CREDITOS', 'BC', 'PLD', 'PLDSG', 'repo', 1, 'CESCAR', '2015-06-23 14:18:31.012083', 'CESCAR', '2015-06-23 14:18:31.012083');
INSERT INTO BFP_PORTAL.BFPBM_PERFIL_PROCESO_MODULO_WEB(CODIGO_PERFIL, CODIGO_UNIDAD_NEGOCIO, CODIGO_PRODUCTO, CODIGO_PROCESO, CODIGO_MODULO_WEB, ESTADO, USUARIO_CREACION, FECHA_CREACION, USUARIO_ACTUALIZACION, FECHA_ACTUALIZACION) VALUES ('ASISTENTE DE CONTROL DE CALIDAD', 'BC', 'PLD', 'PLDSG', 'repo', 1, 'CESCAR', '2015-07-02 17:07:40.972058', 'CESCAR', '2015-07-02 17:07:40.972058');
INSERT INTO BFP_PORTAL.BFPBM_PERFIL_PROCESO_MODULO_WEB(CODIGO_PERFIL, CODIGO_UNIDAD_NEGOCIO, CODIGO_PRODUCTO, CODIGO_PROCESO, CODIGO_MODULO_WEB, ESTADO, USUARIO_CREACION, FECHA_CREACION, USUARIO_ACTUALIZACION, FECHA_ACTUALIZACION) VALUES ('BE ANALISTA DE VISADO', 'BE', 'CF', 'BECFCA', 'nuev', 1, 'OSCHUP', '2015-07-07 14:41:45.0', 'OSCHUP', '2015-07-07 14:41:49.0');
INSERT INTO BFP_PORTAL.BFPBM_PERFIL_PROCESO_MODULO_WEB(CODIGO_PERFIL, CODIGO_UNIDAD_NEGOCIO, CODIGO_PRODUCTO, CODIGO_PROCESO, CODIGO_MODULO_WEB, ESTADO, USUARIO_CREACION, FECHA_CREACION, USUARIO_ACTUALIZACION, FECHA_ACTUALIZACION) VALUES ('BE ANALISTA DE VISADO', 'BE', 'CF', 'BECFCE', 'nuev', 1, 'OSCHUP', '2015-07-08 10:42:42.0', 'OSCHUP', '2015-07-08 10:42:47.0');
INSERT INTO BFP_PORTAL.BFPBM_PERFIL_PROCESO_MODULO_WEB(CODIGO_PERFIL, CODIGO_UNIDAD_NEGOCIO, CODIGO_PRODUCTO, CODIGO_PROCESO, CODIGO_MODULO_WEB, ESTADO, USUARIO_CREACION, FECHA_CREACION, USUARIO_ACTUALIZACION, FECHA_ACTUALIZACION) VALUES ('BE ANALISTA DE VISADO', 'BE', 'CF', 'BECFMO', 'nuev', 1, 'OSCHUP', '2015-07-08 12:26:52.0', 'OSCHUP', '2015-07-08 12:26:55.0');
INSERT INTO BFP_PORTAL.BFPBM_PERFIL_PROCESO_MODULO_WEB(CODIGO_PERFIL, CODIGO_UNIDAD_NEGOCIO, CODIGO_PRODUCTO, CODIGO_PROCESO, CODIGO_MODULO_WEB, ESTADO, USUARIO_CREACION, FECHA_CREACION, USUARIO_ACTUALIZACION, FECHA_ACTUALIZACION) VALUES ('ASISTENTE DE VISADO', 'BC', 'PLD', 'PLDSG', 'repo', 1, 'CESCAR', '2015-07-08 14:51:51.496887', 'CESCAR', '2015-07-08 14:51:51.496887');
INSERT INTO BFP_PORTAL.BFPBM_PERFIL_PROCESO_MODULO_WEB(CODIGO_PERFIL, CODIGO_UNIDAD_NEGOCIO, CODIGO_PRODUCTO, CODIGO_PROCESO, CODIGO_MODULO_WEB, ESTADO, USUARIO_CREACION, FECHA_CREACION, USUARIO_ACTUALIZACION, FECHA_ACTUALIZACION) VALUES ('BE ANALISTA DE VISADO', 'BE', 'CF', 'BECFEJ', 'nuev', 1, 'OSCHUP', '2015-07-08 16:18:45.0', 'OSCHUP', '2015-07-08 16:18:48.0');
INSERT INTO BFP_PORTAL.BFPBM_PERFIL_PROCESO_MODULO_WEB(CODIGO_PERFIL, CODIGO_UNIDAD_NEGOCIO, CODIGO_PRODUCTO, CODIGO_PROCESO, CODIGO_MODULO_WEB, ESTADO, USUARIO_CREACION, FECHA_CREACION, USUARIO_ACTUALIZACION, FECHA_ACTUALIZACION) VALUES ('ANALISTA DE AUTORIZACION', 'BE', 'CF', 'BECFCA', 'tare', 1, 'OSCHUP', '2015-07-10 14:37:17.0', 'OSCHUP', '2015-07-10 14:37:20.0');
INSERT INTO BFP_PORTAL.BFPBM_PERFIL_PROCESO_MODULO_WEB(CODIGO_PERFIL, CODIGO_UNIDAD_NEGOCIO, CODIGO_PRODUCTO, CODIGO_PROCESO, CODIGO_MODULO_WEB, ESTADO, USUARIO_CREACION, FECHA_CREACION, USUARIO_ACTUALIZACION, FECHA_ACTUALIZACION) VALUES ('NINGUN PERFIL', 'BE', 'CF', 'BECFCA', 'tare', 1, 'OSCHUP', '2015-07-10 14:42:18.0', 'OSCHUP', '2015-07-10 14:42:22.0');
INSERT INTO BFP_PORTAL.BFPBM_PERFIL_PRODUCTO_SUB_MODULO_WEB(CODIGO_PERFIL, CODIGO_PRODUCTO, CODIGO_UNIDAD_NEGOCIO, CODIGO_SUB_MODULO_WEB, ESTADO, USUARIO_CREACION, FECHA_CREACION, USUARIO_ACTUALIZACION, FECHA_ACTUALIZACION) VALUES ('FUNCIONARIO DE NEGOCIO', 'CF', 'BE', 'SOLIESTA', 1, 'OSCHUP', '2014-11-12 14:41:44.685137', 'OSCHUP', '2014-11-12 14:41:44.685137');
INSERT INTO BFP_PORTAL.BFPBM_PERFIL_PRODUCTO_SUB_MODULO_WEB(CODIGO_PERFIL, CODIGO_PRODUCTO, CODIGO_UNIDAD_NEGOCIO, CODIGO_SUB_MODULO_WEB, ESTADO, USUARIO_CREACION, FECHA_CREACION, USUARIO_ACTUALIZACION, FECHA_ACTUALIZACION) VALUES ('FUNCIONARIO DE NEGOCIO', 'CF', 'BE', 'SOLIDESC', 1, 'OSCHUP', '2014-11-12 14:41:44.710391', 'OSCHUP', '2014-11-12 14:41:44.710391');
INSERT INTO BFP_PORTAL.BFPBM_PERFIL_PRODUCTO_SUB_MODULO_WEB(CODIGO_PERFIL, CODIGO_PRODUCTO, CODIGO_UNIDAD_NEGOCIO, CODIGO_SUB_MODULO_WEB, ESTADO, USUARIO_CREACION, FECHA_CREACION, USUARIO_ACTUALIZACION, FECHA_ACTUALIZACION) VALUES ('FUNCIONARIO DE NEGOCIO', 'CF', 'BE', 'SOLIAPRO', 1, 'OSCHUP', '2014-11-12 14:41:44.719112', 'OSCHUP', '2014-11-12 14:41:44.719112');
INSERT INTO BFP_PORTAL.BFPBM_PERFIL_PRODUCTO_SUB_MODULO_WEB(CODIGO_PERFIL, CODIGO_PRODUCTO, CODIGO_UNIDAD_NEGOCIO, CODIGO_SUB_MODULO_WEB, ESTADO, USUARIO_CREACION, FECHA_CREACION, USUARIO_ACTUALIZACION, FECHA_ACTUALIZACION) VALUES ('FUNCIONARIO DE NEGOCIO', 'CF', 'BE', 'SOLIAUTO', 1, 'OSCHUP', '2014-11-12 14:41:44.878737', 'OSCHUP', '2014-11-12 14:41:44.878737');
INSERT INTO BFP_PORTAL.BFPBM_PERFIL_PRODUCTO_SUB_MODULO_WEB(CODIGO_PERFIL, CODIGO_PRODUCTO, CODIGO_UNIDAD_NEGOCIO, CODIGO_SUB_MODULO_WEB, ESTADO, USUARIO_CREACION, FECHA_CREACION, USUARIO_ACTUALIZACION, FECHA_ACTUALIZACION) VALUES ('FUNCIONARIO DE NEGOCIO', 'CF', 'BE', 'MantenimientoAcuerdoServicio', 1, 'OSCHUP', '2014-08-06 12:17:42.0', 'OSCHUP', '2014-08-06 12:17:42.0');
INSERT INTO BFP_PORTAL.BFPBM_PERFIL_PRODUCTO_SUB_MODULO_WEB(CODIGO_PERFIL, CODIGO_PRODUCTO, CODIGO_UNIDAD_NEGOCIO, CODIGO_SUB_MODULO_WEB, ESTADO, USUARIO_CREACION, FECHA_CREACION, USUARIO_ACTUALIZACION, FECHA_ACTUALIZACION) VALUES ('FUNCIONARIO DE NEGOCIO', 'CF', 'BE', 'MantenimientoAutonomiaFirmas', 1, 'OSCHUP', '2014-08-06 12:17:42.0', 'OSCHUP', '2014-08-06 12:17:42.0');
INSERT INTO BFP_PORTAL.BFPBM_PERFIL_PRODUCTO_SUB_MODULO_WEB(CODIGO_PERFIL, CODIGO_PRODUCTO, CODIGO_UNIDAD_NEGOCIO, CODIGO_SUB_MODULO_WEB, ESTADO, USUARIO_CREACION, FECHA_CREACION, USUARIO_ACTUALIZACION, FECHA_ACTUALIZACION) VALUES ('ASISTENTE DE VISADO', 'PLD', 'BC', 'PLD_ProductividadADC', 1, 'CESCAR', '2015-07-08 14:51:56.350139', 'CESCAR', '2015-07-08 14:51:56.350139');
INSERT INTO BFP_PORTAL.BFPBM_PERFIL_PRODUCTO_SUB_MODULO_WEB(CODIGO_PERFIL, CODIGO_PRODUCTO, CODIGO_UNIDAD_NEGOCIO, CODIGO_SUB_MODULO_WEB, ESTADO, USUARIO_CREACION, FECHA_CREACION, USUARIO_ACTUALIZACION, FECHA_ACTUALIZACION) VALUES ('EJECUTIVO DE VENTAS', 'PLD', 'BC', 'PLD_SOHI', 1, 'DEMO', '2014-11-18 12:27:05.816535', 'DEMO', '2014-11-18 12:27:05.816535');
INSERT INTO BFP_PORTAL.BFPBM_PERFIL_PRODUCTO_SUB_MODULO_WEB(CODIGO_PERFIL, CODIGO_PRODUCTO, CODIGO_UNIDAD_NEGOCIO, CODIGO_SUB_MODULO_WEB, ESTADO, USUARIO_CREACION, FECHA_CREACION, USUARIO_ACTUALIZACION, FECHA_ACTUALIZACION) VALUES ('FUNCIONARIO DE NEGOCIO', 'CF', 'BE', 'repo1', 1, 'RHERNANDEZ', '2014-08-15 19:46:09.0', 'RHERNANDEZ', '2014-08-15 19:46:11.0');
INSERT INTO BFP_PORTAL.BFPBM_PERFIL_PRODUCTO_SUB_MODULO_WEB(CODIGO_PERFIL, CODIGO_PRODUCTO, CODIGO_UNIDAD_NEGOCIO, CODIGO_SUB_MODULO_WEB, ESTADO, USUARIO_CREACION, FECHA_CREACION, USUARIO_ACTUALIZACION, FECHA_ACTUALIZACION) VALUES ('FUNCIONARIO DE NEGOCIO', 'CF', 'BE', 'repo2', 1, 'RHERNANDEZ', '2014-08-15 19:47:35.0', 'RHERNANDEZ', '2014-08-15 19:47:37.0');
INSERT INTO BFP_PORTAL.BFPBM_PERFIL_PRODUCTO_SUB_MODULO_WEB(CODIGO_PERFIL, CODIGO_PRODUCTO, CODIGO_UNIDAD_NEGOCIO, CODIGO_SUB_MODULO_WEB, ESTADO, USUARIO_CREACION, FECHA_CREACION, USUARIO_ACTUALIZACION, FECHA_ACTUALIZACION) VALUES ('FUNCIONARIO DE NEGOCIO', 'CF', 'BE', 'repo3', 1, 'RHERNANDEZ', '2014-08-15 19:48:05.0', 'RHERNANDEZ', '2014-08-15 19:48:08.0');
INSERT INTO BFP_PORTAL.BFPBM_PERFIL_PRODUCTO_SUB_MODULO_WEB(CODIGO_PERFIL, CODIGO_PRODUCTO, CODIGO_UNIDAD_NEGOCIO, CODIGO_SUB_MODULO_WEB, ESTADO, USUARIO_CREACION, FECHA_CREACION, USUARIO_ACTUALIZACION, FECHA_ACTUALIZACION) VALUES ('FUNCIONARIO DE NEGOCIO', 'CF', 'BE', 'repo4', 1, 'RHERNANDEZ', '2014-08-15 19:48:47.0', 'RHERNANDEZ', '2014-08-15 19:48:48.0');
INSERT INTO BFP_PORTAL.BFPBM_PERFIL_PRODUCTO_SUB_MODULO_WEB(CODIGO_PERFIL, CODIGO_PRODUCTO, CODIGO_UNIDAD_NEGOCIO, CODIGO_SUB_MODULO_WEB, ESTADO, USUARIO_CREACION, FECHA_CREACION, USUARIO_ACTUALIZACION, FECHA_ACTUALIZACION) VALUES ('FUNCIONARIO DE NEGOCIO', 'CF', 'BE', 'repo5', 1, 'RHERNANDEZ', '2014-08-15 19:49:32.0', 'RHERNANDEZ', '2014-08-15 19:49:35.0');
INSERT INTO BFP_PORTAL.BFPBM_PERFIL_PRODUCTO_SUB_MODULO_WEB(CODIGO_PERFIL, CODIGO_PRODUCTO, CODIGO_UNIDAD_NEGOCIO, CODIGO_SUB_MODULO_WEB, ESTADO, USUARIO_CREACION, FECHA_CREACION, USUARIO_ACTUALIZACION, FECHA_ACTUALIZACION) VALUES ('FUNCIONARIO DE NEGOCIO', 'CF', 'BE', 'MantenimientoContratoMarco', 1, 'OSCHUP', '2014-08-06 12:17:42.0', 'OSCHUP', '2014-08-06 12:17:42.0');
INSERT INTO BFP_PORTAL.BFPBM_PERFIL_PRODUCTO_SUB_MODULO_WEB(CODIGO_PERFIL, CODIGO_PRODUCTO, CODIGO_UNIDAD_NEGOCIO, CODIGO_SUB_MODULO_WEB, ESTADO, USUARIO_CREACION, FECHA_CREACION, USUARIO_ACTUALIZACION, FECHA_ACTUALIZACION) VALUES ('FUNCIONARIO DE NEGOCIO', 'CF', 'BE', 'MantenimientoDocumentos', 1, 'OSCHUP', '2014-08-06 12:17:42.0', 'OSCHUP', '2014-08-06 12:17:42.0');
INSERT INTO BFP_PORTAL.BFPBM_PERFIL_PRODUCTO_SUB_MODULO_WEB(CODIGO_PERFIL, CODIGO_PRODUCTO, CODIGO_UNIDAD_NEGOCIO, CODIGO_SUB_MODULO_WEB, ESTADO, USUARIO_CREACION, FECHA_CREACION, USUARIO_ACTUALIZACION, FECHA_ACTUALIZACION) VALUES ('EJECUTIVO DE VENTAS', 'PLD', 'BC', 'PLD_SOES', 1, 'DEMO', '2014-11-18 12:27:05.789396', 'DEMO', '2014-11-18 12:27:05.789396');
INSERT INTO BFP_PORTAL.BFPBM_PERFIL_PRODUCTO_SUB_MODULO_WEB(CODIGO_PERFIL, CODIGO_PRODUCTO, CODIGO_UNIDAD_NEGOCIO, CODIGO_SUB_MODULO_WEB, ESTADO, USUARIO_CREACION, FECHA_CREACION, USUARIO_ACTUALIZACION, FECHA_ACTUALIZACION) VALUES ('ASISTENTE DE VISADO', 'PLD', 'BC', 'PLD_ObservacionesADC', 1, 'CESCAR', '2015-07-08 14:51:56.350139', 'CESCAR', '2015-07-08 14:51:56.350139');
INSERT INTO BFP_PORTAL.BFPBM_PERFIL_PRODUCTO_SUB_MODULO_WEB(CODIGO_PERFIL, CODIGO_PRODUCTO, CODIGO_UNIDAD_NEGOCIO, CODIGO_SUB_MODULO_WEB, ESTADO, USUARIO_CREACION, FECHA_CREACION, USUARIO_ACTUALIZACION, FECHA_ACTUALIZACION) VALUES ('ASISTENTE DE VISADO', 'PLD', 'BC', 'PLD_CustodiaADC', 1, 'CESCAR', '2015-07-08 14:51:56.350139', 'CESCAR', '2015-07-08 14:51:56.350139');
INSERT INTO BFP_PORTAL.BFPBM_PERFIL_PRODUCTO_SUB_MODULO_WEB(CODIGO_PERFIL, CODIGO_PRODUCTO, CODIGO_UNIDAD_NEGOCIO, CODIGO_SUB_MODULO_WEB, ESTADO, USUARIO_CREACION, FECHA_CREACION, USUARIO_ACTUALIZACION, FECHA_ACTUALIZACION) VALUES ('FUNCIONARIO DE NEGOCIO', 'CF', 'BE', 'MantenimientoMontoPoder', 1, 'OSCHUP', '2014-08-06 12:17:42.0', 'OSCHUP', '2014-08-06 12:17:42.0');
INSERT INTO BFP_PORTAL.BFPBM_PERFIL_PRODUCTO_SUB_MODULO_WEB(CODIGO_PERFIL, CODIGO_PRODUCTO, CODIGO_UNIDAD_NEGOCIO, CODIGO_SUB_MODULO_WEB, ESTADO, USUARIO_CREACION, FECHA_CREACION, USUARIO_ACTUALIZACION, FECHA_ACTUALIZACION) VALUES ('BE ADMINISTRADOR DE CARTA FIANZA', 'CF', 'BE', 'MantenimientoAcuerdoServicio', 1, 'OSCHUP', '2015-07-09 00:00:00.0', 'OSCHUP', '2015-07-09 00:00:00.0');
INSERT INTO BFP_PORTAL.BFPBM_PERFIL_PRODUCTO_SUB_MODULO_WEB(CODIGO_PERFIL, CODIGO_PRODUCTO, CODIGO_UNIDAD_NEGOCIO, CODIGO_SUB_MODULO_WEB, ESTADO, USUARIO_CREACION, FECHA_CREACION, USUARIO_ACTUALIZACION, FECHA_ACTUALIZACION) VALUES ('FUNCIONARIO DE NEGOCIO', 'CF', 'BE', 'MantenimientoPlantilla', 1, 'OSCHUP', '2014-08-06 12:17:42.0', 'OSCHUP', '2014-08-06 12:17:42.0');
INSERT INTO BFP_PORTAL.BFPBM_PERFIL_PRODUCTO_SUB_MODULO_WEB(CODIGO_PERFIL, CODIGO_PRODUCTO, CODIGO_UNIDAD_NEGOCIO, CODIGO_SUB_MODULO_WEB, ESTADO, USUARIO_CREACION, FECHA_CREACION, USUARIO_ACTUALIZACION, FECHA_ACTUALIZACION) VALUES ('FUNCIONARIO DE NEGOCIO', 'CF', 'BE', 'MantenimientoPoder', 1, 'OSCHUP', '2014-08-06 12:17:42.0', 'OSCHUP', '2014-08-06 12:17:42.0');
INSERT INTO BFP_PORTAL.BFPBM_PERFIL_PRODUCTO_SUB_MODULO_WEB(CODIGO_PERFIL, CODIGO_PRODUCTO, CODIGO_UNIDAD_NEGOCIO, CODIGO_SUB_MODULO_WEB, ESTADO, USUARIO_CREACION, FECHA_CREACION, USUARIO_ACTUALIZACION, FECHA_ACTUALIZACION) VALUES ('BE ADMINISTRADOR DE CARTA FIANZA', 'CF', 'BE', 'MantenimientoCatalogo', 1, 'OSCHUP', '2015-07-01 00:00:00.0', 'OSCHUP', '2015-07-01 00:00:00.0');
INSERT INTO BFP_PORTAL.BFPBM_PERFIL_PRODUCTO_SUB_MODULO_WEB(CODIGO_PERFIL, CODIGO_PRODUCTO, CODIGO_UNIDAD_NEGOCIO, CODIGO_SUB_MODULO_WEB, ESTADO, USUARIO_CREACION, FECHA_CREACION, USUARIO_ACTUALIZACION, FECHA_ACTUALIZACION) VALUES ('ANALISTA DE CREDITOS', 'PLD', 'BC', 'PLD_ProductividadRIE', 1, 'CESCAR', '2015-07-01 09:24:13.200228', 'CESCAR', '2015-07-01 09:24:13.200228');
INSERT INTO BFP_PORTAL.BFPBM_PERFIL_PRODUCTO_SUB_MODULO_WEB(CODIGO_PERFIL, CODIGO_PRODUCTO, CODIGO_UNIDAD_NEGOCIO, CODIGO_SUB_MODULO_WEB, ESTADO, USUARIO_CREACION, FECHA_CREACION, USUARIO_ACTUALIZACION, FECHA_ACTUALIZACION) VALUES ('BE ADMINISTRADOR DE CARTA FIANZA', 'CF', 'BE', 'MantenimientoContratoMarco', 1, 'OSCHUP', '2015-07-01 00:00:00.0', 'OSCHUP', '2015-07-01 00:00:00.0');
INSERT INTO BFP_PORTAL.BFPBM_PERFIL_PRODUCTO_SUB_MODULO_WEB(CODIGO_PERFIL, CODIGO_PRODUCTO, CODIGO_UNIDAD_NEGOCIO, CODIGO_SUB_MODULO_WEB, ESTADO, USUARIO_CREACION, FECHA_CREACION, USUARIO_ACTUALIZACION, FECHA_ACTUALIZACION) VALUES ('BE ADMINISTRADOR DE CARTA FIANZA', 'CF', 'BE', 'MantenimientoDocumento', 1, 'OSCHUP', '2015-07-01 00:00:00.0', 'OSCHUP', '2015-07-01 00:00:00.0');
INSERT INTO BFP_PORTAL.BFPBM_PERFIL_PRODUCTO_SUB_MODULO_WEB(CODIGO_PERFIL, CODIGO_PRODUCTO, CODIGO_UNIDAD_NEGOCIO, CODIGO_SUB_MODULO_WEB, ESTADO, USUARIO_CREACION, FECHA_CREACION, USUARIO_ACTUALIZACION, FECHA_ACTUALIZACION) VALUES ('BE ADMINISTRADOR DE CARTA FIANZA', 'CF', 'BE', 'MantenimientoDocumentoTarea', 1, 'OSCHUP', '2015-07-01 00:00:00.0', 'OSCHUP', '2015-07-01 00:00:00.0');
INSERT INTO BFP_PORTAL.BFPBM_PERFIL_PRODUCTO_SUB_MODULO_WEB(CODIGO_PERFIL, CODIGO_PRODUCTO, CODIGO_UNIDAD_NEGOCIO, CODIGO_SUB_MODULO_WEB, ESTADO, USUARIO_CREACION, FECHA_CREACION, USUARIO_ACTUALIZACION, FECHA_ACTUALIZACION) VALUES ('BE ADMINISTRADOR DE CARTA FIANZA', 'CF', 'BE', 'MantenimientoExcepcion', 1, 'OSCHUP', '2015-07-01 00:00:00.0', 'OSCHUP', '2015-07-01 00:00:00.0');
INSERT INTO BFP_PORTAL.BFPBM_PERFIL_PRODUCTO_SUB_MODULO_WEB(CODIGO_PERFIL, CODIGO_PRODUCTO, CODIGO_UNIDAD_NEGOCIO, CODIGO_SUB_MODULO_WEB, ESTADO, USUARIO_CREACION, FECHA_CREACION, USUARIO_ACTUALIZACION, FECHA_ACTUALIZACION) VALUES ('BE ADMINISTRADOR DE CARTA FIANZA', 'CF', 'BE', 'MantenimientoFuncionario', 1, 'OSCHUP', '2015-07-01 00:00:00.0', 'OSCHUP', '2015-07-01 00:00:00.0');
INSERT INTO BFP_PORTAL.BFPBM_PERFIL_PRODUCTO_SUB_MODULO_WEB(CODIGO_PERFIL, CODIGO_PRODUCTO, CODIGO_UNIDAD_NEGOCIO, CODIGO_SUB_MODULO_WEB, ESTADO, USUARIO_CREACION, FECHA_CREACION, USUARIO_ACTUALIZACION, FECHA_ACTUALIZACION) VALUES ('BE ADMINISTRADOR DE CARTA FIANZA', 'CF', 'BE', 'MantenimientoObservacion', 1, 'OSCHUP', '2015-07-01 00:00:00.0', 'OSCHUP', '2015-07-01 00:00:00.0');
INSERT INTO BFP_PORTAL.BFPBM_PERFIL_PRODUCTO_SUB_MODULO_WEB(CODIGO_PERFIL, CODIGO_PRODUCTO, CODIGO_UNIDAD_NEGOCIO, CODIGO_SUB_MODULO_WEB, ESTADO, USUARIO_CREACION, FECHA_CREACION, USUARIO_ACTUALIZACION, FECHA_ACTUALIZACION) VALUES ('ASISTENTE DE CONTROL DE CALIDAD', 'PLD', 'BC', 'PLD_ProductividadADC', 1, 'CESCAR', '2015-07-02 17:07:46.853414', 'CESCAR', '2015-07-02 17:07:46.853414');
INSERT INTO BFP_PORTAL.BFPBM_PERFIL_PRODUCTO_SUB_MODULO_WEB(CODIGO_PERFIL, CODIGO_PRODUCTO, CODIGO_UNIDAD_NEGOCIO, CODIGO_SUB_MODULO_WEB, ESTADO, USUARIO_CREACION, FECHA_CREACION, USUARIO_ACTUALIZACION, FECHA_ACTUALIZACION) VALUES ('ASISTENTE DE CONTROL DE CALIDAD', 'PLD', 'BC', 'PLD_ObservacionesADC', 1, 'CESCAR', '2015-07-02 17:07:46.853414', 'CESCAR', '2015-07-02 17:07:46.853414');
INSERT INTO BFP_PORTAL.BFPBM_PERFIL_PRODUCTO_SUB_MODULO_WEB(CODIGO_PERFIL, CODIGO_PRODUCTO, CODIGO_UNIDAD_NEGOCIO, CODIGO_SUB_MODULO_WEB, ESTADO, USUARIO_CREACION, FECHA_CREACION, USUARIO_ACTUALIZACION, FECHA_ACTUALIZACION) VALUES ('ASISTENTE DE CONTROL DE CALIDAD', 'PLD', 'BC', 'PLD_CustodiaADC', 1, 'CESCAR', '2015-07-02 17:07:46.853414', 'CESCAR', '2015-07-02 17:07:46.853414');
INSERT INTO BFP_PORTAL.BFPBM_PERFIL_PRODUCTO_SUB_MODULO_WEB(CODIGO_PERFIL, CODIGO_PRODUCTO, CODIGO_UNIDAD_NEGOCIO, CODIGO_SUB_MODULO_WEB, ESTADO, USUARIO_CREACION, FECHA_CREACION, USUARIO_ACTUALIZACION, FECHA_ACTUALIZACION) VALUES ('BE ADMINISTRADOR DE CARTA FIANZA', 'CF', 'BE', 'MantenimientoLisVerificacion', 1, 'OSCHUP', '2015-07-02 00:00:00.0', 'OSCHUP', '2015-07-02 00:00:00.0');
INSERT INTO BFP_PORTAL.BFPBM_PERFIL_PRODUCTO_SUB_MODULO_WEB(CODIGO_PERFIL, CODIGO_PRODUCTO, CODIGO_UNIDAD_NEGOCIO, CODIGO_SUB_MODULO_WEB, ESTADO, USUARIO_CREACION, FECHA_CREACION, USUARIO_ACTUALIZACION, FECHA_ACTUALIZACION) VALUES ('BE ADMINISTRADOR DE CARTA FIANZA', 'CF', 'BE', 'MantenimientoMotivoRechazo', 1, 'OSCHUP', '2015-07-03 00:00:00.0', 'OSCHUP', '2015-07-03 00:00:00.0');
INSERT INTO BFP_PORTAL.BFPBM_PERFIL_PRODUCTO_SUB_MODULO_WEB(CODIGO_PERFIL, CODIGO_PRODUCTO, CODIGO_UNIDAD_NEGOCIO, CODIGO_SUB_MODULO_WEB, ESTADO, USUARIO_CREACION, FECHA_CREACION, USUARIO_ACTUALIZACION, FECHA_ACTUALIZACION) VALUES ('BE ADMINISTRADOR DE CARTA FIANZA', 'CF', 'BE', 'MantenimientoMotivoCancelacion', 1, 'OSCHUP', '2015-07-03 00:00:00.0', 'OSCHUP', '2015-07-03 00:00:00.0');
INSERT INTO BFP_PORTAL.BFPBM_PROCESO(CODIGO_UNIDAD_NEGOCIO, CODIGO_PRODUCTO, CODIGO_PROCESO, DESCRIPCION, URL, ESTADO, USUARIO_CREACION, FECHA_CREACION, USUARIO_ACTUALIZACION, FECHA_ACTUALIZACION, VERSION, NOMBRE_PROCESO, NAMESPACE) VALUES ('BE', 'CF', 'BECFEM', 'EMISIN', 'EmisionCartaFianzav1', 1, 'OSCHUP', '2014-08-01 15:48:17.192205', 'OSCHUP', '2014-08-01 15:48:17.192205', 1.0.0            , 'EmisionCartaFianzaV1', '');
INSERT INTO BFP_PORTAL.BFPBM_PROCESO(CODIGO_UNIDAD_NEGOCIO, CODIGO_PRODUCTO, CODIGO_PROCESO, DESCRIPCION, URL, ESTADO, USUARIO_CREACION, FECHA_CREACION, USUARIO_ACTUALIZACION, FECHA_ACTUALIZACION, VERSION, NOMBRE_PROCESO, NAMESPACE) VALUES ('BE', 'CF', 'BECFMO', 'MODIFICACIN', 'ModificacionCartaFianzav1', 1, 'OSCHUP', '2014-08-01 15:48:17.192205', 'OSCHUP', '2014-08-01 15:48:17.192205', 1.0.0            , 'ModificacionCartaFianzaV1', '');
INSERT INTO BFP_PORTAL.BFPBM_PROCESO(CODIGO_UNIDAD_NEGOCIO, CODIGO_PRODUCTO, CODIGO_PROCESO, DESCRIPCION, URL, ESTADO, USUARIO_CREACION, FECHA_CREACION, USUARIO_ACTUALIZACION, FECHA_ACTUALIZACION, VERSION, NOMBRE_PROCESO, NAMESPACE) VALUES ('BE', 'CF', 'BECFRE', 'RENOVACIN', 'RenovacionCartaFianzav1', 1, 'OSCHUP', '2014-08-01 15:48:17.192205', 'OSCHUP', '2014-08-01 15:48:17.192205', 1.0.0            , 'RenovacionCartaFianzaV1', '');
INSERT INTO BFP_PORTAL.BFPBM_PROCESO(CODIGO_UNIDAD_NEGOCIO, CODIGO_PRODUCTO, CODIGO_PROCESO, DESCRIPCION, URL, ESTADO, USUARIO_CREACION, FECHA_CREACION, USUARIO_ACTUALIZACION, FECHA_ACTUALIZACION, VERSION, NOMBRE_PROCESO, NAMESPACE) VALUES ('BE', 'CF', 'BECFCE', 'CAMBIO DE ESTADO', 'CambioEstadoCartaFianzav1', 1, 'OSCHUP', '2014-08-01 15:48:17.192205', 'OSCHUP', '2014-08-01 15:48:17.192205', 1.0.0            , 'CambioEstadoCartaFianzaV1', '');
INSERT INTO BFP_PORTAL.BFPBM_PROCESO(CODIGO_UNIDAD_NEGOCIO, CODIGO_PRODUCTO, CODIGO_PROCESO, DESCRIPCION, URL, ESTADO, USUARIO_CREACION, FECHA_CREACION, USUARIO_ACTUALIZACION, FECHA_ACTUALIZACION, VERSION, NOMBRE_PROCESO, NAMESPACE) VALUES ('BM', 'PC', 'EMPC', 'EMISION DE PROSPECCION COMERCIAL', 'EmisionProspeccion', 1, 'OSCHUP', '2014-08-19 11:05:36.0', 'OSCHUP', '2014-08-19 11:05:40.0', 1.0.0            , '', '');
INSERT INTO BFP_PORTAL.BFPBM_PROCESO(CODIGO_UNIDAD_NEGOCIO, CODIGO_PRODUCTO, CODIGO_PROCESO, DESCRIPCION, URL, ESTADO, USUARIO_CREACION, FECHA_CREACION, USUARIO_ACTUALIZACION, FECHA_ACTUALIZACION, VERSION, NOMBRE_PROCESO, NAMESPACE) VALUES ('BE', 'PC', 'EMPC', 'EMISION DE PROPUESTA DE CREDITO', 'EmisionPropuesta1', 1, 'OSCHUP', '2014-08-19 11:09:23.0', 'OSCHUP', '2014-08-19 11:09:29.0', 1.0.0            , '', '');
INSERT INTO BFP_PORTAL.BFPBM_PROCESO(CODIGO_UNIDAD_NEGOCIO, CODIGO_PRODUCTO, CODIGO_PROCESO, DESCRIPCION, URL, ESTADO, USUARIO_CREACION, FECHA_CREACION, USUARIO_ACTUALIZACION, FECHA_ACTUALIZACION, VERSION, NOMBRE_PROCESO, NAMESPACE) VALUES ('BC', 'PLD', 'VERIF', 'VERIFICACIONES', 'VerificacionesV1', 1, 'DEMO', '2015-05-26 10:12:10.0', 'DEMO', '2015-05-26 10:12:21.0', 1.0.0            , 'VerificacionesV1', '');
INSERT INTO BFP_PORTAL.BFPBM_PROCESO(CODIGO_UNIDAD_NEGOCIO, CODIGO_PRODUCTO, CODIGO_PROCESO, DESCRIPCION, URL, ESTADO, USUARIO_CREACION, FECHA_CREACION, USUARIO_ACTUALIZACION, FECHA_ACTUALIZACION, VERSION, NOMBRE_PROCESO, NAMESPACE) VALUES ('BC', 'PLD', 'PLDSG', 'PLD SIN GARANTIA', 'PLDSinGarantiaV1', 1, 'DEMO', '2014-11-18 12:27:05.521216', 'DEMO', '2014-11-18 12:27:05.521216', 1.00             , 'PLDSinGarantiaV1', '');
INSERT INTO BFP_PORTAL.BFPBM_PROCESO(CODIGO_UNIDAD_NEGOCIO, CODIGO_PRODUCTO, CODIGO_PROCESO, DESCRIPCION, URL, ESTADO, USUARIO_CREACION, FECHA_CREACION, USUARIO_ACTUALIZACION, FECHA_ACTUALIZACION, VERSION, NOMBRE_PROCESO, NAMESPACE) VALUES ('BE', 'CF', 'BECFCA', 'CANCELACIN', 'CancelacionCartaFianzav1', 1, 'OSCHUP', '2015-07-07 12:34:30.0', 'OSCHUP', '2015-07-07 12:34:33.0', 1.0.0            , 'CancelacionCartaFianzaV1', '');
INSERT INTO BFP_PORTAL.BFPBM_PROCESO(CODIGO_UNIDAD_NEGOCIO, CODIGO_PRODUCTO, CODIGO_PROCESO, DESCRIPCION, URL, ESTADO, USUARIO_CREACION, FECHA_CREACION, USUARIO_ACTUALIZACION, FECHA_ACTUALIZACION, VERSION, NOMBRE_PROCESO, NAMESPACE) VALUES ('BE', 'CF', 'BECFEJ', 'EJECUCIN', 'EjecucionCartaFianzav1', 1, 'OSCHUP', '2015-07-08 16:18:02.0', 'OSCHUP', '2015-07-08 16:18:09.0', 1.0.0            , 'EjecucionCartaFianzaV1', ' ');
INSERT INTO BFP_PORTAL.BFPBM_PROCESO_PERFIL(CODIGO_UNIDAD_NEGOCIO, CODIGO_PRODUCTO, CODIGO_PROCESO, CODIGO_PERFIL, ESTADO, USUARIO_CREACION, FECHA_CREACION, USUARIO_ACTUALIZACION, FECHA_ACTUALIZACION) VALUES ('BE', 'CF', 'BECFEM', 'ANALISTA DE VISADO', 1, 'OSCHUP', '2014-10-15 16:32:43.0', 'OSCHUP', '2014-10-15 16:32:50.0');
INSERT INTO BFP_PORTAL.BFPBM_PROCESO_PERFIL(CODIGO_UNIDAD_NEGOCIO, CODIGO_PRODUCTO, CODIGO_PROCESO, CODIGO_PERFIL, ESTADO, USUARIO_CREACION, FECHA_CREACION, USUARIO_ACTUALIZACION, FECHA_ACTUALIZACION) VALUES ('BE', 'CF', 'BECFEM', 'BE FUNCIONARIO DE NEGOCIO', 1, 'OSCHUP', '2015-06-18 10:39:44.0', 'OSCHUP', '2015-06-18 10:39:47.0');
INSERT INTO BFP_PORTAL.BFPBM_PRODUCTO(CODIGO_UNIDAD_NEGOCIO, CODIGO_PRODUCTO, DESCRIPCION, URL, ESTADO, USUARIO_CREACION, FECHA_CREACION, USUARIO_ACTUALIZACION, FECHA_ACTUALIZACION) VALUES ('BE', 'CF', 'CARTA FIANZA', 'CartaFianza', 1, 'OSCHUP', '2014-08-01 15:47:31.365776', 'OSCHUP', '2014-08-01 15:47:31.365776');
INSERT INTO BFP_PORTAL.BFPBM_PRODUCTO(CODIGO_UNIDAD_NEGOCIO, CODIGO_PRODUCTO, DESCRIPCION, URL, ESTADO, USUARIO_CREACION, FECHA_CREACION, USUARIO_ACTUALIZACION, FECHA_ACTUALIZACION) VALUES ('BE', 'PC', 'PROPUESTA DE CRDITO', 'PropuestaCredito', 1, 'OSCHUP', '2014-08-01 15:47:31.365776', 'OSCHUP', '2014-08-01 15:47:31.365776');
INSERT INTO BFP_PORTAL.BFPBM_PRODUCTO(CODIGO_UNIDAD_NEGOCIO, CODIGO_PRODUCTO, DESCRIPCION, URL, ESTADO, USUARIO_CREACION, FECHA_CREACION, USUARIO_ACTUALIZACION, FECHA_ACTUALIZACION) VALUES ('BE', 'FA', 'FACTORING', 'Factoring', 1, 'OSCHUP', '2014-08-01 15:47:31.365776', 'OSCHUP', '2014-08-01 15:47:31.365776');
INSERT INTO BFP_PORTAL.BFPBM_PRODUCTO(CODIGO_UNIDAD_NEGOCIO, CODIGO_PRODUCTO, DESCRIPCION, URL, ESTADO, USUARIO_CREACION, FECHA_CREACION, USUARIO_ACTUALIZACION, FECHA_ACTUALIZACION) VALUES ('BE', 'DL', 'DESCUENTO DE LETRAS', 'DescuentoLetras', 1, 'OSCHUP', '2014-08-01 15:47:31.365776', 'OSCHUP', '2014-08-01 15:47:31.365776');
INSERT INTO BFP_PORTAL.BFPBM_PRODUCTO(CODIGO_UNIDAD_NEGOCIO, CODIGO_PRODUCTO, DESCRIPCION, URL, ESTADO, USUARIO_CREACION, FECHA_CREACION, USUARIO_ACTUALIZACION, FECHA_ACTUALIZACION) VALUES ('BE', 'CO', 'COBRANZA', 'Cobranza', 1, 'OSCHUP', '2014-08-01 15:47:31.365776', 'OSCHUP', '2014-08-01 15:47:31.365776');
INSERT INTO BFP_PORTAL.BFPBM_PRODUCTO(CODIGO_UNIDAD_NEGOCIO, CODIGO_PRODUCTO, DESCRIPCION, URL, ESTADO, USUARIO_CREACION, FECHA_CREACION, USUARIO_ACTUALIZACION, FECHA_ACTUALIZACION) VALUES ('BM', 'PC', 'PROP CRE', 'PropuCredit', 1, 'asda', '2014-08-15 10:44:35.0', 'dsad', '2014-08-15 10:44:37.0');
INSERT INTO BFP_PORTAL.BFPBM_PRODUCTO(CODIGO_UNIDAD_NEGOCIO, CODIGO_PRODUCTO, DESCRIPCION, URL, ESTADO, USUARIO_CREACION, FECHA_CREACION, USUARIO_ACTUALIZACION, FECHA_ACTUALIZACION) VALUES ('BC', 'PLD', 'PRESTAMO DE LIBRE DISPONIBILIDAD', 'PldWeb', 1, 'DEMO', '2014-11-18 12:27:05.504075', 'DEMO', '2014-11-18 12:27:05.504075');
INSERT INTO BFP_PORTAL.BFPBM_SUB_MODULO_WEB(CODIGO_SUB_MODULO_WEB, CODIGO_MODULO_WEB, DESCRIPCION, URL, ORDEN, ESTADO, USUARIO_CREACION, FECHA_CREACION, USUARIO_ACTUALIZACION, FECHA_ACTUALIZACION) VALUES ('MantenimientoAcuerdoServicio', 'mant', 'Acuerdo de Servicio', 'MantenimientoAcuerdoServicioV1.html', 1, 1, 'OSCHUP', '2014-08-06 12:17:42.0', 'OSCHUP', '2014-08-06 12:17:42.0');
INSERT INTO BFP_PORTAL.BFPBM_SUB_MODULO_WEB(CODIGO_SUB_MODULO_WEB, CODIGO_MODULO_WEB, DESCRIPCION, URL, ORDEN, ESTADO, USUARIO_CREACION, FECHA_CREACION, USUARIO_ACTUALIZACION, FECHA_ACTUALIZACION) VALUES ('MantenimientoAutonomiaFirmas', 'mant', 'Mantenimiento de Autonoma de Firmas', 'MantenimientoAutonomiaFirmasV1.jsp', 1, 1, 'OSCHUP', '2014-08-06 12:17:42.0', 'OSCHUP', '2014-08-06 12:17:42.0');
INSERT INTO BFP_PORTAL.BFPBM_SUB_MODULO_WEB(CODIGO_SUB_MODULO_WEB, CODIGO_MODULO_WEB, DESCRIPCION, URL, ORDEN, ESTADO, USUARIO_CREACION, FECHA_CREACION, USUARIO_ACTUALIZACION, FECHA_ACTUALIZACION) VALUES ('repo1', 'repo', 'REPORTE SOLICITUDES DE CARTA FIANZA POR ESTADO', 'SolicitudEstado.html', 1, 1, 'OSCHUP', '2014-08-14 15:54:43.0', 'OSCHUP', '2014-08-14 15:54:49.0');
INSERT INTO BFP_PORTAL.BFPBM_SUB_MODULO_WEB(CODIGO_SUB_MODULO_WEB, CODIGO_MODULO_WEB, DESCRIPCION, URL, ORDEN, ESTADO, USUARIO_CREACION, FECHA_CREACION, USUARIO_ACTUALIZACION, FECHA_ACTUALIZACION) VALUES ('repo2', 'repo', 'REPORTE HISTORICO DE SOLICITUDES DE CARTA FIANZA', 'SolicitudHistorico.html', 2, 1, 'RHERNANDEZ', '2014-08-15 09:43:59.0', 'RHERNANDEZ', '2014-08-15 09:44:07.0');
INSERT INTO BFP_PORTAL.BFPBM_SUB_MODULO_WEB(CODIGO_SUB_MODULO_WEB, CODIGO_MODULO_WEB, DESCRIPCION, URL, ORDEN, ESTADO, USUARIO_CREACION, FECHA_CREACION, USUARIO_ACTUALIZACION, FECHA_ACTUALIZACION) VALUES ('repo3', 'repo', 'REPORTE DE CARTAS FIANZAS DESCARGADAS POR CLIENTE Y FUNCIONARIO', 'SolicitudDescargada.html', 3, 1, 'RHERNANDEZ', '2014-08-15 09:46:22.0', 'RHERNANDEZ', '2014-08-15 09:46:29.0');
INSERT INTO BFP_PORTAL.BFPBM_SUB_MODULO_WEB(CODIGO_SUB_MODULO_WEB, CODIGO_MODULO_WEB, DESCRIPCION, URL, ORDEN, ESTADO, USUARIO_CREACION, FECHA_CREACION, USUARIO_ACTUALIZACION, FECHA_ACTUALIZACION) VALUES ('repo4', 'repo', 'REPORTE DE NUMERO DE SOLICITUDES APROBADAS DE CARTA FIANZA ', 'SolicitudAprobada.html', 4, 1, 'RHERNANDEZ', '2014-08-15 16:03:41.0', 'RHERNANDEZ', '2014-08-15 16:03:46.0');
INSERT INTO BFP_PORTAL.BFPBM_SUB_MODULO_WEB(CODIGO_SUB_MODULO_WEB, CODIGO_MODULO_WEB, DESCRIPCION, URL, ORDEN, ESTADO, USUARIO_CREACION, FECHA_CREACION, USUARIO_ACTUALIZACION, FECHA_ACTUALIZACION) VALUES ('repo5', 'repo', 'REPORTE DE CANTIDAD DE SOLICITUDES AUTORIZADAS DE CARTA FIANZA ', 'SolicitudAutorizada.html', 5, 1, 'RHERNANDEZ', '2014-08-15 16:08:42.0', 'RHERNANDEZ', '2014-08-15 16:08:44.0');
INSERT INTO BFP_PORTAL.BFPBM_SUB_MODULO_WEB(CODIGO_SUB_MODULO_WEB, CODIGO_MODULO_WEB, DESCRIPCION, URL, ORDEN, ESTADO, USUARIO_CREACION, FECHA_CREACION, USUARIO_ACTUALIZACION, FECHA_ACTUALIZACION) VALUES ('MantenimientoDocumentoTarea', 'mant', 'Documento Tarea', 'MantenimientoDocumentoTareaV1.html', 1, 1, 'OSCHUP', '2014-08-06 12:17:42.0', 'OSCHUP', '2014-08-06 12:17:42.0');
INSERT INTO BFP_PORTAL.BFPBM_SUB_MODULO_WEB(CODIGO_SUB_MODULO_WEB, CODIGO_MODULO_WEB, DESCRIPCION, URL, ORDEN, ESTADO, USUARIO_CREACION, FECHA_CREACION, USUARIO_ACTUALIZACION, FECHA_ACTUALIZACION) VALUES ('SOLIESTA', 'repo', 'REPORTE SOLICITUDES DE CARTA FIANZA POR ESTADO', 'SOLIESTA.jsp', 1, 1, 'OSCHUP', '2014-11-12 14:41:44.592397', 'OSCHUP', '2014-11-12 14:41:44.592397');
INSERT INTO BFP_PORTAL.BFPBM_SUB_MODULO_WEB(CODIGO_SUB_MODULO_WEB, CODIGO_MODULO_WEB, DESCRIPCION, URL, ORDEN, ESTADO, USUARIO_CREACION, FECHA_CREACION, USUARIO_ACTUALIZACION, FECHA_ACTUALIZACION) VALUES ('SOLIDESC', 'repo', 'REPORTE DE CARTAS FIANZAS DESCARGADAS POR CLIENTE Y FUNCIONARIO', 'SOLIDESC.jsp', 3, 1, 'OSCHUP', '2014-11-12 14:41:44.612909', 'OSCHUP', '2014-11-12 14:41:44.612909');
INSERT INTO BFP_PORTAL.BFPBM_SUB_MODULO_WEB(CODIGO_SUB_MODULO_WEB, CODIGO_MODULO_WEB, DESCRIPCION, URL, ORDEN, ESTADO, USUARIO_CREACION, FECHA_CREACION, USUARIO_ACTUALIZACION, FECHA_ACTUALIZACION) VALUES ('SOLIAPRO', 'repo', 'REPORTE DE NUMERO DE SOLICITUDES APROBADAS DE CARTA FIANZA ', 'SOLIAPRO.jsp', 4, 1, 'OSCHUP', '2014-11-12 14:41:44.620442', 'OSCHUP', '2014-11-12 14:41:44.620442');
INSERT INTO BFP_PORTAL.BFPBM_SUB_MODULO_WEB(CODIGO_SUB_MODULO_WEB, CODIGO_MODULO_WEB, DESCRIPCION, URL, ORDEN, ESTADO, USUARIO_CREACION, FECHA_CREACION, USUARIO_ACTUALIZACION, FECHA_ACTUALIZACION) VALUES ('SOLIAUTO', 'repo', 'REPORTE DE CANTIDAD DE SOLICITUDES AUTORIZADAS DE CARTA FIANZA ', 'SOLIAUTO.jsp', 5, 1, 'OSCHUP', '2014-11-12 14:41:44.627651', 'OSCHUP', '2014-11-12 14:41:44.627651');
INSERT INTO BFP_PORTAL.BFPBM_SUB_MODULO_WEB(CODIGO_SUB_MODULO_WEB, CODIGO_MODULO_WEB, DESCRIPCION, URL, ORDEN, ESTADO, USUARIO_CREACION, FECHA_CREACION, USUARIO_ACTUALIZACION, FECHA_ACTUALIZACION) VALUES ('MantenimientoContratoMarco', 'mant', 'Contrato Marco', 'MantenimientoContratoMarcoV1.html', 1, 1, 'OSCHUP', '2014-08-06 12:17:42.0', 'OSCHUP', '2014-08-06 12:17:42.0');
INSERT INTO BFP_PORTAL.BFPBM_SUB_MODULO_WEB(CODIGO_SUB_MODULO_WEB, CODIGO_MODULO_WEB, DESCRIPCION, URL, ORDEN, ESTADO, USUARIO_CREACION, FECHA_CREACION, USUARIO_ACTUALIZACION, FECHA_ACTUALIZACION) VALUES ('MantenimientoDocumentos', 'mant', 'Mantenimiento de Documentos', 'MantenimientoDocumentosV1.jsp', 1, 1, 'OSCHUP', '2014-08-06 12:17:42.0', 'OSCHUP', '2014-08-06 12:17:42.0');
INSERT INTO BFP_PORTAL.BFPBM_SUB_MODULO_WEB(CODIGO_SUB_MODULO_WEB, CODIGO_MODULO_WEB, DESCRIPCION, URL, ORDEN, ESTADO, USUARIO_CREACION, FECHA_CREACION, USUARIO_ACTUALIZACION, FECHA_ACTUALIZACION) VALUES ('MantenimientoExcepcion', 'mant', 'Excepcion', 'MantenimientoExcepcionV1.html', 1, 1, 'OSCHUP', '2014-08-06 12:17:42.0', 'OSCHUP', '2014-08-06 12:17:42.0');
INSERT INTO BFP_PORTAL.BFPBM_SUB_MODULO_WEB(CODIGO_SUB_MODULO_WEB, CODIGO_MODULO_WEB, DESCRIPCION, URL, ORDEN, ESTADO, USUARIO_CREACION, FECHA_CREACION, USUARIO_ACTUALIZACION, FECHA_ACTUALIZACION) VALUES ('PLD_SOES', 'repo', 'REPORTE SOLICITUDES DE PLD POR ESTADO', 'PLD_SOES.jsp', 1, 1, 'DEMO', '2014-11-18 12:27:05.765501', 'DEMO', '2014-11-18 12:27:05.765501');
INSERT INTO BFP_PORTAL.BFPBM_SUB_MODULO_WEB(CODIGO_SUB_MODULO_WEB, CODIGO_MODULO_WEB, DESCRIPCION, URL, ORDEN, ESTADO, USUARIO_CREACION, FECHA_CREACION, USUARIO_ACTUALIZACION, FECHA_ACTUALIZACION) VALUES ('PLD_SOHI', 'repo', 'REPORTE HISTORICO DE SOLICITUDES DE PLD', 'PLD_SOHI.jsp', 2, 1, 'DEMO', '2014-11-18 12:27:05.776497', 'DEMO', '2014-11-18 12:27:05.776497');
INSERT INTO BFP_PORTAL.BFPBM_SUB_MODULO_WEB(CODIGO_SUB_MODULO_WEB, CODIGO_MODULO_WEB, DESCRIPCION, URL, ORDEN, ESTADO, USUARIO_CREACION, FECHA_CREACION, USUARIO_ACTUALIZACION, FECHA_ACTUALIZACION) VALUES ('MantenimientoMontoPoder', 'mant', 'Mantenimiento de Monto Poder', 'MantenimientoMontoPoderV1.jsp', 1, 1, 'OSCHUP', '2014-08-06 12:17:42.0', 'OSCHUP', '2014-08-06 12:17:42.0');
INSERT INTO BFP_PORTAL.BFPBM_SUB_MODULO_WEB(CODIGO_SUB_MODULO_WEB, CODIGO_MODULO_WEB, DESCRIPCION, URL, ORDEN, ESTADO, USUARIO_CREACION, FECHA_CREACION, USUARIO_ACTUALIZACION, FECHA_ACTUALIZACION) VALUES ('MantenimientoFuncionario', 'mant', 'Funcionario', 'MantenimientoFuncionarioV1.html', 1, 1, 'OSCHUP', '2014-08-06 12:17:42.0', 'OSCHUP', '2014-08-06 12:17:42.0');
INSERT INTO BFP_PORTAL.BFPBM_SUB_MODULO_WEB(CODIGO_SUB_MODULO_WEB, CODIGO_MODULO_WEB, DESCRIPCION, URL, ORDEN, ESTADO, USUARIO_CREACION, FECHA_CREACION, USUARIO_ACTUALIZACION, FECHA_ACTUALIZACION) VALUES ('MantenimientoPlantilla', 'mant', 'Mantenimiento de Plantilla Carta Fianza', 'MantenimientoPlantillaV1.jsp', 1, 1, 'OSCHUP', '2014-08-06 12:17:42.0', 'OSCHUP', '2014-08-06 12:17:42.0');
INSERT INTO BFP_PORTAL.BFPBM_SUB_MODULO_WEB(CODIGO_SUB_MODULO_WEB, CODIGO_MODULO_WEB, DESCRIPCION, URL, ORDEN, ESTADO, USUARIO_CREACION, FECHA_CREACION, USUARIO_ACTUALIZACION, FECHA_ACTUALIZACION) VALUES ('MantenimientoPoder', 'mant', 'Mantenimiento de Poderes', 'MantenimientoPoderV1.jsp', 1, 1, 'OSCHUP', '2014-08-06 12:17:42.0', 'OSCHUP', '2014-08-06 12:17:42.0');
INSERT INTO BFP_PORTAL.BFPBM_SUB_MODULO_WEB(CODIGO_SUB_MODULO_WEB, CODIGO_MODULO_WEB, DESCRIPCION, URL, ORDEN, ESTADO, USUARIO_CREACION, FECHA_CREACION, USUARIO_ACTUALIZACION, FECHA_ACTUALIZACION) VALUES ('MantenimientoObservacion', 'mant', 'Observacion', 'MantenimientoObservacionV1.html', 1, 1, 'OSCHUP', '2014-08-06 12:17:42.0', 'OSCHUP', '2014-08-06 12:17:42.0');
INSERT INTO BFP_PORTAL.BFPBM_SUB_MODULO_WEB(CODIGO_SUB_MODULO_WEB, CODIGO_MODULO_WEB, DESCRIPCION, URL, ORDEN, ESTADO, USUARIO_CREACION, FECHA_CREACION, USUARIO_ACTUALIZACION, FECHA_ACTUALIZACION) VALUES ('MantenimientoDocumento_Tarea', 'mant', 'Documento Tarea', 'MantenimientoDocumento_TareaV1.html', 1, 1, 'OSCHUP', '2014-08-06 12:17:42.0', 'OSCHUP', '2014-08-06 12:17:42.0');
INSERT INTO BFP_PORTAL.BFPBM_SUB_MODULO_WEB(CODIGO_SUB_MODULO_WEB, CODIGO_MODULO_WEB, DESCRIPCION, URL, ORDEN, ESTADO, USUARIO_CREACION, FECHA_CREACION, USUARIO_ACTUALIZACION, FECHA_ACTUALIZACION) VALUES ('PLD_ObservacionesADC', 'repo', 'REPORTE SOLICITUDES OBSERVADAS PLD', 'ObservacionesADC.jsp', 2, 1, 'CESCAR', '2015-07-02 17:07:44.598502', 'CESCAR', '2015-07-02 17:07:44.598502');
INSERT INTO BFP_PORTAL.BFPBM_SUB_MODULO_WEB(CODIGO_SUB_MODULO_WEB, CODIGO_MODULO_WEB, DESCRIPCION, URL, ORDEN, ESTADO, USUARIO_CREACION, FECHA_CREACION, USUARIO_ACTUALIZACION, FECHA_ACTUALIZACION) VALUES ('PLD_ProductividadRIE', 'repo', 'REPORTE SOLICITUDES DE PLD', 'ProductividadRIE.jsp', 1, 1, 'CESCAR', '2015-07-01 09:24:09.025955', 'CESCAR', '2015-07-01 09:24:09.025955');
INSERT INTO BFP_PORTAL.BFPBM_SUB_MODULO_WEB(CODIGO_SUB_MODULO_WEB, CODIGO_MODULO_WEB, DESCRIPCION, URL, ORDEN, ESTADO, USUARIO_CREACION, FECHA_CREACION, USUARIO_ACTUALIZACION, FECHA_ACTUALIZACION) VALUES ('PLD_ProductividadADC', 'repo', 'REPORTES SOLICITUDES PLD', 'ProductividadADC.jsp', 1, 1, 'CESCAR', '2015-07-02 17:07:44.598502', 'CESCAR', '2015-07-02 17:07:44.598502');
INSERT INTO BFP_PORTAL.BFPBM_SUB_MODULO_WEB(CODIGO_SUB_MODULO_WEB, CODIGO_MODULO_WEB, DESCRIPCION, URL, ORDEN, ESTADO, USUARIO_CREACION, FECHA_CREACION, USUARIO_ACTUALIZACION, FECHA_ACTUALIZACION) VALUES ('MantenimientoCatalogo', 'mant', 'Catalogo', 'MantenimientoCatalogoV1.html', 1, 1, 'OSCHUP', '2014-08-06 12:17:42.0', 'OSCHUP', '2014-08-06 12:17:42.0');
INSERT INTO BFP_PORTAL.BFPBM_SUB_MODULO_WEB(CODIGO_SUB_MODULO_WEB, CODIGO_MODULO_WEB, DESCRIPCION, URL, ORDEN, ESTADO, USUARIO_CREACION, FECHA_CREACION, USUARIO_ACTUALIZACION, FECHA_ACTUALIZACION) VALUES ('MantenimientoDocumento', 'mant', 'Documento', 'MantenimientoDocumentoV1.html', 1, 1, 'OSCHUP', '2014-08-06 12:17:42.0', 'OSCHUP', '2014-08-06 12:17:42.0');
INSERT INTO BFP_PORTAL.BFPBM_SUB_MODULO_WEB(CODIGO_SUB_MODULO_WEB, CODIGO_MODULO_WEB, DESCRIPCION, URL, ORDEN, ESTADO, USUARIO_CREACION, FECHA_CREACION, USUARIO_ACTUALIZACION, FECHA_ACTUALIZACION) VALUES ('PLD_CustodiaADC', 'repo', 'REPORTE CUSTODIA', 'CustodiaADC.jsp', 3, 1, 'CESCAR', '2015-07-02 17:07:44.598502', 'CESCAR', '2015-07-02 17:07:44.598502');
INSERT INTO BFP_PORTAL.BFPBM_SUB_MODULO_WEB(CODIGO_SUB_MODULO_WEB, CODIGO_MODULO_WEB, DESCRIPCION, URL, ORDEN, ESTADO, USUARIO_CREACION, FECHA_CREACION, USUARIO_ACTUALIZACION, FECHA_ACTUALIZACION) VALUES ('MantenimientoLisVerificacion', 'mant', 'Lista Verificacion', 'MantenimientoLisVerificacionV1.html', 1, 1, 'OSCHUP', '2015-07-02 00:00:00.0', 'OSCHUP', '2015-07-02 00:00:00.0');
INSERT INTO BFP_PORTAL.BFPBM_SUB_MODULO_WEB(CODIGO_SUB_MODULO_WEB, CODIGO_MODULO_WEB, DESCRIPCION, URL, ORDEN, ESTADO, USUARIO_CREACION, FECHA_CREACION, USUARIO_ACTUALIZACION, FECHA_ACTUALIZACION) VALUES ('MantenimientoMotivoRechazo', 'mant', 'Motivo Rechazo', 'MantenimientoMotivoRechazoV1.html', 1, 1, 'OSCHUP', '2015-07-03 00:00:00.0', 'OSCHUP', '2015-07-03 00:00:00.0');
INSERT INTO BFP_PORTAL.BFPBM_SUB_MODULO_WEB(CODIGO_SUB_MODULO_WEB, CODIGO_MODULO_WEB, DESCRIPCION, URL, ORDEN, ESTADO, USUARIO_CREACION, FECHA_CREACION, USUARIO_ACTUALIZACION, FECHA_ACTUALIZACION) VALUES ('MantenimientoMotivoCancelacion', 'mant', 'Motivo Cancelacin', 'MantenimientoMotivoCancelacionV1.html', 1, 1, 'OSCHUP', '2015-07-03 00:00:00.0', 'OSCHUP', '2015-07-03 00:00:00.0');
INSERT INTO BFP_PORTAL.BFPBM_TAREA(CODIGO_UNIDAD_NEGOCIO, CODIGO_PRODUCTO, CODIGO_PROCESO, CODIGO_TAREA, DESCRIPCION, URL, VERSION, TIEMPO_ROJO, TIEMPO_AMARILLO, NAMESPACE, ESTADO, USUARIO_CREACION, FECHA_CREACION, USUARIO_ACTUALIZACION, FECHA_ACTUALIZACION) VALUES ('BE', 'CF', 'BECFEM', 'BECF_Emision_v1_CompletarSolicitud', 'Completa Solicitud', 'completarsolicitudv1.html', 1.0.0            , 500, 200, 'aaaa', 1, 'BPMUSER', '2014-11-12 14:41:44.283323', 'beadmpro1', '2015-07-10 12:05:50.608715');
INSERT INTO BFP_PORTAL.BFPBM_TAREA(CODIGO_UNIDAD_NEGOCIO, CODIGO_PRODUCTO, CODIGO_PROCESO, CODIGO_TAREA, DESCRIPCION, URL, VERSION, TIEMPO_ROJO, TIEMPO_AMARILLO, NAMESPACE, ESTADO, USUARIO_CREACION, FECHA_CREACION, USUARIO_ACTUALIZACION, FECHA_ACTUALIZACION) VALUES ('BE', 'CF', 'BECFEM', 'BECF_Emision_v1_EvaluarSolicitud', 'Evaluar Solicitud', 'evaluarsolicitudv1.html', 1.0.0            , 500, 200, '', 0, 'BPMUSER', '2014-11-12 14:41:44.293074', 'beadmpro1', '2015-07-10 14:08:51.394406');
INSERT INTO BFP_PORTAL.BFPBM_TAREA(CODIGO_UNIDAD_NEGOCIO, CODIGO_PRODUCTO, CODIGO_PROCESO, CODIGO_TAREA, DESCRIPCION, URL, VERSION, TIEMPO_ROJO, TIEMPO_AMARILLO, NAMESPACE, ESTADO, USUARIO_CREACION, FECHA_CREACION, USUARIO_ACTUALIZACION, FECHA_ACTUALIZACION) VALUES ('BE', 'CF', 'BECFEM', 'BECF_Emision_v1_AprobarSolicitud', 'Aprobar Solicitud', 'aprobarsolicitudv1.html', 1.0.0            , 7200, 18000, 'evso', 1, 'BPMUSER', '2014-11-12 14:41:44.293074', 'BPMUSER', '2014-11-12 14:41:44.293074');
INSERT INTO BFP_PORTAL.BFPBM_TAREA(CODIGO_UNIDAD_NEGOCIO, CODIGO_PRODUCTO, CODIGO_PROCESO, CODIGO_TAREA, DESCRIPCION, URL, VERSION, TIEMPO_ROJO, TIEMPO_AMARILLO, NAMESPACE, ESTADO, USUARIO_CREACION, FECHA_CREACION, USUARIO_ACTUALIZACION, FECHA_ACTUALIZACION) VALUES ('BE', 'CF', 'BECFEM', 'BECF_Emision_v1_AutorizarVisado', 'Autorizar Visado', 'autorizarvisadov1.html', 1.0.0            , 7200, 18000, 'evso', 1, 'BPMUSER', '2014-11-12 14:41:44.293074', 'beadmpro1', '2015-07-10 14:08:00.045651');
INSERT INTO BFP_PORTAL.BFPBM_TAREA(CODIGO_UNIDAD_NEGOCIO, CODIGO_PRODUCTO, CODIGO_PROCESO, CODIGO_TAREA, DESCRIPCION, URL, VERSION, TIEMPO_ROJO, TIEMPO_AMARILLO, NAMESPACE, ESTADO, USUARIO_CREACION, FECHA_CREACION, USUARIO_ACTUALIZACION, FECHA_ACTUALIZACION) VALUES ('BE', 'CF', 'BECFEM', 'BECF_Emision_v1_VisarSolicitud', 'Visar Solicitud', 'visarsolicitudv1.html', 1.0.0            , 7200, 18000, 'evso', 1, 'BPMUSER', '2014-11-12 14:41:44.293074', 'beadmpro1', '2015-07-10 12:06:03.789344');
INSERT INTO BFP_PORTAL.BFPBM_TAREA(CODIGO_UNIDAD_NEGOCIO, CODIGO_PRODUCTO, CODIGO_PROCESO, CODIGO_TAREA, DESCRIPCION, URL, VERSION, TIEMPO_ROJO, TIEMPO_AMARILLO, NAMESPACE, ESTADO, USUARIO_CREACION, FECHA_CREACION, USUARIO_ACTUALIZACION, FECHA_ACTUALIZACION) VALUES ('BE', 'CF', 'BECFEM', 'BECF_Emision_v1_AutorizarOperacion', 'Autorizar Operacion', 'autorizaroperacionv1.html', 1.0.0            , 7200, 18000, 'evso', 1, 'BPMUSER', '2014-11-12 14:41:44.293074', 'BPMUSER', '2014-11-12 14:41:44.293074');
INSERT INTO BFP_PORTAL.BFPBM_TAREA(CODIGO_UNIDAD_NEGOCIO, CODIGO_PRODUCTO, CODIGO_PROCESO, CODIGO_TAREA, DESCRIPCION, URL, VERSION, TIEMPO_ROJO, TIEMPO_AMARILLO, NAMESPACE, ESTADO, USUARIO_CREACION, FECHA_CREACION, USUARIO_ACTUALIZACION, FECHA_ACTUALIZACION) VALUES ('BE', 'CF', 'BECFEM', 'BECF_Emision_v1_ImprimirValorado', 'Imprimir Valorado', 'imprimirvaloradov1.html', 1.0.0            , 7200, 18000, 'evso', 1, 'BPMUSER', '2014-11-12 14:41:44.293074', 'BPMUSER', '2014-11-12 14:41:44.293074');
INSERT INTO BFP_PORTAL.BFPBM_TAREA(CODIGO_UNIDAD_NEGOCIO, CODIGO_PRODUCTO, CODIGO_PROCESO, CODIGO_TAREA, DESCRIPCION, URL, VERSION, TIEMPO_ROJO, TIEMPO_AMARILLO, NAMESPACE, ESTADO, USUARIO_CREACION, FECHA_CREACION, USUARIO_ACTUALIZACION, FECHA_ACTUALIZACION) VALUES ('BE', 'CF', 'BECFEM', 'BECF_Emision_v1_EntregarCartaFianza', 'Entregar Carta Fianza', 'entregarcartafianzav1.html', 1.0.0            , 7200, 18000, 'evso', 1, 'BPMUSER', '2014-11-12 14:41:44.293074', 'BPMUSER', '2014-11-12 14:41:44.293074');
INSERT INTO BFP_PORTAL.BFPBM_TAREA(CODIGO_UNIDAD_NEGOCIO, CODIGO_PRODUCTO, CODIGO_PROCESO, CODIGO_TAREA, DESCRIPCION, URL, VERSION, TIEMPO_ROJO, TIEMPO_AMARILLO, NAMESPACE, ESTADO, USUARIO_CREACION, FECHA_CREACION, USUARIO_ACTUALIZACION, FECHA_ACTUALIZACION) VALUES ('BE', 'CF', 'BECFEM', 'BECF_Emision_v1_AutorizarReimpresion', 'Autorizar Reimpresion', 'autorizarreimpresionv1.html', 1.0.0            , 7200, 18000, 'evso', 1, 'BPMUSER', '2014-11-12 14:41:44.293074', 'BPMUSER', '2014-11-12 14:41:44.293074');
INSERT INTO BFP_PORTAL.BFPBM_TAREA(CODIGO_UNIDAD_NEGOCIO, CODIGO_PRODUCTO, CODIGO_PROCESO, CODIGO_TAREA, DESCRIPCION, URL, VERSION, TIEMPO_ROJO, TIEMPO_AMARILLO, NAMESPACE, ESTADO, USUARIO_CREACION, FECHA_CREACION, USUARIO_ACTUALIZACION, FECHA_ACTUALIZACION) VALUES ('BE', 'CF', 'BECFEM', 'BECF_Emision_v1_SubsanarObservacionesGerenteGrupo', 'Subsanar Observaciones del Gerente de Grupo', 'subsanarobservacionesgerentegrupov1.html', 1.0.0            , 7200, 18000, 'evso', 1, 'BPMUSER', '2014-11-12 14:41:44.293074', 'BPMUSER', '2014-11-12 14:41:44.293074');
INSERT INTO BFP_PORTAL.BFPBM_TAREA(CODIGO_UNIDAD_NEGOCIO, CODIGO_PRODUCTO, CODIGO_PROCESO, CODIGO_TAREA, DESCRIPCION, URL, VERSION, TIEMPO_ROJO, TIEMPO_AMARILLO, NAMESPACE, ESTADO, USUARIO_CREACION, FECHA_CREACION, USUARIO_ACTUALIZACION, FECHA_ACTUALIZACION) VALUES ('BE', 'CF', 'BECFEM', 'BECF_Emision_v1_SubsanarObservacionesVisado', 'Subsanar Observaciones de Visado', 'subsanarobservacionesvisadov1.html', 1.0.0            , 72000, 18000, 'evso', 1, 'BPMUSER', '2014-11-12 14:41:44.293074', 'beadmpro1', '2015-07-10 12:44:46.295655');
INSERT INTO BFP_PORTAL.BFPBM_TAREA(CODIGO_UNIDAD_NEGOCIO, CODIGO_PRODUCTO, CODIGO_PROCESO, CODIGO_TAREA, DESCRIPCION, URL, VERSION, TIEMPO_ROJO, TIEMPO_AMARILLO, NAMESPACE, ESTADO, USUARIO_CREACION, FECHA_CREACION, USUARIO_ACTUALIZACION, FECHA_ACTUALIZACION) VALUES ('BE', 'CF', 'BECFEM', 'BECF_Emision_v1_SubsanarObservacionesAutorizacion', 'Subsanar Observaciones de Autorizacin', 'subsanarobservacionesautorizacionv1.html', 1.0.0            , 500, 2000, ' ', 1, 'BPMUSER', '2014-11-12 14:41:44.293074', 'beadmpro1', '2015-07-10 13:54:24.46727');
INSERT INTO BFP_PORTAL.BFPBM_TAREA(CODIGO_UNIDAD_NEGOCIO, CODIGO_PRODUCTO, CODIGO_PROCESO, CODIGO_TAREA, DESCRIPCION, URL, VERSION, TIEMPO_ROJO, TIEMPO_AMARILLO, NAMESPACE, ESTADO, USUARIO_CREACION, FECHA_CREACION, USUARIO_ACTUALIZACION, FECHA_ACTUALIZACION) VALUES ('BC', 'PLD', 'PLDSG', 'PLDSinGarantiaV1_DigitalizarLima', 'Digitalizar FF. VV. Lima', 'DigitalizarLimaV1.jsp', 1.0.0            , 500, 200, ' ', 1, 'DEMO', '2015-06-05 12:33:19.856901', 'DEMO', '2015-06-05 12:33:19.856901');
INSERT INTO BFP_PORTAL.BFPBM_TAREA(CODIGO_UNIDAD_NEGOCIO, CODIGO_PRODUCTO, CODIGO_PROCESO, CODIGO_TAREA, DESCRIPCION, URL, VERSION, TIEMPO_ROJO, TIEMPO_AMARILLO, NAMESPACE, ESTADO, USUARIO_CREACION, FECHA_CREACION, USUARIO_ACTUALIZACION, FECHA_ACTUALIZACION) VALUES ('BE', 'CF', 'BECFCE', 'BECF_CambioEstado_v1_CompletarSolicitud', 'Completar Solicitud', 'completarsolicitudv1.html', 1.0.0            , 500, 200, '', 1, 'OSCHUP', '2015-07-08 15:51:16.0', 'OSCHUP', '2015-07-08 15:51:19.0');
INSERT INTO BFP_PORTAL.BFPBM_TAREA(CODIGO_UNIDAD_NEGOCIO, CODIGO_PRODUCTO, CODIGO_PROCESO, CODIGO_TAREA, DESCRIPCION, URL, VERSION, TIEMPO_ROJO, TIEMPO_AMARILLO, NAMESPACE, ESTADO, USUARIO_CREACION, FECHA_CREACION, USUARIO_ACTUALIZACION, FECHA_ACTUALIZACION) VALUES ('BE', 'CF', 'BECFCE', 'BECF_CambioEstado_v1_AutorizarOperacion', 'Autorizar Operacin', 'autorizaroperacionv1.html', 1.0.0            , 500, 200, '', 1, 'OSCHUP', '2015-07-08 15:52:31.0', 'OSCHUP', '2015-07-08 15:52:37.0');
INSERT INTO BFP_PORTAL.BFPBM_TAREA(CODIGO_UNIDAD_NEGOCIO, CODIGO_PRODUCTO, CODIGO_PROCESO, CODIGO_TAREA, DESCRIPCION, URL, VERSION, TIEMPO_ROJO, TIEMPO_AMARILLO, NAMESPACE, ESTADO, USUARIO_CREACION, FECHA_CREACION, USUARIO_ACTUALIZACION, FECHA_ACTUALIZACION) VALUES ('BE', 'CF', 'BECFCE', 'BECF_CambioEstado_v1_NotificarRequerimiento', 'Notificar Requerimiento', 'notificarrequerimientov1.html', 1.0.0            , 500, 200, ' ', 1, 'OSCHUP', '2015-07-08 15:53:55.0', 'OSCHUP', '2015-07-08 15:53:59.0');
INSERT INTO BFP_PORTAL.BFPBM_TAREA(CODIGO_UNIDAD_NEGOCIO, CODIGO_PRODUCTO, CODIGO_PROCESO, CODIGO_TAREA, DESCRIPCION, URL, VERSION, TIEMPO_ROJO, TIEMPO_AMARILLO, NAMESPACE, ESTADO, USUARIO_CREACION, FECHA_CREACION, USUARIO_ACTUALIZACION, FECHA_ACTUALIZACION) VALUES ('BE', 'CF', 'BECFCE', 'BECF_CambioEstado_v1_NotificarRenovacion', 'Notificar Renovacin', 'notificarrenovacionv1.html', 1.0.0            , 500, 200, ' ', 1, 'OSCHUP', '2015-07-08 15:54:34.0', 'OSCHUP', '2015-07-08 15:54:37.0');
INSERT INTO BFP_PORTAL.BFPBM_TAREA(CODIGO_UNIDAD_NEGOCIO, CODIGO_PRODUCTO, CODIGO_PROCESO, CODIGO_TAREA, DESCRIPCION, URL, VERSION, TIEMPO_ROJO, TIEMPO_AMARILLO, NAMESPACE, ESTADO, USUARIO_CREACION, FECHA_CREACION, USUARIO_ACTUALIZACION, FECHA_ACTUALIZACION) VALUES ('BE', 'CF', 'BECFCA', 'BECF_Cancelacion_v1_CompletarSolicitud', 'Completar Solicitud', 'completarsolicitudv1.html', 1.0.0            , 500, 200, ' ', 1, 'OSCHUP', '2015-07-08 15:55:40.0', 'OSCHUP', '2015-07-08 15:56:15.0');
INSERT INTO BFP_PORTAL.BFPBM_TAREA(CODIGO_UNIDAD_NEGOCIO, CODIGO_PRODUCTO, CODIGO_PROCESO, CODIGO_TAREA, DESCRIPCION, URL, VERSION, TIEMPO_ROJO, TIEMPO_AMARILLO, NAMESPACE, ESTADO, USUARIO_CREACION, FECHA_CREACION, USUARIO_ACTUALIZACION, FECHA_ACTUALIZACION) VALUES ('BE', 'CF', 'BECFCA', 'BECF_Cancelacion_v1_AutorizarOperacion', 'Autorizar Operacin', 'autorizaroperacionv1.html', 1.0.0            , 500, 200, ' ', 1, 'OSCHUP', '2015-07-08 15:57:45.0', 'OSCHUP', '2015-07-08 15:57:48.0');
INSERT INTO BFP_PORTAL.BFPBM_TAREA(CODIGO_UNIDAD_NEGOCIO, CODIGO_PRODUCTO, CODIGO_PROCESO, CODIGO_TAREA, DESCRIPCION, URL, VERSION, TIEMPO_ROJO, TIEMPO_AMARILLO, NAMESPACE, ESTADO, USUARIO_CREACION, FECHA_CREACION, USUARIO_ACTUALIZACION, FECHA_ACTUALIZACION) VALUES ('BE', 'CF', 'BECFCA', 'BECF_Cancelacion_v1_SubsanarObservaciondeAutorizacion', 'Subsanar Observaciones de Autorizacin', 'subsanarobservacionesautorizacionv1.html', 1.0.0            , 500, 200, ' ', 1, 'OSCHUP', '2015-07-08 15:58:12.0', 'OSCHUP', '2015-07-08 15:58:15.0');
INSERT INTO BFP_PORTAL.BFPBM_TAREA(CODIGO_UNIDAD_NEGOCIO, CODIGO_PRODUCTO, CODIGO_PROCESO, CODIGO_TAREA, DESCRIPCION, URL, VERSION, TIEMPO_ROJO, TIEMPO_AMARILLO, NAMESPACE, ESTADO, USUARIO_CREACION, FECHA_CREACION, USUARIO_ACTUALIZACION, FECHA_ACTUALIZACION) VALUES ('BM', 'PC', 'EMPC', 'EmisionCartaFianzav1_CompletarSolicitudc', 'Emision de Propeccion Comercial', 'EmisionPropsComer', 1.0.0            , 7200, 18000, '4sdf', 1, 'OSCHUP', '2014-08-19 11:16:18.0', 'OSCHUP', '2014-08-19 11:16:23.0');
INSERT INTO BFP_PORTAL.BFPBM_TAREA(CODIGO_UNIDAD_NEGOCIO, CODIGO_PRODUCTO, CODIGO_PROCESO, CODIGO_TAREA, DESCRIPCION, URL, VERSION, TIEMPO_ROJO, TIEMPO_AMARILLO, NAMESPACE, ESTADO, USUARIO_CREACION, FECHA_CREACION, USUARIO_ACTUALIZACION, FECHA_ACTUALIZACION) VALUES ('BC', 'PLD', 'PLDSG', 'PLDSinGarantiaV1_IngresarDatos', 'Ingreso de Datos', 'IngresarDatosV1.jsp', 1.0.0            , 500, 200, ' ', 1, 'DEMO', '2014-11-25 17:33:03.17609', 'DEMO', '2014-11-25 17:33:03.17609');
INSERT INTO BFP_PORTAL.BFPBM_TAREA(CODIGO_UNIDAD_NEGOCIO, CODIGO_PRODUCTO, CODIGO_PROCESO, CODIGO_TAREA, DESCRIPCION, URL, VERSION, TIEMPO_ROJO, TIEMPO_AMARILLO, NAMESPACE, ESTADO, USUARIO_CREACION, FECHA_CREACION, USUARIO_ACTUALIZACION, FECHA_ACTUALIZACION) VALUES ('BC', 'PLD', 'PLDSG', 'PLDSinGarantiaV1_ValidarReniec', 'Validar Reniec', 'ValidarReniecV1.jsp', 1.0.0            , 500, 200, ' ', 1, 'DEMO', '2014-11-25 17:33:03.184551', 'DEMO', '2014-11-25 17:33:03.184551');
INSERT INTO BFP_PORTAL.BFPBM_TAREA(CODIGO_UNIDAD_NEGOCIO, CODIGO_PRODUCTO, CODIGO_PROCESO, CODIGO_TAREA, DESCRIPCION, URL, VERSION, TIEMPO_ROJO, TIEMPO_AMARILLO, NAMESPACE, ESTADO, USUARIO_CREACION, FECHA_CREACION, USUARIO_ACTUALIZACION, FECHA_ACTUALIZACION) VALUES ('BC', 'PLD', 'PLDSG', 'PLDSinGarantiaV1_CompletarSolicitud', 'Completar Solicitud', 'CompletarSolicitudV1.jsp', 1.0.1            , 500, 200, ' ', 1, 'DEMO', '2014-11-25 17:33:03.192937', 'DEMO', '2014-11-25 17:33:03.192937');
INSERT INTO BFP_PORTAL.BFPBM_TAREA(CODIGO_UNIDAD_NEGOCIO, CODIGO_PRODUCTO, CODIGO_PROCESO, CODIGO_TAREA, DESCRIPCION, URL, VERSION, TIEMPO_ROJO, TIEMPO_AMARILLO, NAMESPACE, ESTADO, USUARIO_CREACION, FECHA_CREACION, USUARIO_ACTUALIZACION, FECHA_ACTUALIZACION) VALUES ('BC', 'PLD', 'PLDSG', 'PLDSinGarantiaV1_Digitalizar', 'Digitalizar', 'DigitalizarV1.jsp', 1.0.0            , 500, 200, ' ', 1, 'DEMO', '2014-11-25 17:33:03.20949', 'DEMO', '2014-11-25 17:33:03.20949');
INSERT INTO BFP_PORTAL.BFPBM_TAREA(CODIGO_UNIDAD_NEGOCIO, CODIGO_PRODUCTO, CODIGO_PROCESO, CODIGO_TAREA, DESCRIPCION, URL, VERSION, TIEMPO_ROJO, TIEMPO_AMARILLO, NAMESPACE, ESTADO, USUARIO_CREACION, FECHA_CREACION, USUARIO_ACTUALIZACION, FECHA_ACTUALIZACION) VALUES ('BC', 'PLD', 'PLDSG', 'PLDSinGarantiaV1_ValidarOfac', 'Verificar OFAC', 'VerificarOFACV1.jsp', 1.0.0            , 500, 200, ' ', 1, 'DEMO', '2014-11-25 17:33:03.221993', 'DEMO', '2014-11-25 17:33:03.221993');
INSERT INTO BFP_PORTAL.BFPBM_TAREA(CODIGO_UNIDAD_NEGOCIO, CODIGO_PRODUCTO, CODIGO_PROCESO, CODIGO_TAREA, DESCRIPCION, URL, VERSION, TIEMPO_ROJO, TIEMPO_AMARILLO, NAMESPACE, ESTADO, USUARIO_CREACION, FECHA_CREACION, USUARIO_ACTUALIZACION, FECHA_ACTUALIZACION) VALUES ('BC', 'PLD', 'PLDSG', 'PLDSinGarantiaV1_RealizarControlCalidad', 'Realizar Control Calidad', 'RealizarControlCalidadV1.jsp', 1.0.0            , 500, 200, ' ', 1, 'DEMO', '2014-11-25 17:33:03.255015', 'DEMO', '2014-11-25 17:33:03.255015');
INSERT INTO BFP_PORTAL.BFPBM_TAREA(CODIGO_UNIDAD_NEGOCIO, CODIGO_PRODUCTO, CODIGO_PROCESO, CODIGO_TAREA, DESCRIPCION, URL, VERSION, TIEMPO_ROJO, TIEMPO_AMARILLO, NAMESPACE, ESTADO, USUARIO_CREACION, FECHA_CREACION, USUARIO_ACTUALIZACION, FECHA_ACTUALIZACION) VALUES ('BC', 'PLD', 'PLDSG', 'PLDSinGarantiaV1_EvaluarSolicitud', 'Evaluar Solicitud', 'EvaluarSolicitudV1.jsp', 1.0.1            , 500, 200, ' ', 1, 'DEMO', '2014-11-25 17:33:03.268756', 'DEMO', '2014-11-25 17:33:03.268756');
INSERT INTO BFP_PORTAL.BFPBM_TAREA(CODIGO_UNIDAD_NEGOCIO, CODIGO_PRODUCTO, CODIGO_PROCESO, CODIGO_TAREA, DESCRIPCION, URL, VERSION, TIEMPO_ROJO, TIEMPO_AMARILLO, NAMESPACE, ESTADO, USUARIO_CREACION, FECHA_CREACION, USUARIO_ACTUALIZACION, FECHA_ACTUALIZACION) VALUES ('BC', 'PLD', 'PLDSG', 'PLDSinGarantiaV1_SubsanarCalidad', 'Subsanar Calidad', 'SubsanarCalidadV1.jsp', 1.0.0            , 500, 200, ' ', 1, 'DEMO', '2014-11-25 17:33:03.282438', 'DEMO', '2014-11-25 17:33:03.282438');
INSERT INTO BFP_PORTAL.BFPBM_TAREA(CODIGO_UNIDAD_NEGOCIO, CODIGO_PRODUCTO, CODIGO_PROCESO, CODIGO_TAREA, DESCRIPCION, URL, VERSION, TIEMPO_ROJO, TIEMPO_AMARILLO, NAMESPACE, ESTADO, USUARIO_CREACION, FECHA_CREACION, USUARIO_ACTUALIZACION, FECHA_ACTUALIZACION) VALUES ('BC', 'PLD', 'PLDSG', 'PLDSinGarantiaV1_SubsanarEvaluacion', 'Subsanar Evaluacion', 'SubsanarEvaluacionV1.jsp', 1.0.0            , 500, 200, ' ', 1, 'DEMO', '2014-11-25 17:33:03.2965', 'DEMO', '2014-11-25 17:33:03.2965');
INSERT INTO BFP_PORTAL.BFPBM_TAREA(CODIGO_UNIDAD_NEGOCIO, CODIGO_PRODUCTO, CODIGO_PROCESO, CODIGO_TAREA, DESCRIPCION, URL, VERSION, TIEMPO_ROJO, TIEMPO_AMARILLO, NAMESPACE, ESTADO, USUARIO_CREACION, FECHA_CREACION, USUARIO_ACTUALIZACION, FECHA_ACTUALIZACION) VALUES ('BC', 'PLD', 'PLDSG', 'PLDSinGarantiaV1_AutorizarDesembolso', 'Autorizar Desembolso', 'AutorizarDesembolsoV1.jsp', 1.0.1            , 500, 200, ' ', 1, 'DEMO', '2014-11-25 17:33:03.309629', 'DEMO', '2014-11-25 17:33:03.309629');
INSERT INTO BFP_PORTAL.BFPBM_TAREA(CODIGO_UNIDAD_NEGOCIO, CODIGO_PRODUCTO, CODIGO_PROCESO, CODIGO_TAREA, DESCRIPCION, URL, VERSION, TIEMPO_ROJO, TIEMPO_AMARILLO, NAMESPACE, ESTADO, USUARIO_CREACION, FECHA_CREACION, USUARIO_ACTUALIZACION, FECHA_ACTUALIZACION) VALUES ('BC', 'PLD', 'PLDSG', 'PLDSinGarantiaV1_AutorizarVerificaciones', 'Autorizar Verificaciones', 'AutorizarVerificacionesV1.jsp', 1.0.1            , 500, 200, ' ', 1, 'DEMO', '2014-11-25 17:33:03.326251', 'DEMO', '2014-11-25 17:33:03.326251');
INSERT INTO BFP_PORTAL.BFPBM_TAREA(CODIGO_UNIDAD_NEGOCIO, CODIGO_PRODUCTO, CODIGO_PROCESO, CODIGO_TAREA, DESCRIPCION, URL, VERSION, TIEMPO_ROJO, TIEMPO_AMARILLO, NAMESPACE, ESTADO, USUARIO_CREACION, FECHA_CREACION, USUARIO_ACTUALIZACION, FECHA_ACTUALIZACION) VALUES ('BC', 'PLD', 'PLDSG', 'PLDSinGarantiaV1_RealizarVTD', 'Verificar Domicilio', 'VerificarDomicilioV1.jsp', 1.0.0            , 500, 200, ' ', 1, 'DEMO', '2014-11-25 17:33:03.345461', 'DEMO', '2014-11-25 17:33:03.345461');
INSERT INTO BFP_PORTAL.BFPBM_TAREA(CODIGO_UNIDAD_NEGOCIO, CODIGO_PRODUCTO, CODIGO_PROCESO, CODIGO_TAREA, DESCRIPCION, URL, VERSION, TIEMPO_ROJO, TIEMPO_AMARILLO, NAMESPACE, ESTADO, USUARIO_CREACION, FECHA_CREACION, USUARIO_ACTUALIZACION, FECHA_ACTUALIZACION) VALUES ('BC', 'PLD', 'PLDSG', 'PLDSinGarantiaV1_RealizarVTL', 'Verificar Trabajo', 'VerificarTrabajoV1.jsp', 1.0.0            , 500, 200, ' ', 1, 'DEMO', '2014-11-25 17:33:03.36978', 'DEMO', '2014-11-25 17:33:03.36978');
INSERT INTO BFP_PORTAL.BFPBM_TAREA(CODIGO_UNIDAD_NEGOCIO, CODIGO_PRODUCTO, CODIGO_PROCESO, CODIGO_TAREA, DESCRIPCION, URL, VERSION, TIEMPO_ROJO, TIEMPO_AMARILLO, NAMESPACE, ESTADO, USUARIO_CREACION, FECHA_CREACION, USUARIO_ACTUALIZACION, FECHA_ACTUALIZACION) VALUES ('BC', 'PLD', 'PLDSG', 'PLDSinGarantiaV1_RealizarVisadoFisico', 'Realizar Visado Fisico', 'RealizarVisadoFisicoV1.jsp', 1.0.0            , 500, 200, ' ', 1, 'DEMO', '2014-11-25 17:33:03.387401', 'DEMO', '2014-11-25 17:33:03.387401');
INSERT INTO BFP_PORTAL.BFPBM_TAREA(CODIGO_UNIDAD_NEGOCIO, CODIGO_PRODUCTO, CODIGO_PROCESO, CODIGO_TAREA, DESCRIPCION, URL, VERSION, TIEMPO_ROJO, TIEMPO_AMARILLO, NAMESPACE, ESTADO, USUARIO_CREACION, FECHA_CREACION, USUARIO_ACTUALIZACION, FECHA_ACTUALIZACION) VALUES ('BC', 'PLD', 'PLDSG', 'PLDSinGarantiaV1_SubsanarVisado', 'Subsanar Visado', 'SubsanarVisadoV1.jsp', 1.0.0            , 500, 200, ' ', 1, 'DEMO', '2014-11-25 17:33:03.401936', 'DEMO', '2014-11-25 17:33:03.401936');
INSERT INTO BFP_PORTAL.BFPBM_TAREA(CODIGO_UNIDAD_NEGOCIO, CODIGO_PRODUCTO, CODIGO_PROCESO, CODIGO_TAREA, DESCRIPCION, URL, VERSION, TIEMPO_ROJO, TIEMPO_AMARILLO, NAMESPACE, ESTADO, USUARIO_CREACION, FECHA_CREACION, USUARIO_ACTUALIZACION, FECHA_ACTUALIZACION) VALUES ('BC', 'PLD', 'PLDSG', 'PLDSinGarantiaV1_ValidarExcepcion', 'Validar Excepcion', 'ValidarExcepcionV1.jsp', 1.0.0            , 500, 200, ' ', 1, 'DEMO', '2014-11-25 17:33:03.416643', 'DEMO', '2014-11-25 17:33:03.416643');
INSERT INTO BFP_PORTAL.BFPBM_TAREA(CODIGO_UNIDAD_NEGOCIO, CODIGO_PRODUCTO, CODIGO_PROCESO, CODIGO_TAREA, DESCRIPCION, URL, VERSION, TIEMPO_ROJO, TIEMPO_AMARILLO, NAMESPACE, ESTADO, USUARIO_CREACION, FECHA_CREACION, USUARIO_ACTUALIZACION, FECHA_ACTUALIZACION) VALUES ('BC', 'PLD', 'PLDSG', 'PLDSinGarantiaV1_SubsanarOperacionManual', 'Subsanar Operacin Manual', 'SubsanarOperacionManualV1.jsp', 1.0.0            , 500, 200, ' ', 1, 'DEMO', '2014-11-25 17:33:03.431656', 'DEMO', '2014-11-25 17:33:03.431656');
INSERT INTO BFP_PORTAL.BFPBM_TAREA(CODIGO_UNIDAD_NEGOCIO, CODIGO_PRODUCTO, CODIGO_PROCESO, CODIGO_TAREA, DESCRIPCION, URL, VERSION, TIEMPO_ROJO, TIEMPO_AMARILLO, NAMESPACE, ESTADO, USUARIO_CREACION, FECHA_CREACION, USUARIO_ACTUALIZACION, FECHA_ACTUALIZACION) VALUES ('BC', 'PLD', 'PLDSG', 'PLDSinGarantiaV1_ReingresarEvaluarSolicitud', 'Reingresar Evaluar Solicitud', 'ReingresarEvaluarSolicitudV1.jsp', 1.0.0            , 500, 200, ' ', 1, 'DEMO', '2015-04-08 17:02:53.694157', 'DEMO', '2015-04-08 17:02:53.694157');
INSERT INTO BFP_PORTAL.BFPBM_TAREA_PERFIL(CODIGO_TAREA, CODIGO_PERFIL, ESTADO, USUARIO_CREACION, FECHA_CREACION, USUARIO_ACTUALIZACION, FECHA_ACTUALIZACION) VALUES ('PLDSinGarantiaV1_IngresarDatos', 'EJECUTIVO DE VENTAS', 1, 'OSCHUP', '2015-01-16 10:14:05.0', 'OSCHUP', '2015-01-16 10:14:08.0');
INSERT INTO BFP_PORTAL.BFPBM_TAREA_PERFIL(CODIGO_TAREA, CODIGO_PERFIL, ESTADO, USUARIO_CREACION, FECHA_CREACION, USUARIO_ACTUALIZACION, FECHA_ACTUALIZACION) VALUES ('PLDSinGarantiaV1_RealizarVTD', 'VERIFICADOR PAGUE YA', 1, 'OSCHUP', '2015-01-20 14:36:47.0', 'OSCHUP', '2015-01-20 14:36:48.0');
INSERT INTO BFP_PORTAL.BFPBM_TAREA_PERFIL(CODIGO_TAREA, CODIGO_PERFIL, ESTADO, USUARIO_CREACION, FECHA_CREACION, USUARIO_ACTUALIZACION, FECHA_ACTUALIZACION) VALUES ('PLDSinGarantiaV1_RealizarVTL', 'VERIFICADOR PAGUE YA', 1, 'OSCHUP', '2015-01-20 14:53:17.0', 'OSCHUP', '2015-01-20 14:53:24.0');
INSERT INTO BFP_PORTAL.BFPBM_TAREA_PERFIL(CODIGO_TAREA, CODIGO_PERFIL, ESTADO, USUARIO_CREACION, FECHA_CREACION, USUARIO_ACTUALIZACION, FECHA_ACTUALIZACION) VALUES ('PLDSinGarantiaV1_ValidarOfac', 'OFICIAL DE CUMPLIMIENTO', 1, 'OSCHUP', '2015-01-23 12:01:15.0', 'OSCHUP', '2015-01-23 12:01:21.0');
INSERT INTO BFP_PORTAL.BFPBM_TAREA_PERFIL(CODIGO_TAREA, CODIGO_PERFIL, ESTADO, USUARIO_CREACION, FECHA_CREACION, USUARIO_ACTUALIZACION, FECHA_ACTUALIZACION) VALUES ('PLDSinGarantiaV1_ValidarReniec', 'EJECUTIVO DE VENTAS', 1, 'OSCHUP', '2015-01-23 12:14:02.0', 'OSCHUP', '2015-01-23 12:14:08.0');
INSERT INTO BFP_PORTAL.BFPBM_TAREA_PERFIL(CODIGO_TAREA, CODIGO_PERFIL, ESTADO, USUARIO_CREACION, FECHA_CREACION, USUARIO_ACTUALIZACION, FECHA_ACTUALIZACION) VALUES ('PLDSinGarantiaV1_CompletarSolicitud', 'EJECUTIVO DE VENTAS', 1, 'OSCHUP', '2015-01-23 12:14:33.0', 'OSCHUP', '2015-01-23 12:14:38.0');
INSERT INTO BFP_PORTAL.BFPBM_TAREA_PERFIL(CODIGO_TAREA, CODIGO_PERFIL, ESTADO, USUARIO_CREACION, FECHA_CREACION, USUARIO_ACTUALIZACION, FECHA_ACTUALIZACION) VALUES ('PLDSinGarantiaV1_Digitalizar', 'EJECUTIVO DE VENTAS', 1, 'OSCHUP', '2015-01-23 12:15:56.0', 'OSCHUP', '2015-01-23 12:15:57.0');
INSERT INTO BFP_PORTAL.BFPBM_TAREA_PERFIL(CODIGO_TAREA, CODIGO_PERFIL, ESTADO, USUARIO_CREACION, FECHA_CREACION, USUARIO_ACTUALIZACION, FECHA_ACTUALIZACION) VALUES ('PLDSinGarantiaV1_SubsanarCalidad', 'EJECUTIVO DE VENTAS', 1, 'OSCHUP', '2015-01-23 12:17:09.0', 'OSCHUP', '2015-01-23 12:17:14.0');
INSERT INTO BFP_PORTAL.BFPBM_TAREA_PERFIL(CODIGO_TAREA, CODIGO_PERFIL, ESTADO, USUARIO_CREACION, FECHA_CREACION, USUARIO_ACTUALIZACION, FECHA_ACTUALIZACION) VALUES ('PLDSinGarantiaV1_RealizarControlCalidad', 'ASISTENTE DE CONTROL DE CALIDAD', 1, 'OSCHUP', '2015-01-23 12:17:46.0', 'OSCHUP', '2015-01-23 12:17:48.0');
INSERT INTO BFP_PORTAL.BFPBM_TAREA_PERFIL(CODIGO_TAREA, CODIGO_PERFIL, ESTADO, USUARIO_CREACION, FECHA_CREACION, USUARIO_ACTUALIZACION, FECHA_ACTUALIZACION) VALUES ('PLDSinGarantiaV1_SubsanarEvaluacion', 'ASISTENTE DE CONTROL DE CALIDAD', 1, 'OSCHUP', '2015-01-23 12:20:14.0', 'OSCHUP', '2015-01-23 12:20:21.0');
INSERT INTO BFP_PORTAL.BFPBM_TAREA_PERFIL(CODIGO_TAREA, CODIGO_PERFIL, ESTADO, USUARIO_CREACION, FECHA_CREACION, USUARIO_ACTUALIZACION, FECHA_ACTUALIZACION) VALUES ('PLDSinGarantiaV1_EvaluarSolicitud', 'ANALISTA DE CREDITOS', 1, 'OSCHUP', '2015-01-23 12:21:18.0', 'OSCHUP', '2015-01-23 12:21:22.0');
INSERT INTO BFP_PORTAL.BFPBM_TAREA_PERFIL(CODIGO_TAREA, CODIGO_PERFIL, ESTADO, USUARIO_CREACION, FECHA_CREACION, USUARIO_ACTUALIZACION, FECHA_ACTUALIZACION) VALUES ('PLDSinGarantiaV1_AutorizarDesembolso', 'SUPERVISOR DE RIESGOS', 1, 'OSCHUP', '2015-01-23 12:21:50.0', 'OSCHUP', '2015-01-23 12:21:52.0');
INSERT INTO BFP_PORTAL.BFPBM_TAREA_PERFIL(CODIGO_TAREA, CODIGO_PERFIL, ESTADO, USUARIO_CREACION, FECHA_CREACION, USUARIO_ACTUALIZACION, FECHA_ACTUALIZACION) VALUES ('PLDSinGarantiaV1_AutorizarVerificaciones', 'SUPERVISOR DE RIESGOS', 1, 'OSCHUP', '2015-01-23 12:22:21.0', 'OSCHUP', '2015-01-23 12:22:23.0');
INSERT INTO BFP_PORTAL.BFPBM_TAREA_PERFIL(CODIGO_TAREA, CODIGO_PERFIL, ESTADO, USUARIO_CREACION, FECHA_CREACION, USUARIO_ACTUALIZACION, FECHA_ACTUALIZACION) VALUES ('PLDSinGarantiaV1_ValidarExcepcion', 'SUPERVISOR DE RIESGOS', 1, 'OSCHUP', '2015-01-23 12:22:56.0', 'OSCHUP', '2015-01-23 12:22:57.0');
INSERT INTO BFP_PORTAL.BFPBM_TAREA_PERFIL(CODIGO_TAREA, CODIGO_PERFIL, ESTADO, USUARIO_CREACION, FECHA_CREACION, USUARIO_ACTUALIZACION, FECHA_ACTUALIZACION) VALUES ('PLDSinGarantiaV1_SubsanarOperacionManual', 'ASISTENTE DE OPERACIONES', 1, 'OSCHUP', '2015-01-23 12:23:24.0', 'OSCHUP', '2015-01-23 12:23:25.0');
INSERT INTO BFP_PORTAL.BFPBM_TAREA_PERFIL(CODIGO_TAREA, CODIGO_PERFIL, ESTADO, USUARIO_CREACION, FECHA_CREACION, USUARIO_ACTUALIZACION, FECHA_ACTUALIZACION) VALUES ('PLDSinGarantiaV1_RealizarVisadoFisico', 'ASISTENTE DE VISADO', 1, 'OSCHUP', '2015-01-23 12:24:24.0', 'OSCHUP', '2015-01-23 12:24:27.0');
INSERT INTO BFP_PORTAL.BFPBM_TAREA_PERFIL(CODIGO_TAREA, CODIGO_PERFIL, ESTADO, USUARIO_CREACION, FECHA_CREACION, USUARIO_ACTUALIZACION, FECHA_ACTUALIZACION) VALUES ('PLDSinGarantiaV1_ReingresarEvaluarSolicitud', 'ANALISTA DE CREDITOS', 1, 'OSCHUP', '2015-04-08 17:02:55.330317', 'OSCHUP', '2015-04-08 17:02:55.330317');
INSERT INTO BFP_PORTAL.BFPBM_TAREA_PERFIL(CODIGO_TAREA, CODIGO_PERFIL, ESTADO, USUARIO_CREACION, FECHA_CREACION, USUARIO_ACTUALIZACION, FECHA_ACTUALIZACION) VALUES ('PLDSinGarantiaV1_DigitalizarLima', 'EJECUTIVO DE VENTAS', 1, 'OSCHUP', '2015-06-05 12:33:23.415396', 'OSCHUP', '2015-06-05 12:33:23.415396');
INSERT INTO BFP_PORTAL.BFPBM_UNIDAD_NEGOCIO(CODIGO_UNIDAD_NEGOCIO, DESCRIPCION, URL, VERSION, ESTADO, USUARIO_CREACION, FECHA_CREACION, USUARIO_ACTUALIZACION, FECHA_ACTUALIZACION) VALUES ('BE', 'BANCA EMPRESA', 'BE', 1.0.0            , 1, 'OSCHUP', '2014-08-01 12:16:53.604298', 'OSCHUP', '2014-08-01 12:16:53.604298');
INSERT INTO BFP_PORTAL.BFPBM_UNIDAD_NEGOCIO(CODIGO_UNIDAD_NEGOCIO, DESCRIPCION, URL, VERSION, ESTADO, USUARIO_CREACION, FECHA_CREACION, USUARIO_ACTUALIZACION, FECHA_ACTUALIZACION) VALUES ('BM', 'BANCA MINORISTA', 'BM', 1.0.0            , 1, 'OSCHUP', '2014-08-01 12:17:20.201207', 'OSCHUP', '2014-08-01 12:17:20.201207');
INSERT INTO BFP_PORTAL.BFPBM_UNIDAD_NEGOCIO(CODIGO_UNIDAD_NEGOCIO, DESCRIPCION, URL, VERSION, ESTADO, USUARIO_CREACION, FECHA_CREACION, USUARIO_ACTUALIZACION, FECHA_ACTUALIZACION) VALUES ('BC', 'BANCA CONSUMO', 'BC', 1.0.0            , 1, 'DEMO', '2014-11-18 12:27:05.492633', 'DEMO', '2014-11-18 12:27:05.492633');
INSERT INTO BFP_PORTAL.BFPBM_USUARIO_ATRIBUTO(CODIGO_USUARIO, CODIGO_ATRIBUTO, CODIGO_DESCRIPCION, DESCRIPCION) VALUES ('ejeven1', 1, '2231', 'AGENT');
INSERT INTO BFP_PORTAL.BFPBM_USUARIO_ATRIBUTO(CODIGO_USUARIO, CODIGO_ATRIBUTO, CODIGO_DESCRIPCION, DESCRIPCION) VALUES ('ejeven1', 2, '5342', 'CANAL');
INSERT INTO BFP_PORTAL.BFPBM_USUARIO_ATRIBUTO(CODIGO_USUARIO, CODIGO_ATRIBUTO, CODIGO_DESCRIPCION, DESCRIPCION) VALUES ('ejeven1', 3, '4532', 'JEFE');
INSERT INTO BFP_PORTAL.BFPBM_USUARIO_ATRIBUTO(CODIGO_USUARIO, CODIGO_ATRIBUTO, CODIGO_DESCRIPCION, DESCRIPCION) VALUES ('ejeven1', 4, '4532', 'SUPERV');
INSERT INTO BFP_PORTAL.BFPBM_USUARIO_ATRIBUTO(CODIGO_USUARIO, CODIGO_ATRIBUTO, CODIGO_DESCRIPCION, DESCRIPCION) VALUES ('ejeven2', 1, '1', 'AGENCIAS');
INSERT INTO BFP_PORTAL.BFPBM_USUARIO_ATRIBUTO(CODIGO_USUARIO, CODIGO_ATRIBUTO, CODIGO_DESCRIPCION, DESCRIPCION) VALUES ('ejeven2', 2, '101', 'AG. PIURA');
INSERT INTO BFP_PORTAL.BFPBM_USUARIO_ATRIBUTO(CODIGO_USUARIO, CODIGO_ATRIBUTO, CODIGO_DESCRIPCION, DESCRIPCION) VALUES ('ejeven2', 3, '094903', 'ARIAS ESPINOZA JUAN CARLOS');
INSERT INTO BFP_PORTAL.BFPBM_USUARIO_ATRIBUTO(CODIGO_USUARIO, CODIGO_ATRIBUTO, CODIGO_DESCRIPCION, DESCRIPCION) VALUES ('ejeven2', 4, 'tvasiope2', 'Juana Delgado Gomez');
INSERT INTO BFP_PORTAL.BFPBM_USUARIO_ATRIBUTO(CODIGO_USUARIO, CODIGO_ATRIBUTO, CODIGO_DESCRIPCION, DESCRIPCION) VALUES ('ejeven4', 1, '1', 'AGENCIAS ');
INSERT INTO BFP_PORTAL.BFPBM_USUARIO_ATRIBUTO(CODIGO_USUARIO, CODIGO_ATRIBUTO, CODIGO_DESCRIPCION, DESCRIPCION) VALUES ('ejeven4', 2, '027', 'AG. MIRAFLORES');
INSERT INTO BFP_PORTAL.BFPBM_USUARIO_ATRIBUTO(CODIGO_USUARIO, CODIGO_ATRIBUTO, CODIGO_DESCRIPCION, DESCRIPCION) VALUES ('ejeven4', 3, 'jefven1', 'Jefe d' Ventas 1');
INSERT INTO BFP_PORTAL.BFPBM_USUARIO_ATRIBUTO(CODIGO_USUARIO, CODIGO_ATRIBUTO, CODIGO_DESCRIPCION, DESCRIPCION) VALUES ('ejeven4', 4, 'supven1', 'Supervisor d' ventas 1');
INSERT INTO BFP_PORTAL.BFPBM_USUARIO_ATRIBUTO(CODIGO_USUARIO, CODIGO_ATRIBUTO, CODIGO_DESCRIPCION, DESCRIPCION) VALUES ('ejeven3', 1, '1', 'AGENCIAS ');
INSERT INTO BFP_PORTAL.BFPBM_USUARIO_ATRIBUTO(CODIGO_USUARIO, CODIGO_ATRIBUTO, CODIGO_DESCRIPCION, DESCRIPCION) VALUES ('ejeven3', 2, '007', 'AG. EMANCIPACION');
INSERT INTO BFP_PORTAL.BFPBM_USUARIO_ATRIBUTO(CODIGO_USUARIO, CODIGO_ATRIBUTO, CODIGO_DESCRIPCION, DESCRIPCION) VALUES ('ejeven3', 3, 'jefven1', 'Jefe d' Ventas 1');
INSERT INTO BFP_PORTAL.BFPBM_USUARIO_ATRIBUTO(CODIGO_USUARIO, CODIGO_ATRIBUTO, CODIGO_DESCRIPCION, DESCRIPCION) VALUES ('ejeven3', 4, 'supven1', 'Supervisor d' ventas 1');
INSERT INTO BFP_PORTAL.BFPBM_USUARIO_ATRIBUTO(CODIGO_USUARIO, CODIGO_ATRIBUTO, CODIGO_DESCRIPCION, DESCRIPCION) VALUES ('ejeven5', 1, '1', 'AGENCIAS ');
INSERT INTO BFP_PORTAL.BFPBM_USUARIO_ATRIBUTO(CODIGO_USUARIO, CODIGO_ATRIBUTO, CODIGO_DESCRIPCION, DESCRIPCION) VALUES ('ejeven5', 2, '021', 'AG. HIGUERETA');
INSERT INTO BFP_PORTAL.BFPBM_USUARIO_ATRIBUTO(CODIGO_USUARIO, CODIGO_ATRIBUTO, CODIGO_DESCRIPCION, DESCRIPCION) VALUES ('ejeven5', 3, 'jefven1', 'Jefe d' Ventas 1');
INSERT INTO BFP_PORTAL.BFPBM_USUARIO_ATRIBUTO(CODIGO_USUARIO, CODIGO_ATRIBUTO, CODIGO_DESCRIPCION, DESCRIPCION) VALUES ('ejeven5', 4, 'supven1', 'Supervisor d' ventas 1');
INSERT INTO BFP_PORTAL.BFPBM_USUARIO_ATRIBUTO(CODIGO_USUARIO, CODIGO_ATRIBUTO, CODIGO_DESCRIPCION, DESCRIPCION) VALUES ('ejeven8', 1, '1', 'AGENCIAS ');
INSERT INTO BFP_PORTAL.BFPBM_USUARIO_ATRIBUTO(CODIGO_USUARIO, CODIGO_ATRIBUTO, CODIGO_DESCRIPCION, DESCRIPCION) VALUES ('ejeven8', 2, '109', 'AG. TACNA');
INSERT INTO BFP_PORTAL.BFPBM_USUARIO_ATRIBUTO(CODIGO_USUARIO, CODIGO_ATRIBUTO, CODIGO_DESCRIPCION, DESCRIPCION) VALUES ('ejeven8', 3, 'jefven1', 'Jefe d' Ventas 1');
INSERT INTO BFP_PORTAL.BFPBM_USUARIO_ATRIBUTO(CODIGO_USUARIO, CODIGO_ATRIBUTO, CODIGO_DESCRIPCION, DESCRIPCION) VALUES ('ejeven8', 4, 'supven1', 'Supervisor d' ventas 1');
INSERT INTO BFP_PORTAL.BFPBM_USUARIO_ATRIBUTO(CODIGO_USUARIO, CODIGO_ATRIBUTO, CODIGO_DESCRIPCION, DESCRIPCION) VALUES ('ejeven10', 1, '4', 'FFVV LIMA');
INSERT INTO BFP_PORTAL.BFPBM_USUARIO_ATRIBUTO(CODIGO_USUARIO, CODIGO_ATRIBUTO, CODIGO_DESCRIPCION, DESCRIPCION) VALUES ('ejeven10', 2, '000', 'OFI. PRINCIPAL');
INSERT INTO BFP_PORTAL.BFPBM_USUARIO_ATRIBUTO(CODIGO_USUARIO, CODIGO_ATRIBUTO, CODIGO_DESCRIPCION, DESCRIPCION) VALUES ('ejeven10', 3, '094997', 'GOMEZ  CAMPOS ESTEFANI MARIA');
INSERT INTO BFP_PORTAL.BFPBM_USUARIO_ATRIBUTO(CODIGO_USUARIO, CODIGO_ATRIBUTO, CODIGO_DESCRIPCION, DESCRIPCION) VALUES ('ejeven10', 4, '096664', 'CASTRO FARFAN VERONICA MARIEL');
INSERT INTO BFP_PORTAL.BFPBM_USUARIO_ATRIBUTO(CODIGO_USUARIO, CODIGO_ATRIBUTO, CODIGO_DESCRIPCION, DESCRIPCION) VALUES ('ejeven11', 1, '1', 'AGENCIAS ');
INSERT INTO BFP_PORTAL.BFPBM_USUARIO_ATRIBUTO(CODIGO_USUARIO, CODIGO_ATRIBUTO, CODIGO_DESCRIPCION, DESCRIPCION) VALUES ('ejeven11', 2, '100', 'AG. PIURA');
INSERT INTO BFP_PORTAL.BFPBM_USUARIO_ATRIBUTO(CODIGO_USUARIO, CODIGO_ATRIBUTO, CODIGO_DESCRIPCION, DESCRIPCION) VALUES ('ejeven11', 3, 'supven1', 'Supervisor d' ventas 1');
INSERT INTO BFP_PORTAL.BFPBM_USUARIO_ATRIBUTO(CODIGO_USUARIO, CODIGO_ATRIBUTO, CODIGO_DESCRIPCION, DESCRIPCION) VALUES ('ejeven11', 4, '', '');
INSERT INTO BFP_PORTAL.BFPBM_USUARIO_ATRIBUTO(CODIGO_USUARIO, CODIGO_ATRIBUTO, CODIGO_DESCRIPCION, DESCRIPCION) VALUES ('ejeven7', 1, '1', 'AGENCIAS ');
INSERT INTO BFP_PORTAL.BFPBM_USUARIO_ATRIBUTO(CODIGO_USUARIO, CODIGO_ATRIBUTO, CODIGO_DESCRIPCION, DESCRIPCION) VALUES ('ejeven7', 2, '108', 'AG. HUARAZ');
INSERT INTO BFP_PORTAL.BFPBM_USUARIO_ATRIBUTO(CODIGO_USUARIO, CODIGO_ATRIBUTO, CODIGO_DESCRIPCION, DESCRIPCION) VALUES ('ejeven7', 3, 'jefven1', 'Jefe d' Ventas 1');
INSERT INTO BFP_PORTAL.BFPBM_USUARIO_ATRIBUTO(CODIGO_USUARIO, CODIGO_ATRIBUTO, CODIGO_DESCRIPCION, DESCRIPCION) VALUES ('ejeven7', 4, 'supven1', 'Supervisor d' ventas 1');
INSERT INTO BFP_PORTAL.BFPBM_USUARIO_ATRIBUTO(CODIGO_USUARIO, CODIGO_ATRIBUTO, CODIGO_DESCRIPCION, DESCRIPCION) VALUES ('ejeven6', 1, '1', 'AGENCIAS ');
INSERT INTO BFP_PORTAL.BFPBM_USUARIO_ATRIBUTO(CODIGO_USUARIO, CODIGO_ATRIBUTO, CODIGO_DESCRIPCION, DESCRIPCION) VALUES ('ejeven6', 2, '003', 'AG. CALLAO');
INSERT INTO BFP_PORTAL.BFPBM_USUARIO_ATRIBUTO(CODIGO_USUARIO, CODIGO_ATRIBUTO, CODIGO_DESCRIPCION, DESCRIPCION) VALUES ('ejeven6', 3, 'jefven1', 'Jefe d' Ventas 1');
INSERT INTO BFP_PORTAL.BFPBM_USUARIO_ATRIBUTO(CODIGO_USUARIO, CODIGO_ATRIBUTO, CODIGO_DESCRIPCION, DESCRIPCION) VALUES ('ejeven6', 4, 'supven1', 'Supervisor d' ventas 1');
INSERT INTO BFP_PORTAL.BFPBM_USUARIO_ATRIBUTO(CODIGO_USUARIO, CODIGO_ATRIBUTO, CODIGO_DESCRIPCION, DESCRIPCION) VALUES ('ejeven9', 1, '1', 'AGENCIAS ');
INSERT INTO BFP_PORTAL.BFPBM_USUARIO_ATRIBUTO(CODIGO_USUARIO, CODIGO_ATRIBUTO, CODIGO_DESCRIPCION, DESCRIPCION) VALUES ('ejeven9', 2, '111', 'AG. TRUJILLO');
INSERT INTO BFP_PORTAL.BFPBM_USUARIO_ATRIBUTO(CODIGO_USUARIO, CODIGO_ATRIBUTO, CODIGO_DESCRIPCION, DESCRIPCION) VALUES ('ejeven9', 3, 'jefven1', 'Jefe d' Ventas 1');
INSERT INTO BFP_PORTAL.BFPBM_USUARIO_ATRIBUTO(CODIGO_USUARIO, CODIGO_ATRIBUTO, CODIGO_DESCRIPCION, DESCRIPCION) VALUES ('ejeven9', 4, 'supven1', 'Supervisor d' ventas 1');
INSERT INTO BFP_PORTAL.BFPBM_USUARIO_ATRIBUTO(CODIGO_USUARIO, CODIGO_ATRIBUTO, CODIGO_DESCRIPCION, DESCRIPCION) VALUES ('ejeven2', 5, 'dasda', 'dasda');
INSERT INTO BFP_PORTAL.BFPBM_USUARIO_ATRIBUTO(CODIGO_USUARIO, CODIGO_ATRIBUTO, CODIGO_DESCRIPCION, DESCRIPCION) VALUES ('befunneg1', 1, '', '');
INSERT INTO BFP_PORTAL.BFPBM_USUARIO_ATRIBUTO(CODIGO_USUARIO, CODIGO_ATRIBUTO, CODIGO_DESCRIPCION, DESCRIPCION) VALUES ('befunneg1', 2, '', '');
INSERT INTO BFP_PORTAL.BFPBM_USUARIO_ATRIBUTO(CODIGO_USUARIO, CODIGO_ATRIBUTO, CODIGO_DESCRIPCION, DESCRIPCION) VALUES ('befunneg1', 3, '', '');
INSERT INTO BFP_PORTAL.BFPBM_USUARIO_ATRIBUTO(CODIGO_USUARIO, CODIGO_ATRIBUTO, CODIGO_DESCRIPCION, DESCRIPCION) VALUES ('befunneg1', 4, '', '');
INSERT INTO BFP_PORTAL.BFPBM_USUARIO_ATRIBUTO(CODIGO_USUARIO, CODIGO_ATRIBUTO, CODIGO_DESCRIPCION, DESCRIPCION) VALUES ('befunneg1', 5, '', '');
INSERT INTO BFP_PORTAL.BFPBM_USUARIO_ATRIBUTO(CODIGO_USUARIO, CODIGO_ATRIBUTO, CODIGO_DESCRIPCION, DESCRIPCION) VALUES ('befunneg1', 6, 'BE', 'BANCA EMPRESA');
INSERT INTO BFP_PORTAL.BFPBM_USUARIO_ATRIBUTO(CODIGO_USUARIO, CODIGO_ATRIBUTO, CODIGO_DESCRIPCION, DESCRIPCION) VALUES ('befunneg1', 7, 'CF', 'CARTA FIANZA');
INSERT INTO BFP_PORTAL.BFPBM_USUARIO_ATRIBUTO(CODIGO_USUARIO, CODIGO_ATRIBUTO, CODIGO_DESCRIPCION, DESCRIPCION) VALUES ('ejeven2', 6, 'BC', 'BANCA CONSUMO');
INSERT INTO BFP_PORTAL.BFPBM_USUARIO_ATRIBUTO(CODIGO_USUARIO, CODIGO_ATRIBUTO, CODIGO_DESCRIPCION, DESCRIPCION) VALUES ('ejeven2', 7, 'PLD', 'PRESTAMO DE LIBRE DISPONIBILIDAD');
INSERT INTO BFP_PORTAL.BFPBM_USUARIO_ATRIBUTO(CODIGO_USUARIO, CODIGO_ATRIBUTO, CODIGO_DESCRIPCION, DESCRIPCION) VALUES ('ejeven4', 6, 'BC', 'BANCA CONSUMO');
INSERT INTO BFP_PORTAL.BFPBM_USUARIO_ATRIBUTO(CODIGO_USUARIO, CODIGO_ATRIBUTO, CODIGO_DESCRIPCION, DESCRIPCION) VALUES ('ejeven4', 7, 'PLD', 'PRESTAMO DE LIBRE DISPONIBILIDAD');
INSERT INTO BFP_PORTAL.BFPBM_USUARIO_ATRIBUTO(CODIGO_USUARIO, CODIGO_ATRIBUTO, CODIGO_DESCRIPCION, DESCRIPCION) VALUES ('ejeven8', 6, 'BC', 'BANCA CONSUMO');
INSERT INTO BFP_PORTAL.BFPBM_USUARIO_ATRIBUTO(CODIGO_USUARIO, CODIGO_ATRIBUTO, CODIGO_DESCRIPCION, DESCRIPCION) VALUES ('ejeven8', 7, 'PLD', 'PRESTAMO DE LIBRE DISPONIBILIDAD');
INSERT INTO BFP_PORTAL.BFPBM_USUARIO_ATRIBUTO(CODIGO_USUARIO, CODIGO_ATRIBUTO, CODIGO_DESCRIPCION, DESCRIPCION) VALUES ('beanavis1', 1, '000', '000');
INSERT INTO BFP_PORTAL.BFPBM_USUARIO_ATRIBUTO(CODIGO_USUARIO, CODIGO_ATRIBUTO, CODIGO_DESCRIPCION, DESCRIPCION) VALUES ('beanavis1', 2, '000', 'AGENCIA RICARDO PALMA');
INSERT INTO BFP_PORTAL.BFPBM_USUARIO_ATRIBUTO(CODIGO_USUARIO, CODIGO_ATRIBUTO, CODIGO_DESCRIPCION, DESCRIPCION) VALUES ('beanavis1', 3, 'Juan Perez', 'Juan Perez');
INSERT INTO BFP_PORTAL.BFPBM_USUARIO_ATRIBUTO(CODIGO_USUARIO, CODIGO_ATRIBUTO, CODIGO_DESCRIPCION, DESCRIPCION) VALUES ('beanavis1', 4, 'Juan Perez', 'Juan Perez');
INSERT INTO BFP_PORTAL.BFPBM_USUARIO_ATRIBUTO(CODIGO_USUARIO, CODIGO_ATRIBUTO, CODIGO_DESCRIPCION, DESCRIPCION) VALUES ('beanavis1', 5, '', '');
INSERT INTO BFP_PORTAL.BFPBM_USUARIO_ATRIBUTO(CODIGO_USUARIO, CODIGO_ATRIBUTO, CODIGO_DESCRIPCION, DESCRIPCION) VALUES ('beanavis1', 6, 'BE', 'BE');
INSERT INTO BFP_PORTAL.BFPBM_USUARIO_ATRIBUTO(CODIGO_USUARIO, CODIGO_ATRIBUTO, CODIGO_DESCRIPCION, DESCRIPCION) VALUES ('beanavis1', 7, 'CF', 'CF');
INSERT INTO BFP_PORTAL.BFPBM_USUARIO_ATRIBUTO(CODIGO_USUARIO, CODIGO_ATRIBUTO, CODIGO_DESCRIPCION, DESCRIPCION) VALUES ('beanavis2', 1, '00', '00');
INSERT INTO BFP_PORTAL.BFPBM_USUARIO_ATRIBUTO(CODIGO_USUARIO, CODIGO_ATRIBUTO, CODIGO_DESCRIPCION, DESCRIPCION) VALUES ('beanavis2', 2, '000', '000');
INSERT INTO BFP_PORTAL.BFPBM_USUARIO_ATRIBUTO(CODIGO_USUARIO, CODIGO_ATRIBUTO, CODIGO_DESCRIPCION, DESCRIPCION) VALUES ('beanavis2', 3, 'begergru1', 'begergru1');
INSERT INTO BFP_PORTAL.BFPBM_USUARIO_ATRIBUTO(CODIGO_USUARIO, CODIGO_ATRIBUTO, CODIGO_DESCRIPCION, DESCRIPCION) VALUES ('beanavis2', 4, 'begergru1', 'begergru1');
INSERT INTO BFP_PORTAL.BFPBM_USUARIO_ATRIBUTO(CODIGO_USUARIO, CODIGO_ATRIBUTO, CODIGO_DESCRIPCION, DESCRIPCION) VALUES ('beanavis2', 5, 'demo@demo.com', 'demo@demo.com');
INSERT INTO BFP_PORTAL.BFPBM_USUARIO_ATRIBUTO(CODIGO_USUARIO, CODIGO_ATRIBUTO, CODIGO_DESCRIPCION, DESCRIPCION) VALUES ('beanavis2', 6, 'BE', 'BE');
INSERT INTO BFP_PORTAL.BFPBM_USUARIO_ATRIBUTO(CODIGO_USUARIO, CODIGO_ATRIBUTO, CODIGO_DESCRIPCION, DESCRIPCION) VALUES ('beanavis2', 7, 'CFZA', 'CFZA');
INSERT INTO BFP_PORTAL.BFPBM_USUARIO_ATRIBUTO(CODIGO_USUARIO, CODIGO_ATRIBUTO, CODIGO_DESCRIPCION, DESCRIPCION) VALUES ('ejeven10', 6, 'TODOS', 'TODOS');
INSERT INTO BFP_PORTAL.BFPBM_USUARIO_ATRIBUTO(CODIGO_USUARIO, CODIGO_ATRIBUTO, CODIGO_DESCRIPCION, DESCRIPCION) VALUES ('ejeven10', 7, '', '');
INSERT INTO BFP_PORTAL.BFPBM_USUARIO_ATRIBUTO(CODIGO_USUARIO, CODIGO_ATRIBUTO, CODIGO_DESCRIPCION, DESCRIPCION) VALUES ('suprie1', 1, '1', 'AGENCIAS ');
INSERT INTO BFP_PORTAL.BFPBM_USUARIO_ATRIBUTO(CODIGO_USUARIO, CODIGO_ATRIBUTO, CODIGO_DESCRIPCION, DESCRIPCION) VALUES ('suprie1', 2, '100', 'AG. PIURA');
INSERT INTO BFP_PORTAL.BFPBM_USUARIO_ATRIBUTO(CODIGO_USUARIO, CODIGO_ATRIBUTO, CODIGO_DESCRIPCION, DESCRIPCION) VALUES ('ANACRE1', 6, 'BC', 'BANCA CONSUMO');
INSERT INTO BFP_PORTAL.BFPBM_USUARIO_ATRIBUTO(CODIGO_USUARIO, CODIGO_ATRIBUTO, CODIGO_DESCRIPCION, DESCRIPCION) VALUES ('ANACRE1', 7, 'PLD', 'PRESTAMO DE LIBRE DISPONIBILIDAD');
INSERT INTO BFP_PORTAL.BFPBM_USUARIO_ATRIBUTO(CODIGO_USUARIO, CODIGO_ATRIBUTO, CODIGO_DESCRIPCION, DESCRIPCION) VALUES ('suprie1', 3, 'jefven1', 'Jefe d' Ventas 1');
INSERT INTO BFP_PORTAL.BFPBM_USUARIO_ATRIBUTO(CODIGO_USUARIO, CODIGO_ATRIBUTO, CODIGO_DESCRIPCION, DESCRIPCION) VALUES ('suprie1', 4, 'supcre1', 'Supervisor German');
INSERT INTO BFP_PORTAL.BFPBM_USUARIO_ATRIBUTO(CODIGO_USUARIO, CODIGO_ATRIBUTO, CODIGO_DESCRIPCION, DESCRIPCION) VALUES ('suprie1', 6, 'BC', 'BANCA COMERCIAL');
INSERT INTO BFP_PORTAL.BFPBM_USUARIO_ATRIBUTO(CODIGO_USUARIO, CODIGO_ATRIBUTO, CODIGO_DESCRIPCION, DESCRIPCION) VALUES ('suprie1', 7, 'PLD', 'PRESTAMO DE LIBRE DISPONIBILIDAD');
INSERT INTO BFP_PORTAL.BFPBM_USUARIO_ATRIBUTO(CODIGO_USUARIO, CODIGO_ATRIBUTO, CODIGO_DESCRIPCION, DESCRIPCION) VALUES ('asicon1', 6, 'BC', 'BANCA CONSUMO');
INSERT INTO BFP_PORTAL.BFPBM_USUARIO_ATRIBUTO(CODIGO_USUARIO, CODIGO_ATRIBUTO, CODIGO_DESCRIPCION, DESCRIPCION) VALUES ('asicon1', 7, 'PLD', 'PRESTAMO DE LIBRE DISPONIBILIDAD');
