Iniciando la conexion a base de datos: jdbc:db2://SDB2BPMBFDES01:50000/BFP_NEXO:retrieveMessagesFromServerOnGetMessage=true;
INSERT INTO BFP_CARTA_FIANZA.AS400_IN(COD_PROGRAMA, NOM_ATRIBUTO, TIPO_ATRIBUTO, LONGITUD, TIPO_DATO, FORMATO_DATE, ESCALA, DESCRIPCION, VALOR_DEFECTO, ATRIBUTO_PROCESO, OBJETO_LISTA, ORDEN, TIMES, LONGITUDLISTA, ORDENLISTA, NUMEROELEMENTOS, OBJETO_LISTA_DESTINO) VALUES ('BCF0028', 'ITIPCON', 'IN', 1, 'java.lang.String', '', '', 'Tipo de consulta', '', 'consultaListaCartasFianzas/tipoConsulta', '', 1, null, '', null, null, null);
INSERT INTO BFP_CARTA_FIANZA.AS400_IN(COD_PROGRAMA, NOM_ATRIBUTO, TIPO_ATRIBUTO, LONGITUD, TIPO_DATO, FORMATO_DATE, ESCALA, DESCRIPCION, VALOR_DEFECTO, ATRIBUTO_PROCESO, OBJETO_LISTA, ORDEN, TIMES, LONGITUDLISTA, ORDENLISTA, NUMEROELEMENTOS, OBJETO_LISTA_DESTINO) VALUES ('BCF0028', 'IPARUNO', 'IN', 50, 'java.lang.String', '', '', 'Parrafo Uno', '', 'consultaListaCartasFianzas/parrafo1', '', 2, null, '', null, null, null);
INSERT INTO BFP_CARTA_FIANZA.AS400_IN(COD_PROGRAMA, NOM_ATRIBUTO, TIPO_ATRIBUTO, LONGITUD, TIPO_DATO, FORMATO_DATE, ESCALA, DESCRIPCION, VALOR_DEFECTO, ATRIBUTO_PROCESO, OBJETO_LISTA, ORDEN, TIMES, LONGITUDLISTA, ORDENLISTA, NUMEROELEMENTOS, OBJETO_LISTA_DESTINO) VALUES ('BCF0028', 'IPARDOS', 'IN', 50, 'java.lang.String', '', '', 'Parrafo Dos', '', 'consultaListaCartasFianzas/parrafo2', '', 3, null, '', null, null, null);
INSERT INTO BFP_CARTA_FIANZA.AS400_IN(COD_PROGRAMA, NOM_ATRIBUTO, TIPO_ATRIBUTO, LONGITUD, TIPO_DATO, FORMATO_DATE, ESCALA, DESCRIPCION, VALOR_DEFECTO, ATRIBUTO_PROCESO, OBJETO_LISTA, ORDEN, TIMES, LONGITUDLISTA, ORDENLISTA, NUMEROELEMENTOS, OBJETO_LISTA_DESTINO) VALUES ('BCF0028', 'IPARTRE', 'IN', 12, 'java.math.BigDecimal', '', '0', 'Parrafo Tres', '0', 'consultaListaCartasFianzas/parrafo3', '', 4, null, '', null, null, null);
INSERT INTO BFP_CARTA_FIANZA.AS400_IN(COD_PROGRAMA, NOM_ATRIBUTO, TIPO_ATRIBUTO, LONGITUD, TIPO_DATO, FORMATO_DATE, ESCALA, DESCRIPCION, VALOR_DEFECTO, ATRIBUTO_PROCESO, OBJETO_LISTA, ORDEN, TIMES, LONGITUDLISTA, ORDENLISTA, NUMEROELEMENTOS, OBJETO_LISTA_DESTINO) VALUES ('BCF0028', 'IULTPOS', 'IN', 3, 'java.math.BigDecimal', '', '0', 'Ultima posicion', '0', 'consultaListaCartasFianzas/ultimaPosicion', '', 5, null, '', null, null, null);
INSERT INTO BFP_CARTA_FIANZA.AS400_IN(COD_PROGRAMA, NOM_ATRIBUTO, TIPO_ATRIBUTO, LONGITUD, TIPO_DATO, FORMATO_DATE, ESCALA, DESCRIPCION, VALOR_DEFECTO, ATRIBUTO_PROCESO, OBJETO_LISTA, ORDEN, TIMES, LONGITUDLISTA, ORDENLISTA, NUMEROELEMENTOS, OBJETO_LISTA_DESTINO) VALUES ('BCF0028', 'OMSGERR', 'OUT', 100, 'java.lang.String', '', '', 'Mensaje de error', '', 'consultaListaCartasFianzasResponse/mensajeError', '', 1, null, '', null, null, null);
INSERT INTO BFP_CARTA_FIANZA.AS400_IN(COD_PROGRAMA, NOM_ATRIBUTO, TIPO_ATRIBUTO, LONGITUD, TIPO_DATO, FORMATO_DATE, ESCALA, DESCRIPCION, VALOR_DEFECTO, ATRIBUTO_PROCESO, OBJETO_LISTA, ORDEN, TIMES, LONGITUDLISTA, ORDENLISTA, NUMEROELEMENTOS, OBJETO_LISTA_DESTINO) VALUES ('BCF0028', 'OTOTREG', 'OUT', 4, 'java.math.BigDecimal', '', '0', 'Total registros', '0', 'consultaListaCartasFianzasResponse/totalRegistros', '', 2, null, '', null, null, null);
INSERT INTO BFP_CARTA_FIANZA.AS400_IN(COD_PROGRAMA, NOM_ATRIBUTO, TIPO_ATRIBUTO, LONGITUD, TIPO_DATO, FORMATO_DATE, ESCALA, DESCRIPCION, VALOR_DEFECTO, ATRIBUTO_PROCESO, OBJETO_LISTA, ORDEN, TIMES, LONGITUDLISTA, ORDENLISTA, NUMEROELEMENTOS, OBJETO_LISTA_DESTINO) VALUES ('BCF0028', 'OPOSINI', 'OUT', 4, 'java.math.BigDecimal', '', '0', 'Posicion Inicial', '0', 'consultaListaCartasFianzasResponse/posicionInicial', '', 3, null, '', null, null, null);
INSERT INTO BFP_CARTA_FIANZA.AS400_IN(COD_PROGRAMA, NOM_ATRIBUTO, TIPO_ATRIBUTO, LONGITUD, TIPO_DATO, FORMATO_DATE, ESCALA, DESCRIPCION, VALOR_DEFECTO, ATRIBUTO_PROCESO, OBJETO_LISTA, ORDEN, TIMES, LONGITUDLISTA, ORDENLISTA, NUMEROELEMENTOS, OBJETO_LISTA_DESTINO) VALUES ('BCF0028', 'OPOSFIN', 'OUT', 4, 'java.math.BigDecimal', '', '0', 'Posicion Final', '0', 'consultaListaCartasFianzasResponse/posicionFinal', '', 4, null, '', null, null, null);
INSERT INTO BFP_CARTA_FIANZA.AS400_IN(COD_PROGRAMA, NOM_ATRIBUTO, TIPO_ATRIBUTO, LONGITUD, TIPO_DATO, FORMATO_DATE, ESCALA, DESCRIPCION, VALOR_DEFECTO, ATRIBUTO_PROCESO, OBJETO_LISTA, ORDEN, TIMES, LONGITUDLISTA, ORDENLISTA, NUMEROELEMENTOS, OBJETO_LISTA_DESTINO) VALUES ('BCF0028', 'OREGENV', 'OUT', 4, 'java.math.BigDecimal', '', '0', 'Registros Enviados', '0', 'consultaListaCartasFianzasResponse/registrosEnviados', '', 5, null, '', null, null, null);
INSERT INTO BFP_CARTA_FIANZA.AS400_IN(COD_PROGRAMA, NOM_ATRIBUTO, TIPO_ATRIBUTO, LONGITUD, TIPO_DATO, FORMATO_DATE, ESCALA, DESCRIPCION, VALOR_DEFECTO, ATRIBUTO_PROCESO, OBJETO_LISTA, ORDEN, TIMES, LONGITUDLISTA, ORDENLISTA, NUMEROELEMENTOS, OBJETO_LISTA_DESTINO) VALUES ('BCF0028', 'OCARTSF', 'OUT', 236, 'java.util.List', '', '', 'Lista de Cartas Fianza', '', 'consultaListaCartasFianzasResponse/listaCartasFianzas', '', 6, -1, '236', null, 16, 'cartasFianzas');
INSERT INTO BFP_CARTA_FIANZA.AS400_IN(COD_PROGRAMA, NOM_ATRIBUTO, TIPO_ATRIBUTO, LONGITUD, TIPO_DATO, FORMATO_DATE, ESCALA, DESCRIPCION, VALOR_DEFECTO, ATRIBUTO_PROCESO, OBJETO_LISTA, ORDEN, TIMES, LONGITUDLISTA, ORDENLISTA, NUMEROELEMENTOS, OBJETO_LISTA_DESTINO) VALUES ('BCF0028', 'OCODI01', 'OUT', 9, 'java.math.BigDecimal', '', '0', 'Codigo IBS', '0', 'codigoIBS', 'OCARTSF', 6, null, '', 1, null, null);
INSERT INTO BFP_CARTA_FIANZA.AS400_IN(COD_PROGRAMA, NOM_ATRIBUTO, TIPO_ATRIBUTO, LONGITUD, TIPO_DATO, FORMATO_DATE, ESCALA, DESCRIPCION, VALOR_DEFECTO, ATRIBUTO_PROCESO, OBJETO_LISTA, ORDEN, TIMES, LONGITUDLISTA, ORDENLISTA, NUMEROELEMENTOS, OBJETO_LISTA_DESTINO) VALUES ('BCF0028', 'ONROC01', 'OUT', 12, 'java.math.BigDecimal', '', '0', 'Numero de carta fianza', '0', 'numeroCartaFianza', 'OCARTSF', 6, null, '', 2, null, null);
INSERT INTO BFP_CARTA_FIANZA.AS400_IN(COD_PROGRAMA, NOM_ATRIBUTO, TIPO_ATRIBUTO, LONGITUD, TIPO_DATO, FORMATO_DATE, ESCALA, DESCRIPCION, VALOR_DEFECTO, ATRIBUTO_PROCESO, OBJETO_LISTA, ORDEN, TIMES, LONGITUDLISTA, ORDENLISTA, NUMEROELEMENTOS, OBJETO_LISTA_DESTINO) VALUES ('BCF0028', 'OVALA01', 'OUT', 12, 'java.math.BigDecimal', '', '0', 'Numero de valorado', '0', 'numeroValorado', 'OCARTSF', 6, null, '', 3, null, null);
INSERT INTO BFP_CARTA_FIANZA.AS400_IN(COD_PROGRAMA, NOM_ATRIBUTO, TIPO_ATRIBUTO, LONGITUD, TIPO_DATO, FORMATO_DATE, ESCALA, DESCRIPCION, VALOR_DEFECTO, ATRIBUTO_PROCESO, OBJETO_LISTA, ORDEN, TIMES, LONGITUDLISTA, ORDENLISTA, NUMEROELEMENTOS, OBJETO_LISTA_DESTINO) VALUES ('BCF0028', 'OFECE01', 'OUT', 10, 'java.lang.String', '', '', 'Fecha de expiracion', '', 'fechaExpiracionStr', 'OCARTSF', 6, null, '', 4, null, null);
INSERT INTO BFP_CARTA_FIANZA.AS400_IN(COD_PROGRAMA, NOM_ATRIBUTO, TIPO_ATRIBUTO, LONGITUD, TIPO_DATO, FORMATO_DATE, ESCALA, DESCRIPCION, VALOR_DEFECTO, ATRIBUTO_PROCESO, OBJETO_LISTA, ORDEN, TIMES, LONGITUDLISTA, ORDENLISTA, NUMEROELEMENTOS, OBJETO_LISTA_DESTINO) VALUES ('BCF0028', 'ONROD01', 'OUT', 15, 'java.lang.String', '', '', 'Numero documento cliente', '', 'numeroDocumento', 'OCARTSF', 6, null, '', 5, null, null);
INSERT INTO BFP_CARTA_FIANZA.AS400_IN(COD_PROGRAMA, NOM_ATRIBUTO, TIPO_ATRIBUTO, LONGITUD, TIPO_DATO, FORMATO_DATE, ESCALA, DESCRIPCION, VALOR_DEFECTO, ATRIBUTO_PROCESO, OBJETO_LISTA, ORDEN, TIMES, LONGITUDLISTA, ORDENLISTA, NUMEROELEMENTOS, OBJETO_LISTA_DESTINO) VALUES ('BCF0028', 'OTIPD01', 'OUT', 4, 'java.lang.String', '', '', 'Tipo documento cliente', '', 'tipoDocumento', 'OCARTSF', 6, null, '', 6, null, null);
INSERT INTO BFP_CARTA_FIANZA.AS400_IN(COD_PROGRAMA, NOM_ATRIBUTO, TIPO_ATRIBUTO, LONGITUD, TIPO_DATO, FORMATO_DATE, ESCALA, DESCRIPCION, VALOR_DEFECTO, ATRIBUTO_PROCESO, OBJETO_LISTA, ORDEN, TIMES, LONGITUDLISTA, ORDENLISTA, NUMEROELEMENTOS, OBJETO_LISTA_DESTINO) VALUES ('BCF0028', 'ORZOS01', 'OUT', 45, 'java.lang.String', '', '', 'Razon Social', '', 'razonSocial', 'OCARTSF', 6, null, '', 7, null, null);
INSERT INTO BFP_CARTA_FIANZA.AS400_IN(COD_PROGRAMA, NOM_ATRIBUTO, TIPO_ATRIBUTO, LONGITUD, TIPO_DATO, FORMATO_DATE, ESCALA, DESCRIPCION, VALOR_DEFECTO, ATRIBUTO_PROCESO, OBJETO_LISTA, ORDEN, TIMES, LONGITUDLISTA, ORDENLISTA, NUMEROELEMENTOS, OBJETO_LISTA_DESTINO) VALUES ('BCF0028', 'ONOMB01', 'OUT', 45, 'java.lang.String', '', '', 'Beneficiario', '', 'beneficiario', 'OCARTSF', 6, null, '', 8, null, null);
INSERT INTO BFP_CARTA_FIANZA.AS400_IN(COD_PROGRAMA, NOM_ATRIBUTO, TIPO_ATRIBUTO, LONGITUD, TIPO_DATO, FORMATO_DATE, ESCALA, DESCRIPCION, VALOR_DEFECTO, ATRIBUTO_PROCESO, OBJETO_LISTA, ORDEN, TIMES, LONGITUDLISTA, ORDENLISTA, NUMEROELEMENTOS, OBJETO_LISTA_DESTINO) VALUES ('BCF0028', 'ODEUG01', 'OUT', 45, 'java.lang.String', '', '', 'Deudor Garantizado', '', 'deudorGarantizado', 'OCARTSF', 6, null, '', 9, null, null);
INSERT INTO BFP_CARTA_FIANZA.AS400_IN(COD_PROGRAMA, NOM_ATRIBUTO, TIPO_ATRIBUTO, LONGITUD, TIPO_DATO, FORMATO_DATE, ESCALA, DESCRIPCION, VALOR_DEFECTO, ATRIBUTO_PROCESO, OBJETO_LISTA, ORDEN, TIMES, LONGITUDLISTA, ORDENLISTA, NUMEROELEMENTOS, OBJETO_LISTA_DESTINO) VALUES ('BCF0028', 'OMONF01', 'OUT', 3, 'java.lang.String', '', '', 'Moneda fianza', '', 'codigoMoneda', 'OCARTSF', 6, null, '', 10, null, null);
INSERT INTO BFP_CARTA_FIANZA.AS400_IN(COD_PROGRAMA, NOM_ATRIBUTO, TIPO_ATRIBUTO, LONGITUD, TIPO_DATO, FORMATO_DATE, ESCALA, DESCRIPCION, VALOR_DEFECTO, ATRIBUTO_PROCESO, OBJETO_LISTA, ORDEN, TIMES, LONGITUDLISTA, ORDENLISTA, NUMEROELEMENTOS, OBJETO_LISTA_DESTINO) VALUES ('BCF0028', 'OIMPF01', 'OUT', 15, 'java.math.BigDecimal', '', '2', 'Importe de fianza', '0', 'importeCartaFianza', 'OCARTSF', 6, null, '', 11, null, null);
INSERT INTO BFP_CARTA_FIANZA.AS400_IN(COD_PROGRAMA, NOM_ATRIBUTO, TIPO_ATRIBUTO, LONGITUD, TIPO_DATO, FORMATO_DATE, ESCALA, DESCRIPCION, VALOR_DEFECTO, ATRIBUTO_PROCESO, OBJETO_LISTA, ORDEN, TIMES, LONGITUDLISTA, ORDENLISTA, NUMEROELEMENTOS, OBJETO_LISTA_DESTINO) VALUES ('BCF0028', 'OCODD01', 'OUT', 1, 'java.lang.String', '', '', 'Codigo dtr', '', 'codigoDTR', 'OCARTSF', 6, null, '', 12, null, null);
INSERT INTO BFP_CARTA_FIANZA.AS400_IN(COD_PROGRAMA, NOM_ATRIBUTO, TIPO_ATRIBUTO, LONGITUD, TIPO_DATO, FORMATO_DATE, ESCALA, DESCRIPCION, VALOR_DEFECTO, ATRIBUTO_PROCESO, OBJETO_LISTA, ORDEN, TIMES, LONGITUDLISTA, ORDENLISTA, NUMEROELEMENTOS, OBJETO_LISTA_DESTINO) VALUES ('BCF0028', 'ODESD01', 'OUT', 20, 'java.lang.String', '', '', 'Descripcion DTR', '', 'descripcionDTR', 'OCARTSF', 6, null, '', 13, null, null);
INSERT INTO BFP_CARTA_FIANZA.AS400_PROGRAMA(COD_PROGRAMA, NOMBRE, USUARIO, COD_TRANSACCION, BASE_NAMESPACE, PATH_REQUEST_IN, PATH_REQUEST_OUT, PATH_RESPONSE_IN, PATH_RESPONSE_OUT, COD_PROYECTO) VALUES ('BCF0028', 'BPMBE Consulta de Lista de Cartas Fianzas', 'BFPBPM', '5013', 'http://BECartaFianzaServicios', 'smo://smo/name%3Dwsdl-primary/message%3D%257Bhttp%253A%252F%252Fwww.financiero.com.pe%252FBECartaFianza%252Fservicios%252FBECFServicios%257DconsultaListaCartasFianzasRequestMsg/xpath%3D%252Fbody/smo.xsd', 'smo://smo/name%3Dwsdl-primary/message%3D%257Bhttp%253A%252F%252Fwww.financiero.com.pe%252Fservice%252FAS400Proxy%257DcallProgram/xpath%3D%252Fbody/smo.xsd', 'smo://smo/name%3Dwsdl-primary/message%3D%257Bhttp%253A%252F%252Fwww.financiero.com.pe%252Fservice%252FAS400Proxy%257DcallProgramResponse/xpath%3D%252Fbody/smo.xsd', 'smo://smo/name%3Dwsdl-primary/message%3D%257Bhttp%253A%252F%252Fwww.financiero.com.pe%252FBECartaFianza%252Fservicios%252FBECFServicios%257DconsultaListaCartasFianzasResponseMsg/xpath%3D%252Fbody/smo.xsd', 1);
INSERT INTO BFP_CARTA_FIANZA.ATRIBUTO(COD_ATRIBUTO, COD_CLASE, NOMBRE, TIPO, FLG_LISTA, WEB_NOMBRE, WEB_FORMATO, INF_NOMBRE, INF_DESCRIPCION, INF_AUTOR, WEB_MEN_VALIDACION, WEB_FOR_VALIDACION) VALUES (2, 1, 'piid', 'String', 0, 'piid', null, null, null, null, null, null);
INSERT INTO BFP_CARTA_FIANZA.ATRIBUTO(COD_ATRIBUTO, COD_CLASE, NOMBRE, TIPO, FLG_LISTA, WEB_NOMBRE, WEB_FORMATO, INF_NOMBRE, INF_DESCRIPCION, INF_AUTOR, WEB_MEN_VALIDACION, WEB_FOR_VALIDACION) VALUES (1, 1, 'codigo', 'Long', 0, 'solicitud.codigo', null, null, null, null, null, null);
INSERT INTO BFP_CARTA_FIANZA.ATRIBUTO(COD_ATRIBUTO, COD_CLASE, NOMBRE, TIPO, FLG_LISTA, WEB_NOMBRE, WEB_FORMATO, INF_NOMBRE, INF_DESCRIPCION, INF_AUTOR, WEB_MEN_VALIDACION, WEB_FOR_VALIDACION) VALUES (3, 1, 'tipoSolicitud', 'String', 0, 'solicitud.tipoSolicitud', null, null, null, null, null, null);
INSERT INTO BFP_CARTA_FIANZA.ATRIBUTO(COD_ATRIBUTO, COD_CLASE, NOMBRE, TIPO, FLG_LISTA, WEB_NOMBRE, WEB_FORMATO, INF_NOMBRE, INF_DESCRIPCION, INF_AUTOR, WEB_MEN_VALIDACION, WEB_FOR_VALIDACION) VALUES (4, 1, 'estado', 'String', 0, 'solicitud.estado', null, null, null, null, null, null);
INSERT INTO BFP_CARTA_FIANZA.ATRIBUTO(COD_ATRIBUTO, COD_CLASE, NOMBRE, TIPO, FLG_LISTA, WEB_NOMBRE, WEB_FORMATO, INF_NOMBRE, INF_DESCRIPCION, INF_AUTOR, WEB_MEN_VALIDACION, WEB_FOR_VALIDACION) VALUES (5, 1, 'descripcionEstado', 'String', 0, 'solicitud.descripcionEstado', null, null, null, null, null, null);
INSERT INTO BFP_CARTA_FIANZA.ATRIBUTO(COD_ATRIBUTO, COD_CLASE, NOMBRE, TIPO, FLG_LISTA, WEB_NOMBRE, WEB_FORMATO, INF_NOMBRE, INF_DESCRIPCION, INF_AUTOR, WEB_MEN_VALIDACION, WEB_FOR_VALIDACION) VALUES (6, 1, 'nombrePersonaAutorizada', 'String', 0, 'solicitud.nombrePersonaAutorizada', null, 'Nombre de persona de recojo', null, null, null, '"REQUERIDO","CADENA"');
INSERT INTO BFP_CARTA_FIANZA.ATRIBUTO(COD_ATRIBUTO, COD_CLASE, NOMBRE, TIPO, FLG_LISTA, WEB_NOMBRE, WEB_FORMATO, INF_NOMBRE, INF_DESCRIPCION, INF_AUTOR, WEB_MEN_VALIDACION, WEB_FOR_VALIDACION) VALUES (7, 1, 'tipoDocumentoPersonaAutorizada', 'String', 0, 'solicitud.tipoDocumentoPersonaAutorizada', null, 'Tipo de Documento', null, null, null, '"REQUERIDO"');
INSERT INTO BFP_CARTA_FIANZA.ATRIBUTO(COD_ATRIBUTO, COD_CLASE, NOMBRE, TIPO, FLG_LISTA, WEB_NOMBRE, WEB_FORMATO, INF_NOMBRE, INF_DESCRIPCION, INF_AUTOR, WEB_MEN_VALIDACION, WEB_FOR_VALIDACION) VALUES (8, 1, 'numeroDocumentoPersonaAutorizada', 'String', 0, 'solicitud.numeroDocumentoPersonaAutorizada', null, 'Documento', null, null, null, '"REQUERIDO"');
INSERT INTO BFP_CARTA_FIANZA.ATRIBUTO(COD_ATRIBUTO, COD_CLASE, NOMBRE, TIPO, FLG_LISTA, WEB_NOMBRE, WEB_FORMATO, INF_NOMBRE, INF_DESCRIPCION, INF_AUTOR, WEB_MEN_VALIDACION, WEB_FOR_VALIDACION) VALUES (9, 1, 'nombreBeneficiario', 'String', 0, 'solicitud.nombreBeneficiario', null, 'Razón Social del Beneficiario', null, null, null, '"REQUERIDO", "CADENA"');
INSERT INTO BFP_CARTA_FIANZA.ATRIBUTO(COD_ATRIBUTO, COD_CLASE, NOMBRE, TIPO, FLG_LISTA, WEB_NOMBRE, WEB_FORMATO, INF_NOMBRE, INF_DESCRIPCION, INF_AUTOR, WEB_MEN_VALIDACION, WEB_FOR_VALIDACION) VALUES (10, 1, 'direccionBeneficiario', 'String', 0, 'solicitud.direccionBeneficiario', null, null, null, null, null, null);
INSERT INTO BFP_CARTA_FIANZA.ATRIBUTO(COD_ATRIBUTO, COD_CLASE, NOMBRE, TIPO, FLG_LISTA, WEB_NOMBRE, WEB_FORMATO, INF_NOMBRE, INF_DESCRIPCION, INF_AUTOR, WEB_MEN_VALIDACION, WEB_FOR_VALIDACION) VALUES (11, 1, 'codigoPostalBeneficiario', 'String', 0, 'solicitud.codigoPostalBeneficiario', null, null, null, null, null, null);
INSERT INTO BFP_CARTA_FIANZA.ATRIBUTO(COD_ATRIBUTO, COD_CLASE, NOMBRE, TIPO, FLG_LISTA, WEB_NOMBRE, WEB_FORMATO, INF_NOMBRE, INF_DESCRIPCION, INF_AUTOR, WEB_MEN_VALIDACION, WEB_FOR_VALIDACION) VALUES (12, 1, 'descripcionCodigoPostalBeneficiario', 'String', 0, 'solicitud.descripcionCodigoPostalBeneficiario', null, null, null, null, null, null);
INSERT INTO BFP_CARTA_FIANZA.ATRIBUTO(COD_ATRIBUTO, COD_CLASE, NOMBRE, TIPO, FLG_LISTA, WEB_NOMBRE, WEB_FORMATO, INF_NOMBRE, INF_DESCRIPCION, INF_AUTOR, WEB_MEN_VALIDACION, WEB_FOR_VALIDACION) VALUES (13, 1, 'deudorGarantizado', 'String', 0, 'solicitud.deudorGarantizado', null, 'Deudor Garantizado', null, null, null, '"REQUERIDO", "CADENA"');
INSERT INTO BFP_CARTA_FIANZA.ATRIBUTO(COD_ATRIBUTO, COD_CLASE, NOMBRE, TIPO, FLG_LISTA, WEB_NOMBRE, WEB_FORMATO, INF_NOMBRE, INF_DESCRIPCION, INF_AUTOR, WEB_MEN_VALIDACION, WEB_FOR_VALIDACION) VALUES (14, 1, 'codigoMoneda', 'String', 0, 'solicitud.codigoMoneda', null, null, null, null, null, null);
INSERT INTO BFP_CARTA_FIANZA.ATRIBUTO(COD_ATRIBUTO, COD_CLASE, NOMBRE, TIPO, FLG_LISTA, WEB_NOMBRE, WEB_FORMATO, INF_NOMBRE, INF_DESCRIPCION, INF_AUTOR, WEB_MEN_VALIDACION, WEB_FOR_VALIDACION) VALUES (15, 1, 'descripcionCodigoMoneda', 'String', 0, 'solicitud.descripcionCodigoMoneda', null, null, null, null, null, null);
INSERT INTO BFP_CARTA_FIANZA.ATRIBUTO(COD_ATRIBUTO, COD_CLASE, NOMBRE, TIPO, FLG_LISTA, WEB_NOMBRE, WEB_FORMATO, INF_NOMBRE, INF_DESCRIPCION, INF_AUTOR, WEB_MEN_VALIDACION, WEB_FOR_VALIDACION) VALUES (16, 1, 'monto', 'java.math.BigDecimal', 0, 'solicitud.monto', null, null, null, null, null, null);
INSERT INTO BFP_CARTA_FIANZA.ATRIBUTO(COD_ATRIBUTO, COD_CLASE, NOMBRE, TIPO, FLG_LISTA, WEB_NOMBRE, WEB_FORMATO, INF_NOMBRE, INF_DESCRIPCION, INF_AUTOR, WEB_MEN_VALIDACION, WEB_FOR_VALIDACION) VALUES (17, 1, 'codigoTipoFianza', 'String', 0, 'solicitud.codigoTipoFianza', null, null, null, null, null, null);
INSERT INTO BFP_CARTA_FIANZA.ATRIBUTO(COD_ATRIBUTO, COD_CLASE, NOMBRE, TIPO, FLG_LISTA, WEB_NOMBRE, WEB_FORMATO, INF_NOMBRE, INF_DESCRIPCION, INF_AUTOR, WEB_MEN_VALIDACION, WEB_FOR_VALIDACION) VALUES (18, 1, 'descripcionTipoFianza', 'String', 0, 'solicitud.descripcionTipoFianza', null, null, null, null, null, null);
INSERT INTO BFP_CARTA_FIANZA.ATRIBUTO(COD_ATRIBUTO, COD_CLASE, NOMBRE, TIPO, FLG_LISTA, WEB_NOMBRE, WEB_FORMATO, INF_NOMBRE, INF_DESCRIPCION, INF_AUTOR, WEB_MEN_VALIDACION, WEB_FOR_VALIDACION) VALUES (19, 1, 'fechaImpresion', 'java.sql.Date', 0, 'solicitud.fechaImpresion', 'dd/MM/yyyy', null, null, null, null, null);
INSERT INTO BFP_CARTA_FIANZA.ATRIBUTO(COD_ATRIBUTO, COD_CLASE, NOMBRE, TIPO, FLG_LISTA, WEB_NOMBRE, WEB_FORMATO, INF_NOMBRE, INF_DESCRIPCION, INF_AUTOR, WEB_MEN_VALIDACION, WEB_FOR_VALIDACION) VALUES (20, 1, 'fechaVigencia', 'java.sql.Date', 0, 'solicitud.fechaVigencia', 'dd/MM/yyyy', 'Fecha de Vigencia', null, null, null, '"REQUERIDO", "FECHA"');
INSERT INTO BFP_CARTA_FIANZA.ATRIBUTO(COD_ATRIBUTO, COD_CLASE, NOMBRE, TIPO, FLG_LISTA, WEB_NOMBRE, WEB_FORMATO, INF_NOMBRE, INF_DESCRIPCION, INF_AUTOR, WEB_MEN_VALIDACION, WEB_FOR_VALIDACION) VALUES (21, 1, 'fechaExpiracion', 'java.sql.Date', 0, 'solicitud.fechaExpiracion', 'dd/MM/yyyy', 'Fecha de Expiración', null, null, null, '"REQUERIDO", "FECHA"');
INSERT INTO BFP_CARTA_FIANZA.ATRIBUTO(COD_ATRIBUTO, COD_CLASE, NOMBRE, TIPO, FLG_LISTA, WEB_NOMBRE, WEB_FORMATO, INF_NOMBRE, INF_DESCRIPCION, INF_AUTOR, WEB_MEN_VALIDACION, WEB_FOR_VALIDACION) VALUES (22, 1, 'totalDias', 'Integer', 0, 'solicitud.totalDias', null, null, null, null, null, null);
INSERT INTO BFP_CARTA_FIANZA.ATRIBUTO(COD_ATRIBUTO, COD_CLASE, NOMBRE, TIPO, FLG_LISTA, WEB_NOMBRE, WEB_FORMATO, INF_NOMBRE, INF_DESCRIPCION, INF_AUTOR, WEB_MEN_VALIDACION, WEB_FOR_VALIDACION) VALUES (23, 1, 'tipoLugar', 'String', 0, 'solicitud.tipoLugar', null, 'Lugar de envío o recojo', null, null, null, '"REQUERIDO"');
INSERT INTO BFP_CARTA_FIANZA.ATRIBUTO(COD_ATRIBUTO, COD_CLASE, NOMBRE, TIPO, FLG_LISTA, WEB_NOMBRE, WEB_FORMATO, INF_NOMBRE, INF_DESCRIPCION, INF_AUTOR, WEB_MEN_VALIDACION, WEB_FOR_VALIDACION) VALUES (24, 1, 'codigoAgenciaRecojo', 'String', 0, 'solicitud.codigoAgenciaRecojo', null, 'Lugar de recojo', null, null, null, '"REQUERIDO"');
INSERT INTO BFP_CARTA_FIANZA.ATRIBUTO(COD_ATRIBUTO, COD_CLASE, NOMBRE, TIPO, FLG_LISTA, WEB_NOMBRE, WEB_FORMATO, INF_NOMBRE, INF_DESCRIPCION, INF_AUTOR, WEB_MEN_VALIDACION, WEB_FOR_VALIDACION) VALUES (25, 1, 'descripcionCodigoAgenciaRecojo', 'String', 0, 'solicitud.descripcionCodigoAgenciaRecojo', null, null, null, null, null, null);
INSERT INTO BFP_CARTA_FIANZA.ATRIBUTO(COD_ATRIBUTO, COD_CLASE, NOMBRE, TIPO, FLG_LISTA, WEB_NOMBRE, WEB_FORMATO, INF_NOMBRE, INF_DESCRIPCION, INF_AUTOR, WEB_MEN_VALIDACION, WEB_FOR_VALIDACION) VALUES (26, 1, 'codigoLugarEnvio', 'String', 0, 'solicitud.codigoLugarEnvio', null, 'Lugar de envío', null, null, null, '"REQUERIDO"');
INSERT INTO BFP_CARTA_FIANZA.ATRIBUTO(COD_ATRIBUTO, COD_CLASE, NOMBRE, TIPO, FLG_LISTA, WEB_NOMBRE, WEB_FORMATO, INF_NOMBRE, INF_DESCRIPCION, INF_AUTOR, WEB_MEN_VALIDACION, WEB_FOR_VALIDACION) VALUES (27, 1, 'descripcionCodigoLugarEnvio', 'String', 0, 'solicitud.descripcionCodigoLugarEnvio', null, null, null, null, null, null);
INSERT INTO BFP_CARTA_FIANZA.ATRIBUTO(COD_ATRIBUTO, COD_CLASE, NOMBRE, TIPO, FLG_LISTA, WEB_NOMBRE, WEB_FORMATO, INF_NOMBRE, INF_DESCRIPCION, INF_AUTOR, WEB_MEN_VALIDACION, WEB_FOR_VALIDACION) VALUES (701, 7, 'numeroCuenta', 'String', 0, 'solicitud.cuenta.numeroCuenta', null, 'Cuenta de Cargo', null, null, null, '"REQUERIDO"');
INSERT INTO BFP_CARTA_FIANZA.ATRIBUTO(COD_ATRIBUTO, COD_CLASE, NOMBRE, TIPO, FLG_LISTA, WEB_NOMBRE, WEB_FORMATO, INF_NOMBRE, INF_DESCRIPCION, INF_AUTOR, WEB_MEN_VALIDACION, WEB_FOR_VALIDACION) VALUES (702, 7, 'codigoTipoCuenta', 'String', 0, 'solicitud.cuenta.codigoTipoCuenta', null, null, null, null, null, null);
INSERT INTO BFP_CARTA_FIANZA.ATRIBUTO(COD_ATRIBUTO, COD_CLASE, NOMBRE, TIPO, FLG_LISTA, WEB_NOMBRE, WEB_FORMATO, INF_NOMBRE, INF_DESCRIPCION, INF_AUTOR, WEB_MEN_VALIDACION, WEB_FOR_VALIDACION) VALUES (703, 7, 'codigoAgencia', 'String', 0, 'solicitud.cuenta.codigoAgencia', null, null, null, null, null, null);
INSERT INTO BFP_CARTA_FIANZA.ATRIBUTO(COD_ATRIBUTO, COD_CLASE, NOMBRE, TIPO, FLG_LISTA, WEB_NOMBRE, WEB_FORMATO, INF_NOMBRE, INF_DESCRIPCION, INF_AUTOR, WEB_MEN_VALIDACION, WEB_FOR_VALIDACION) VALUES (704, 7, 'codigoMoneda', 'String', 0, 'solicitud.cuenta.codigoMoneda', null, null, null, null, null, null);
INSERT INTO BFP_CARTA_FIANZA.ATRIBUTO(COD_ATRIBUTO, COD_CLASE, NOMBRE, TIPO, FLG_LISTA, WEB_NOMBRE, WEB_FORMATO, INF_NOMBRE, INF_DESCRIPCION, INF_AUTOR, WEB_MEN_VALIDACION, WEB_FOR_VALIDACION) VALUES (705, 7, 'saldoContable', 'java.math.BigDecimal', 0, 'solicitud.cuenta.saldoContable', 'dd/MM/yyyy HH:mm:ss', null, null, null, null, null);
INSERT INTO BFP_CARTA_FIANZA.ATRIBUTO(COD_ATRIBUTO, COD_CLASE, NOMBRE, TIPO, FLG_LISTA, WEB_NOMBRE, WEB_FORMATO, INF_NOMBRE, INF_DESCRIPCION, INF_AUTOR, WEB_MEN_VALIDACION, WEB_FOR_VALIDACION) VALUES (706, 7, 'codigoEstado', 'String', 0, 'solicitud.cuenta.codigoEstado', null, null, null, null, null, null);
INSERT INTO BFP_CARTA_FIANZA.ATRIBUTO(COD_ATRIBUTO, COD_CLASE, NOMBRE, TIPO, FLG_LISTA, WEB_NOMBRE, WEB_FORMATO, INF_NOMBRE, INF_DESCRIPCION, INF_AUTOR, WEB_MEN_VALIDACION, WEB_FOR_VALIDACION) VALUES (34, 1, 'codigoTipoFirma', 'String', 0, 'solicitud.codigoTipoFirma', null, 'Tipo de firma', null, null, null, '"REQUERIDO"');
INSERT INTO BFP_CARTA_FIANZA.ATRIBUTO(COD_ATRIBUTO, COD_CLASE, NOMBRE, TIPO, FLG_LISTA, WEB_NOMBRE, WEB_FORMATO, INF_NOMBRE, INF_DESCRIPCION, INF_AUTOR, WEB_MEN_VALIDACION, WEB_FOR_VALIDACION) VALUES (35, 1, 'descripcionTipoFirma', 'String', 0, 'solicitud.descripcionCodigoTipoFirma', null, null, null, null, null, null);
INSERT INTO BFP_CARTA_FIANZA.ATRIBUTO(COD_ATRIBUTO, COD_CLASE, NOMBRE, TIPO, FLG_LISTA, WEB_NOMBRE, WEB_FORMATO, INF_NOMBRE, INF_DESCRIPCION, INF_AUTOR, WEB_MEN_VALIDACION, WEB_FOR_VALIDACION) VALUES (36, 1, 'flagTextoEspecial', 'boolean', 0, 'solicitud.flagTextoEspecial', null, 'Texto especial', null, null, null, '"REQUERIDO"');
INSERT INTO BFP_CARTA_FIANZA.ATRIBUTO(COD_ATRIBUTO, COD_CLASE, NOMBRE, TIPO, FLG_LISTA, WEB_NOMBRE, WEB_FORMATO, INF_NOMBRE, INF_DESCRIPCION, INF_AUTOR, WEB_MEN_VALIDACION, WEB_FOR_VALIDACION) VALUES (37, 1, 'flagTipoTextoEspecial', 'String', 0, 'solicitud.flagTipoTextoEspecial', null, 'Tipo texto especial', null, null, null, '"REQUERIDO"');
INSERT INTO BFP_CARTA_FIANZA.ATRIBUTO(COD_ATRIBUTO, COD_CLASE, NOMBRE, TIPO, FLG_LISTA, WEB_NOMBRE, WEB_FORMATO, INF_NOMBRE, INF_DESCRIPCION, INF_AUTOR, WEB_MEN_VALIDACION, WEB_FOR_VALIDACION) VALUES (38, 1, 'textoEspecialSimple', 'String', 0, 'solicitud.textoEspecialSimple', null, 'Texto especial simple', null, null, null, '"REQUERIDO","CADENA"');
INSERT INTO BFP_CARTA_FIANZA.ATRIBUTO(COD_ATRIBUTO, COD_CLASE, NOMBRE, TIPO, FLG_LISTA, WEB_NOMBRE, WEB_FORMATO, INF_NOMBRE, INF_DESCRIPCION, INF_AUTOR, WEB_MEN_VALIDACION, WEB_FOR_VALIDACION) VALUES (39, 1, 'conceptoGarantia', 'String', 0, 'solicitud.conceptoGarantia', null, 'Concepto de Garantía', null, null, null, '"REQUERIDO", "CADENA"');
INSERT INTO BFP_CARTA_FIANZA.ATRIBUTO(COD_ATRIBUTO, COD_CLASE, NOMBRE, TIPO, FLG_LISTA, WEB_NOMBRE, WEB_FORMATO, INF_NOMBRE, INF_DESCRIPCION, INF_AUTOR, WEB_MEN_VALIDACION, WEB_FOR_VALIDACION) VALUES (40, 1, 'flagContratoMarco', 'boolean', 0, 'solicitud.flagContratoMarco', null, null, null, null, null, null);
INSERT INTO BFP_CARTA_FIANZA.ATRIBUTO(COD_ATRIBUTO, COD_CLASE, NOMBRE, TIPO, FLG_LISTA, WEB_NOMBRE, WEB_FORMATO, INF_NOMBRE, INF_DESCRIPCION, INF_AUTOR, WEB_MEN_VALIDACION, WEB_FOR_VALIDACION) VALUES (41, 1, 'nombreArchivoContratoMarco', 'String', 0, 'solicitud.nombreArchivoContratoMarco', null, null, null, null, null, null);
INSERT INTO BFP_CARTA_FIANZA.ATRIBUTO(COD_ATRIBUTO, COD_CLASE, NOMBRE, TIPO, FLG_LISTA, WEB_NOMBRE, WEB_FORMATO, INF_NOMBRE, INF_DESCRIPCION, INF_AUTOR, WEB_MEN_VALIDACION, WEB_FOR_VALIDACION) VALUES (42, 1, 'comentario', 'String', 0, 'solicitud.comentario', null, null, null, null, null, null);
INSERT INTO BFP_CARTA_FIANZA.ATRIBUTO(COD_ATRIBUTO, COD_CLASE, NOMBRE, TIPO, FLG_LISTA, WEB_NOMBRE, WEB_FORMATO, INF_NOMBRE, INF_DESCRIPCION, INF_AUTOR, WEB_MEN_VALIDACION, WEB_FOR_VALIDACION) VALUES (43, 1, 'tipoRiesgo', 'String', 0, 'solicitud.tipoRiesgo', null, 'Tipo de riesgo', null, null, null, '"REQUERIDO"');
INSERT INTO BFP_CARTA_FIANZA.ATRIBUTO(COD_ATRIBUTO, COD_CLASE, NOMBRE, TIPO, FLG_LISTA, WEB_NOMBRE, WEB_FORMATO, INF_NOMBRE, INF_DESCRIPCION, INF_AUTOR, WEB_MEN_VALIDACION, WEB_FOR_VALIDACION) VALUES (44, 1, 'descripcionTipoRiesgo', 'String', 0, 'solicitud.descripcionTipoRiesgo', null, null, null, null, null, null);
INSERT INTO BFP_CARTA_FIANZA.ATRIBUTO(COD_ATRIBUTO, COD_CLASE, NOMBRE, TIPO, FLG_LISTA, WEB_NOMBRE, WEB_FORMATO, INF_NOMBRE, INF_DESCRIPCION, INF_AUTOR, WEB_MEN_VALIDACION, WEB_FOR_VALIDACION) VALUES (45, 1, 'tipoCobranza', 'String', 0, 'solicitud.tipoCobranza', null, 'Tipo de Cobranza', null, null, null, '"REQUERIDO", "PORCENTAJE"');
INSERT INTO BFP_CARTA_FIANZA.ATRIBUTO(COD_ATRIBUTO, COD_CLASE, NOMBRE, TIPO, FLG_LISTA, WEB_NOMBRE, WEB_FORMATO, INF_NOMBRE, INF_DESCRIPCION, INF_AUTOR, WEB_MEN_VALIDACION, WEB_FOR_VALIDACION) VALUES (46, 1, 'descripcionTipoCobranza', 'String', 0, 'solicitud.descripcionTipoCobranza', null, null, null, null, null, null);
INSERT INTO BFP_CARTA_FIANZA.ATRIBUTO(COD_ATRIBUTO, COD_CLASE, NOMBRE, TIPO, FLG_LISTA, WEB_NOMBRE, WEB_FORMATO, INF_NOMBRE, INF_DESCRIPCION, INF_AUTOR, WEB_MEN_VALIDACION, WEB_FOR_VALIDACION) VALUES (47, 1, 'modalidadCobro', 'String', 0, 'solicitud.modalidadCobro', null, 'Modalidad de cobro', null, null, null, '"REQUERIDO"');
INSERT INTO BFP_CARTA_FIANZA.ATRIBUTO(COD_ATRIBUTO, COD_CLASE, NOMBRE, TIPO, FLG_LISTA, WEB_NOMBRE, WEB_FORMATO, INF_NOMBRE, INF_DESCRIPCION, INF_AUTOR, WEB_MEN_VALIDACION, WEB_FOR_VALIDACION) VALUES (48, 1, 'descripcionModalidadCobro', 'String', 0, 'solicitud.descripcionModalidadCobro', null, null, null, null, null, null);
INSERT INTO BFP_CARTA_FIANZA.ATRIBUTO(COD_ATRIBUTO, COD_CLASE, NOMBRE, TIPO, FLG_LISTA, WEB_NOMBRE, WEB_FORMATO, INF_NOMBRE, INF_DESCRIPCION, INF_AUTOR, WEB_MEN_VALIDACION, WEB_FOR_VALIDACION) VALUES (49, 1, 'comisionPropuesta', 'java.math.BigDecimal', 0, 'solicitud.comisionPropuesta', null, null, null, null, null, null);
INSERT INTO BFP_CARTA_FIANZA.ATRIBUTO(COD_ATRIBUTO, COD_CLASE, NOMBRE, TIPO, FLG_LISTA, WEB_NOMBRE, WEB_FORMATO, INF_NOMBRE, INF_DESCRIPCION, INF_AUTOR, WEB_MEN_VALIDACION, WEB_FOR_VALIDACION) VALUES (50, 1, 'comisions', 'Comision', 1, 'solicitud.comision', null, 'Comisión propuesta', null, null, null, '"REQUERIDO"');
INSERT INTO BFP_CARTA_FIANZA.ATRIBUTO(COD_ATRIBUTO, COD_CLASE, NOMBRE, TIPO, FLG_LISTA, WEB_NOMBRE, WEB_FORMATO, INF_NOMBRE, INF_DESCRIPCION, INF_AUTOR, WEB_MEN_VALIDACION, WEB_FOR_VALIDACION) VALUES (51, 1, 'comisionEsReducida', 'boolean', 0, 'solicitud.comisionEsReducida', null, null, null, null, null, null);
INSERT INTO BFP_CARTA_FIANZA.ATRIBUTO(COD_ATRIBUTO, COD_CLASE, NOMBRE, TIPO, FLG_LISTA, WEB_NOMBRE, WEB_FORMATO, INF_NOMBRE, INF_DESCRIPCION, INF_AUTOR, WEB_MEN_VALIDACION, WEB_FOR_VALIDACION) VALUES (52, 1, 'excedeRMC', 'java.math.BigDecimal', 0, 'solicitud.excedeRMC', null, null, null, null, null, null);
INSERT INTO BFP_CARTA_FIANZA.ATRIBUTO(COD_ATRIBUTO, COD_CLASE, NOMBRE, TIPO, FLG_LISTA, WEB_NOMBRE, WEB_FORMATO, INF_NOMBRE, INF_DESCRIPCION, INF_AUTOR, WEB_MEN_VALIDACION, WEB_FOR_VALIDACION) VALUES (53, 1, 'flgRevisarFirmasPoderes', 'boolean', 0, 'solicitud.flgRevisarFirmasPoderes', null, 'Revisar firmas y poderes', null, null, null, '"REQUERIDO"');
INSERT INTO BFP_CARTA_FIANZA.ATRIBUTO(COD_ATRIBUTO, COD_CLASE, NOMBRE, TIPO, FLG_LISTA, WEB_NOMBRE, WEB_FORMATO, INF_NOMBRE, INF_DESCRIPCION, INF_AUTOR, WEB_MEN_VALIDACION, WEB_FOR_VALIDACION) VALUES (1400, 14, 'codigoSolicitud', 'long', 0, null, null, null, null, null, null, null);
INSERT INTO BFP_CARTA_FIANZA.ATRIBUTO(COD_ATRIBUTO, COD_CLASE, NOMBRE, TIPO, FLG_LISTA, WEB_NOMBRE, WEB_FORMATO, INF_NOMBRE, INF_DESCRIPCION, INF_AUTOR, WEB_MEN_VALIDACION, WEB_FOR_VALIDACION) VALUES (1401, 14, 'nombreBeneficiario', 'String', 0, null, null, null, null, null, null, null);
INSERT INTO BFP_CARTA_FIANZA.ATRIBUTO(COD_ATRIBUTO, COD_CLASE, NOMBRE, TIPO, FLG_LISTA, WEB_NOMBRE, WEB_FORMATO, INF_NOMBRE, INF_DESCRIPCION, INF_AUTOR, WEB_MEN_VALIDACION, WEB_FOR_VALIDACION) VALUES (56, 1, 'flgConformePersonaRecojo', 'boolean', 0, 'solicitud.flgConformePersonaRecojo', null, null, null, null, null, null);
INSERT INTO BFP_CARTA_FIANZA.ATRIBUTO(COD_ATRIBUTO, COD_CLASE, NOMBRE, TIPO, FLG_LISTA, WEB_NOMBRE, WEB_FORMATO, INF_NOMBRE, INF_DESCRIPCION, INF_AUTOR, WEB_MEN_VALIDACION, WEB_FOR_VALIDACION) VALUES (57, 1, 'flagRequiereFirmaFisica', 'boolean', 0, 'solicitud.flagRequiereFirmaFisica', null, null, null, null, null, null);
INSERT INTO BFP_CARTA_FIANZA.ATRIBUTO(COD_ATRIBUTO, COD_CLASE, NOMBRE, TIPO, FLG_LISTA, WEB_NOMBRE, WEB_FORMATO, INF_NOMBRE, INF_DESCRIPCION, INF_AUTOR, WEB_MEN_VALIDACION, WEB_FOR_VALIDACION) VALUES (96, 1, 'usuarioRegistro', 'String', 0, 'solicitud.usuarioRegistro', null, null, null, null, null, null);
INSERT INTO BFP_CARTA_FIANZA.ATRIBUTO(COD_ATRIBUTO, COD_CLASE, NOMBRE, TIPO, FLG_LISTA, WEB_NOMBRE, WEB_FORMATO, INF_NOMBRE, INF_DESCRIPCION, INF_AUTOR, WEB_MEN_VALIDACION, WEB_FOR_VALIDACION) VALUES (97, 1, 'fechaRegistro', 'java.sql.Timestamp', 0, 'solicitud.fechaRegistro', 'dd/MM/yyyy HH:mm:ss', null, null, null, null, null);
INSERT INTO BFP_CARTA_FIANZA.ATRIBUTO(COD_ATRIBUTO, COD_CLASE, NOMBRE, TIPO, FLG_LISTA, WEB_NOMBRE, WEB_FORMATO, INF_NOMBRE, INF_DESCRIPCION, INF_AUTOR, WEB_MEN_VALIDACION, WEB_FOR_VALIDACION) VALUES (98, 1, 'usuarioModificacion', 'String', 0, 'solicitud.usuarioModificacion', null, null, null, null, null, null);
INSERT INTO BFP_CARTA_FIANZA.ATRIBUTO(COD_ATRIBUTO, COD_CLASE, NOMBRE, TIPO, FLG_LISTA, WEB_NOMBRE, WEB_FORMATO, INF_NOMBRE, INF_DESCRIPCION, INF_AUTOR, WEB_MEN_VALIDACION, WEB_FOR_VALIDACION) VALUES (99, 1, 'fechaModificacion', 'java.sql.Timestamp', 0, 'solicitud.fechaModificacion', 'dd/MM/yyyy HH:mm:ss', null, null, null, null, null);
INSERT INTO BFP_CARTA_FIANZA.ATRIBUTO(COD_ATRIBUTO, COD_CLASE, NOMBRE, TIPO, FLG_LISTA, WEB_NOMBRE, WEB_FORMATO, INF_NOMBRE, INF_DESCRIPCION, INF_AUTOR, WEB_MEN_VALIDACION, WEB_FOR_VALIDACION) VALUES (514, 5, 'codigoBanca', 'String', 0, 'solicitud.cliente.codigoBanca', null, null, null, null, null, null);
INSERT INTO BFP_CARTA_FIANZA.ATRIBUTO(COD_ATRIBUTO, COD_CLASE, NOMBRE, TIPO, FLG_LISTA, WEB_NOMBRE, WEB_FORMATO, INF_NOMBRE, INF_DESCRIPCION, INF_AUTOR, WEB_MEN_VALIDACION, WEB_FOR_VALIDACION) VALUES (63, 1, 'linea', 'Linea', 0, null, null, null, null, null, null, null);
INSERT INTO BFP_CARTA_FIANZA.ATRIBUTO(COD_ATRIBUTO, COD_CLASE, NOMBRE, TIPO, FLG_LISTA, WEB_NOMBRE, WEB_FORMATO, INF_NOMBRE, INF_DESCRIPCION, INF_AUTOR, WEB_MEN_VALIDACION, WEB_FOR_VALIDACION) VALUES (64, 1, 'riesgos', 'Riesgo', 1, null, null, null, null, null, null, null);
INSERT INTO BFP_CARTA_FIANZA.ATRIBUTO(COD_ATRIBUTO, COD_CLASE, NOMBRE, TIPO, FLG_LISTA, WEB_NOMBRE, WEB_FORMATO, INF_NOMBRE, INF_DESCRIPCION, INF_AUTOR, WEB_MEN_VALIDACION, WEB_FOR_VALIDACION) VALUES (65, 1, 'cliente', 'Cliente', 0, null, null, null, null, null, null, null);
INSERT INTO BFP_CARTA_FIANZA.ATRIBUTO(COD_ATRIBUTO, COD_CLASE, NOMBRE, TIPO, FLG_LISTA, WEB_NOMBRE, WEB_FORMATO, INF_NOMBRE, INF_DESCRIPCION, INF_AUTOR, WEB_MEN_VALIDACION, WEB_FOR_VALIDACION) VALUES (515, 5, 'descripcionBanca', 'String', 0, 'solicitud.cliente.descripcionBanca', null, null, null, null, null, null);
INSERT INTO BFP_CARTA_FIANZA.ATRIBUTO(COD_ATRIBUTO, COD_CLASE, NOMBRE, TIPO, FLG_LISTA, WEB_NOMBRE, WEB_FORMATO, INF_NOMBRE, INF_DESCRIPCION, INF_AUTOR, WEB_MEN_VALIDACION, WEB_FOR_VALIDACION) VALUES (67, 1, 'cuentas', 'Cuenta', 1, null, null, null, null, null, null, null);
INSERT INTO BFP_CARTA_FIANZA.ATRIBUTO(COD_ATRIBUTO, COD_CLASE, NOMBRE, TIPO, FLG_LISTA, WEB_NOMBRE, WEB_FORMATO, INF_NOMBRE, INF_DESCRIPCION, INF_AUTOR, WEB_MEN_VALIDACION, WEB_FOR_VALIDACION) VALUES (68, 1, 'tieneNuevaObservacion', 'boolean', 0, 'p_tieneNuevaObservacion', null, null, null, null, null, null);
INSERT INTO BFP_CARTA_FIANZA.ATRIBUTO(COD_ATRIBUTO, COD_CLASE, NOMBRE, TIPO, FLG_LISTA, WEB_NOMBRE, WEB_FORMATO, INF_NOMBRE, INF_DESCRIPCION, INF_AUTOR, WEB_MEN_VALIDACION, WEB_FOR_VALIDACION) VALUES (80, 1, 'funcionarios', 'pe.com.financiero.cf.bean.negocio.Funcionario', 1, null, null, null, null, null, null, null);
INSERT INTO BFP_CARTA_FIANZA.ATRIBUTO(COD_ATRIBUTO, COD_CLASE, NOMBRE, TIPO, FLG_LISTA, WEB_NOMBRE, WEB_FORMATO, INF_NOMBRE, INF_DESCRIPCION, INF_AUTOR, WEB_MEN_VALIDACION, WEB_FOR_VALIDACION) VALUES (1301, 13, 'numero', 'String', 0, '', null, null, null, null, null, null);
INSERT INTO BFP_CARTA_FIANZA.ATRIBUTO(COD_ATRIBUTO, COD_CLASE, NOMBRE, TIPO, FLG_LISTA, WEB_NOMBRE, WEB_FORMATO, INF_NOMBRE, INF_DESCRIPCION, INF_AUTOR, WEB_MEN_VALIDACION, WEB_FOR_VALIDACION) VALUES (517, 5, 'descripcionClasificacionSBS', 'String', 0, '', null, null, null, null, null, null);
INSERT INTO BFP_CARTA_FIANZA.ATRIBUTO(COD_ATRIBUTO, COD_CLASE, NOMBRE, TIPO, FLG_LISTA, WEB_NOMBRE, WEB_FORMATO, INF_NOMBRE, INF_DESCRIPCION, INF_AUTOR, WEB_MEN_VALIDACION, WEB_FOR_VALIDACION) VALUES (1302, 13, 'tipoDocumento', 'String', 0, null, null, null, null, null, null, null);
INSERT INTO BFP_CARTA_FIANZA.ATRIBUTO(COD_ATRIBUTO, COD_CLASE, NOMBRE, TIPO, FLG_LISTA, WEB_NOMBRE, WEB_FORMATO, INF_NOMBRE, INF_DESCRIPCION, INF_AUTOR, WEB_MEN_VALIDACION, WEB_FOR_VALIDACION) VALUES (519, 5, 'descripcionClasificacionBanco', 'String', 0, 'solicitud.cliente.descripcionClasificacionBanco', null, null, null, null, null, null);
INSERT INTO BFP_CARTA_FIANZA.ATRIBUTO(COD_ATRIBUTO, COD_CLASE, NOMBRE, TIPO, FLG_LISTA, WEB_NOMBRE, WEB_FORMATO, INF_NOMBRE, INF_DESCRIPCION, INF_AUTOR, WEB_MEN_VALIDACION, WEB_FOR_VALIDACION) VALUES (520, 5, 'codigoDTR', 'String', 0, 'solicitud.cliente.codigoDTR', null, null, null, null, null, null);
INSERT INTO BFP_CARTA_FIANZA.ATRIBUTO(COD_ATRIBUTO, COD_CLASE, NOMBRE, TIPO, FLG_LISTA, WEB_NOMBRE, WEB_FORMATO, INF_NOMBRE, INF_DESCRIPCION, INF_AUTOR, WEB_MEN_VALIDACION, WEB_FOR_VALIDACION) VALUES (521, 5, 'descripcionDTR', 'String', 0, 'solicitud.cliente.descripcionDTR', null, null, null, null, null, null);
INSERT INTO BFP_CARTA_FIANZA.ATRIBUTO(COD_ATRIBUTO, COD_CLASE, NOMBRE, TIPO, FLG_LISTA, WEB_NOMBRE, WEB_FORMATO, INF_NOMBRE, INF_DESCRIPCION, INF_AUTOR, WEB_MEN_VALIDACION, WEB_FOR_VALIDACION) VALUES (601, 6, 'codigoIBS', 'String', 0, 'p_Funcionario_codigoIBS', null, null, null, null, null, null);
INSERT INTO BFP_CARTA_FIANZA.ATRIBUTO(COD_ATRIBUTO, COD_CLASE, NOMBRE, TIPO, FLG_LISTA, WEB_NOMBRE, WEB_FORMATO, INF_NOMBRE, INF_DESCRIPCION, INF_AUTOR, WEB_MEN_VALIDACION, WEB_FOR_VALIDACION) VALUES (70, 1, 'codigoFuncionario', 'String', 0, 'solicitud.codigoFuncionario', null, 'Funcionario de Negocios', null, null, null, '"REQUERIDO"');
INSERT INTO BFP_CARTA_FIANZA.ATRIBUTO(COD_ATRIBUTO, COD_CLASE, NOMBRE, TIPO, FLG_LISTA, WEB_NOMBRE, WEB_FORMATO, INF_NOMBRE, INF_DESCRIPCION, INF_AUTOR, WEB_MEN_VALIDACION, WEB_FOR_VALIDACION) VALUES (71, 1, 'funcionario', 'String', 0, 'solicitud.funcionario', null, null, null, null, null, null);
INSERT INTO BFP_CARTA_FIANZA.ATRIBUTO(COD_ATRIBUTO, COD_CLASE, NOMBRE, TIPO, FLG_LISTA, WEB_NOMBRE, WEB_FORMATO, INF_NOMBRE, INF_DESCRIPCION, INF_AUTOR, WEB_MEN_VALIDACION, WEB_FOR_VALIDACION) VALUES (72, 1, 'usuarioFuncionario', 'String', 0, 'solicitud.usuarioFuncionario', null, null, null, null, null, null);
INSERT INTO BFP_CARTA_FIANZA.ATRIBUTO(COD_ATRIBUTO, COD_CLASE, NOMBRE, TIPO, FLG_LISTA, WEB_NOMBRE, WEB_FORMATO, INF_NOMBRE, INF_DESCRIPCION, INF_AUTOR, WEB_MEN_VALIDACION, WEB_FOR_VALIDACION) VALUES (73, 1, 'usuarioGerenteGrupo', 'String', 0, 'solicitud.usuarioGerenteGrupo', null, null, null, null, null, null);
INSERT INTO BFP_CARTA_FIANZA.ATRIBUTO(COD_ATRIBUTO, COD_CLASE, NOMBRE, TIPO, FLG_LISTA, WEB_NOMBRE, WEB_FORMATO, INF_NOMBRE, INF_DESCRIPCION, INF_AUTOR, WEB_MEN_VALIDACION, WEB_FOR_VALIDACION) VALUES (74, 1, 'gerenteGrupo', 'String', 0, 'solicitud.gerenteGrupo', null, null, null, null, null, null);
INSERT INTO BFP_CARTA_FIANZA.ATRIBUTO(COD_ATRIBUTO, COD_CLASE, NOMBRE, TIPO, FLG_LISTA, WEB_NOMBRE, WEB_FORMATO, INF_NOMBRE, INF_DESCRIPCION, INF_AUTOR, WEB_MEN_VALIDACION, WEB_FOR_VALIDACION) VALUES (75, 1, 'usuarioAsistente', 'String', 0, 'solicitud.usuarioAsistente', null, null, null, null, null, null);
INSERT INTO BFP_CARTA_FIANZA.ATRIBUTO(COD_ATRIBUTO, COD_CLASE, NOMBRE, TIPO, FLG_LISTA, WEB_NOMBRE, WEB_FORMATO, INF_NOMBRE, INF_DESCRIPCION, INF_AUTOR, WEB_MEN_VALIDACION, WEB_FOR_VALIDACION) VALUES (76, 1, 'asistente', 'String', 0, 'solicitud.asistente', null, null, null, null, null, null);
INSERT INTO BFP_CARTA_FIANZA.ATRIBUTO(COD_ATRIBUTO, COD_CLASE, NOMBRE, TIPO, FLG_LISTA, WEB_NOMBRE, WEB_FORMATO, INF_NOMBRE, INF_DESCRIPCION, INF_AUTOR, WEB_MEN_VALIDACION, WEB_FOR_VALIDACION) VALUES (301, 3, 'codigoLinea', 'String', 0, 'solicitud.linea.codigoLinea', null, null, null, null, null, null);
INSERT INTO BFP_CARTA_FIANZA.ATRIBUTO(COD_ATRIBUTO, COD_CLASE, NOMBRE, TIPO, FLG_LISTA, WEB_NOMBRE, WEB_FORMATO, INF_NOMBRE, INF_DESCRIPCION, INF_AUTOR, WEB_MEN_VALIDACION, WEB_FOR_VALIDACION) VALUES (602, 6, 'usuarioFuncionario', 'String', 0, '', null, null, null, null, null, null);
INSERT INTO BFP_CARTA_FIANZA.ATRIBUTO(COD_ATRIBUTO, COD_CLASE, NOMBRE, TIPO, FLG_LISTA, WEB_NOMBRE, WEB_FORMATO, INF_NOMBRE, INF_DESCRIPCION, INF_AUTOR, WEB_MEN_VALIDACION, WEB_FOR_VALIDACION) VALUES (303, 3, 'moneda', 'String', 0, 'solicitud.linea.moneda', null, null, null, null, null, null);
INSERT INTO BFP_CARTA_FIANZA.ATRIBUTO(COD_ATRIBUTO, COD_CLASE, NOMBRE, TIPO, FLG_LISTA, WEB_NOMBRE, WEB_FORMATO, INF_NOMBRE, INF_DESCRIPCION, INF_AUTOR, WEB_MEN_VALIDACION, WEB_FOR_VALIDACION) VALUES (304, 3, 'montoAprobado', 'java.math.BigDecimal', 0, 'solicitud.linea.montoAprobado', null, null, null, null, null, null);
INSERT INTO BFP_CARTA_FIANZA.ATRIBUTO(COD_ATRIBUTO, COD_CLASE, NOMBRE, TIPO, FLG_LISTA, WEB_NOMBRE, WEB_FORMATO, INF_NOMBRE, INF_DESCRIPCION, INF_AUTOR, WEB_MEN_VALIDACION, WEB_FOR_VALIDACION) VALUES (305, 3, 'montoDisponibleIBS', 'java.math.BigDecimal', 0, 'solicitud.linea.montoDisponibleIBS', null, null, null, null, null, null);
INSERT INTO BFP_CARTA_FIANZA.ATRIBUTO(COD_ATRIBUTO, COD_CLASE, NOMBRE, TIPO, FLG_LISTA, WEB_NOMBRE, WEB_FORMATO, INF_NOMBRE, INF_DESCRIPCION, INF_AUTOR, WEB_MEN_VALIDACION, WEB_FOR_VALIDACION) VALUES (306, 3, 'montoTramite', 'java.math.BigDecimal', 0, 'solicitud.linea.montoTramite', null, null, null, null, null, null);
INSERT INTO BFP_CARTA_FIANZA.ATRIBUTO(COD_ATRIBUTO, COD_CLASE, NOMBRE, TIPO, FLG_LISTA, WEB_NOMBRE, WEB_FORMATO, INF_NOMBRE, INF_DESCRIPCION, INF_AUTOR, WEB_MEN_VALIDACION, WEB_FOR_VALIDACION) VALUES (307, 3, 'montoDisponible', 'java.math.BigDecimal', 0, 'solicitud.linea.montoDisponible', null, null, null, null, null, null);
INSERT INTO BFP_CARTA_FIANZA.ATRIBUTO(COD_ATRIBUTO, COD_CLASE, NOMBRE, TIPO, FLG_LISTA, WEB_NOMBRE, WEB_FORMATO, INF_NOMBRE, INF_DESCRIPCION, INF_AUTOR, WEB_MEN_VALIDACION, WEB_FOR_VALIDACION) VALUES (308, 3, 'codigoCategoria', 'String', 0, 'solicitud.linea.codigoClasificacion', null, null, null, null, null, null);
INSERT INTO BFP_CARTA_FIANZA.ATRIBUTO(COD_ATRIBUTO, COD_CLASE, NOMBRE, TIPO, FLG_LISTA, WEB_NOMBRE, WEB_FORMATO, INF_NOMBRE, INF_DESCRIPCION, INF_AUTOR, WEB_MEN_VALIDACION, WEB_FOR_VALIDACION) VALUES (309, 3, 'fechaVencimiento', 'java.sql.Date', 0, 'solicitud.linea.fechaVencimiento', 'dd/MM/yyyy', null, null, null, null, null);
INSERT INTO BFP_CARTA_FIANZA.ATRIBUTO(COD_ATRIBUTO, COD_CLASE, NOMBRE, TIPO, FLG_LISTA, WEB_NOMBRE, WEB_FORMATO, INF_NOMBRE, INF_DESCRIPCION, INF_AUTOR, WEB_MEN_VALIDACION, WEB_FOR_VALIDACION) VALUES (310, 3, 'codigoEstado', 'String', 0, 'solicitud.linea.codigoEstado', null, null, null, null, null, null);
INSERT INTO BFP_CARTA_FIANZA.ATRIBUTO(COD_ATRIBUTO, COD_CLASE, NOMBRE, TIPO, FLG_LISTA, WEB_NOMBRE, WEB_FORMATO, INF_NOMBRE, INF_DESCRIPCION, INF_AUTOR, WEB_MEN_VALIDACION, WEB_FOR_VALIDACION) VALUES (400, 4, 'codigoSolicitud', 'Long', 0, '', null, null, null, null, null, null);
INSERT INTO BFP_CARTA_FIANZA.ATRIBUTO(COD_ATRIBUTO, COD_CLASE, NOMBRE, TIPO, FLG_LISTA, WEB_NOMBRE, WEB_FORMATO, INF_NOMBRE, INF_DESCRIPCION, INF_AUTOR, WEB_MEN_VALIDACION, WEB_FOR_VALIDACION) VALUES (401, 4, 'porcentaje', 'java.math.BigDecimal', 0, 'solicitud.riesgo.porcentaje', null, null, null, null, null, null);
INSERT INTO BFP_CARTA_FIANZA.ATRIBUTO(COD_ATRIBUTO, COD_CLASE, NOMBRE, TIPO, FLG_LISTA, WEB_NOMBRE, WEB_FORMATO, INF_NOMBRE, INF_DESCRIPCION, INF_AUTOR, WEB_MEN_VALIDACION, WEB_FOR_VALIDACION) VALUES (402, 4, 'codigoCriterio', 'String', 0, 'solicitud.riesgo.codigoCriterio', null, null, null, null, null, null);
INSERT INTO BFP_CARTA_FIANZA.ATRIBUTO(COD_ATRIBUTO, COD_CLASE, NOMBRE, TIPO, FLG_LISTA, WEB_NOMBRE, WEB_FORMATO, INF_NOMBRE, INF_DESCRIPCION, INF_AUTOR, WEB_MEN_VALIDACION, WEB_FOR_VALIDACION) VALUES (403, 4, 'descripcionCriterio', 'String', 0, 'solicitud.riesgo.descripcionCriterio', null, null, null, null, null, null);
INSERT INTO BFP_CARTA_FIANZA.ATRIBUTO(COD_ATRIBUTO, COD_CLASE, NOMBRE, TIPO, FLG_LISTA, WEB_NOMBRE, WEB_FORMATO, INF_NOMBRE, INF_DESCRIPCION, INF_AUTOR, WEB_MEN_VALIDACION, WEB_FOR_VALIDACION) VALUES (404, 4, 'lineaAprobada', 'java.math.BigDecimal', 0, 'solicitud.riesgo.lineaAprobada', null, null, null, null, null, null);
INSERT INTO BFP_CARTA_FIANZA.ATRIBUTO(COD_ATRIBUTO, COD_CLASE, NOMBRE, TIPO, FLG_LISTA, WEB_NOMBRE, WEB_FORMATO, INF_NOMBRE, INF_DESCRIPCION, INF_AUTOR, WEB_MEN_VALIDACION, WEB_FOR_VALIDACION) VALUES (405, 4, 'lineaUtilizada', 'java.math.BigDecimal', 0, 'solicitud.riesgo.lineaUtilizada', null, null, null, null, null, null);
INSERT INTO BFP_CARTA_FIANZA.ATRIBUTO(COD_ATRIBUTO, COD_CLASE, NOMBRE, TIPO, FLG_LISTA, WEB_NOMBRE, WEB_FORMATO, INF_NOMBRE, INF_DESCRIPCION, INF_AUTOR, WEB_MEN_VALIDACION, WEB_FOR_VALIDACION) VALUES (406, 4, 'lineaDisponible', 'java.math.BigDecimal', 0, 'solicitud.riesgo.lineaDisponible', null, null, null, null, null, null);
INSERT INTO BFP_CARTA_FIANZA.ATRIBUTO(COD_ATRIBUTO, COD_CLASE, NOMBRE, TIPO, FLG_LISTA, WEB_NOMBRE, WEB_FORMATO, INF_NOMBRE, INF_DESCRIPCION, INF_AUTOR, WEB_MEN_VALIDACION, WEB_FOR_VALIDACION) VALUES (500, 5, 'codigoSolicitud', 'Long', 0, 'solicitud.cliente.codigoSolicitud', null, null, null, null, null, null);
INSERT INTO BFP_CARTA_FIANZA.ATRIBUTO(COD_ATRIBUTO, COD_CLASE, NOMBRE, TIPO, FLG_LISTA, WEB_NOMBRE, WEB_FORMATO, INF_NOMBRE, INF_DESCRIPCION, INF_AUTOR, WEB_MEN_VALIDACION, WEB_FOR_VALIDACION) VALUES (501, 5, 'tipoDocumento', 'String', 0, 'solicitud.cliente.tipoDocumento', null, null, null, null, null, null);
INSERT INTO BFP_CARTA_FIANZA.ATRIBUTO(COD_ATRIBUTO, COD_CLASE, NOMBRE, TIPO, FLG_LISTA, WEB_NOMBRE, WEB_FORMATO, INF_NOMBRE, INF_DESCRIPCION, INF_AUTOR, WEB_MEN_VALIDACION, WEB_FOR_VALIDACION) VALUES (502, 5, 'numeroDocumento', 'String', 0, 'solicitud.cliente.numeroDocumento', null, null, null, null, null, null);
INSERT INTO BFP_CARTA_FIANZA.ATRIBUTO(COD_ATRIBUTO, COD_CLASE, NOMBRE, TIPO, FLG_LISTA, WEB_NOMBRE, WEB_FORMATO, INF_NOMBRE, INF_DESCRIPCION, INF_AUTOR, WEB_MEN_VALIDACION, WEB_FOR_VALIDACION) VALUES (503, 5, 'codigoIBS', 'Integer', 0, 'solicitud.cliente.codigoIBS', null, null, null, null, null, null);
INSERT INTO BFP_CARTA_FIANZA.ATRIBUTO(COD_ATRIBUTO, COD_CLASE, NOMBRE, TIPO, FLG_LISTA, WEB_NOMBRE, WEB_FORMATO, INF_NOMBRE, INF_DESCRIPCION, INF_AUTOR, WEB_MEN_VALIDACION, WEB_FOR_VALIDACION) VALUES (504, 5, 'codigoFuncionario', 'String', 0, 'solicitud.cliente.codigoFuncionario', null, null, null, null, null, null);
INSERT INTO BFP_CARTA_FIANZA.ATRIBUTO(COD_ATRIBUTO, COD_CLASE, NOMBRE, TIPO, FLG_LISTA, WEB_NOMBRE, WEB_FORMATO, INF_NOMBRE, INF_DESCRIPCION, INF_AUTOR, WEB_MEN_VALIDACION, WEB_FOR_VALIDACION) VALUES (505, 5, 'descripcionNombreFuncionario', 'String', 0, 'solicitud.cliente.descripcionNombreFuncionario', null, null, null, null, null, null);
INSERT INTO BFP_CARTA_FIANZA.ATRIBUTO(COD_ATRIBUTO, COD_CLASE, NOMBRE, TIPO, FLG_LISTA, WEB_NOMBRE, WEB_FORMATO, INF_NOMBRE, INF_DESCRIPCION, INF_AUTOR, WEB_MEN_VALIDACION, WEB_FOR_VALIDACION) VALUES (506, 5, 'razonSocial', 'String', 0, 'solicitud.cliente.razonSocial', null, null, null, null, null, null);
INSERT INTO BFP_CARTA_FIANZA.ATRIBUTO(COD_ATRIBUTO, COD_CLASE, NOMBRE, TIPO, FLG_LISTA, WEB_NOMBRE, WEB_FORMATO, INF_NOMBRE, INF_DESCRIPCION, INF_AUTOR, WEB_MEN_VALIDACION, WEB_FOR_VALIDACION) VALUES (603, 6, 'nombreFuncionario', 'String', 0, null, null, null, null, null, null, null);
INSERT INTO BFP_CARTA_FIANZA.ATRIBUTO(COD_ATRIBUTO, COD_CLASE, NOMBRE, TIPO, FLG_LISTA, WEB_NOMBRE, WEB_FORMATO, INF_NOMBRE, INF_DESCRIPCION, INF_AUTOR, WEB_MEN_VALIDACION, WEB_FOR_VALIDACION) VALUES (508, 5, 'nombreContacto', 'String', 0, 'solicitud.cliente.nombreContacto', null, 'Nombre de Contacto', null, null, null, '"REQUERIDO", "CADENA"');
INSERT INTO BFP_CARTA_FIANZA.ATRIBUTO(COD_ATRIBUTO, COD_CLASE, NOMBRE, TIPO, FLG_LISTA, WEB_NOMBRE, WEB_FORMATO, INF_NOMBRE, INF_DESCRIPCION, INF_AUTOR, WEB_MEN_VALIDACION, WEB_FOR_VALIDACION) VALUES (509, 5, 'correoContacto', 'String', 0, 'solicitud.cliente.correoContacto', null, 'Correo electrónico', null, null, null, '"REQUERIDO", "EMAIL"');
INSERT INTO BFP_CARTA_FIANZA.ATRIBUTO(COD_ATRIBUTO, COD_CLASE, NOMBRE, TIPO, FLG_LISTA, WEB_NOMBRE, WEB_FORMATO, INF_NOMBRE, INF_DESCRIPCION, INF_AUTOR, WEB_MEN_VALIDACION, WEB_FOR_VALIDACION) VALUES (1303, 13, 'numeroDocumento', 'String', 0, null, null, null, null, null, null, null);
INSERT INTO BFP_CARTA_FIANZA.ATRIBUTO(COD_ATRIBUTO, COD_CLASE, NOMBRE, TIPO, FLG_LISTA, WEB_NOMBRE, WEB_FORMATO, INF_NOMBRE, INF_DESCRIPCION, INF_AUTOR, WEB_MEN_VALIDACION, WEB_FOR_VALIDACION) VALUES (1304, 13, 'nombreCliente', 'String', 0, null, null, null, null, null, null, null);
INSERT INTO BFP_CARTA_FIANZA.ATRIBUTO(COD_ATRIBUTO, COD_CLASE, NOMBRE, TIPO, FLG_LISTA, WEB_NOMBRE, WEB_FORMATO, INF_NOMBRE, INF_DESCRIPCION, INF_AUTOR, WEB_MEN_VALIDACION, WEB_FOR_VALIDACION) VALUES (512, 5, 'telefonoContacto', 'String', 0, 'solicitud.cliente.telefonoContacto', null, 'Telefono de Contácto', null, null, null, '"TELEFONO"');
INSERT INTO BFP_CARTA_FIANZA.ATRIBUTO(COD_ATRIBUTO, COD_CLASE, NOMBRE, TIPO, FLG_LISTA, WEB_NOMBRE, WEB_FORMATO, INF_NOMBRE, INF_DESCRIPCION, INF_AUTOR, WEB_MEN_VALIDACION, WEB_FOR_VALIDACION) VALUES (513, 5, 'esEmpresaVinculada', 'boolean', 0, 'solicitud.cliente.esEmpresaVinculada', null, null, null, null, null, null);
INSERT INTO BFP_CARTA_FIANZA.ATRIBUTO(COD_ATRIBUTO, COD_CLASE, NOMBRE, TIPO, FLG_LISTA, WEB_NOMBRE, WEB_FORMATO, INF_NOMBRE, INF_DESCRIPCION, INF_AUTOR, WEB_MEN_VALIDACION, WEB_FOR_VALIDACION) VALUES (604, 6, 'usuarioGerente', 'String', 0, null, null, null, null, null, null, null);
INSERT INTO BFP_CARTA_FIANZA.ATRIBUTO(COD_ATRIBUTO, COD_CLASE, NOMBRE, TIPO, FLG_LISTA, WEB_NOMBRE, WEB_FORMATO, INF_NOMBRE, INF_DESCRIPCION, INF_AUTOR, WEB_MEN_VALIDACION, WEB_FOR_VALIDACION) VALUES (300, 3, 'codigoSolicitud', 'Long', 0, null, null, null, null, null, null, null);
INSERT INTO BFP_CARTA_FIANZA.ATRIBUTO(COD_ATRIBUTO, COD_CLASE, NOMBRE, TIPO, FLG_LISTA, WEB_NOMBRE, WEB_FORMATO, INF_NOMBRE, INF_DESCRIPCION, INF_AUTOR, WEB_MEN_VALIDACION, WEB_FOR_VALIDACION) VALUES (700, 7, 'codigoSolicitud', 'Long', 0, null, null, null, null, null, null, null);
INSERT INTO BFP_CARTA_FIANZA.ATRIBUTO(COD_ATRIBUTO, COD_CLASE, NOMBRE, TIPO, FLG_LISTA, WEB_NOMBRE, WEB_FORMATO, INF_NOMBRE, INF_DESCRIPCION, INF_AUTOR, WEB_MEN_VALIDACION, WEB_FOR_VALIDACION) VALUES (77, 1, 'cuenta', 'Cuenta', 0, null, null, null, null, null, null, null);
INSERT INTO BFP_CARTA_FIANZA.ATRIBUTO(COD_ATRIBUTO, COD_CLASE, NOMBRE, TIPO, FLG_LISTA, WEB_NOMBRE, WEB_FORMATO, INF_NOMBRE, INF_DESCRIPCION, INF_AUTOR, WEB_MEN_VALIDACION, WEB_FOR_VALIDACION) VALUES (605, 6, 'nombreGerente', 'String', 0, '', null, null, null, null, null, null);
INSERT INTO BFP_CARTA_FIANZA.ATRIBUTO(COD_ATRIBUTO, COD_CLASE, NOMBRE, TIPO, FLG_LISTA, WEB_NOMBRE, WEB_FORMATO, INF_NOMBRE, INF_DESCRIPCION, INF_AUTOR, WEB_MEN_VALIDACION, WEB_FOR_VALIDACION) VALUES (606, 6, 'usuarioAsistente', 'String', 0, '', null, null, null, null, null, null);
INSERT INTO BFP_CARTA_FIANZA.ATRIBUTO(COD_ATRIBUTO, COD_CLASE, NOMBRE, TIPO, FLG_LISTA, WEB_NOMBRE, WEB_FORMATO, INF_NOMBRE, INF_DESCRIPCION, INF_AUTOR, WEB_MEN_VALIDACION, WEB_FOR_VALIDACION) VALUES (607, 6, 'nombreAsistente', 'String', 0, '', null, null, null, null, null, null);
INSERT INTO BFP_CARTA_FIANZA.ATRIBUTO(COD_ATRIBUTO, COD_CLASE, NOMBRE, TIPO, FLG_LISTA, WEB_NOMBRE, WEB_FORMATO, INF_NOMBRE, INF_DESCRIPCION, INF_AUTOR, WEB_MEN_VALIDACION, WEB_FOR_VALIDACION) VALUES (608, 6, 'estado', 'boolean', 0, '', null, null, null, null, null, null);
INSERT INTO BFP_CARTA_FIANZA.ATRIBUTO(COD_ATRIBUTO, COD_CLASE, NOMBRE, TIPO, FLG_LISTA, WEB_NOMBRE, WEB_FORMATO, INF_NOMBRE, INF_DESCRIPCION, INF_AUTOR, WEB_MEN_VALIDACION, WEB_FOR_VALIDACION) VALUES (609, 6, 'usuarioCreacion', 'String', 0, '', null, null, null, null, null, null);
INSERT INTO BFP_CARTA_FIANZA.ATRIBUTO(COD_ATRIBUTO, COD_CLASE, NOMBRE, TIPO, FLG_LISTA, WEB_NOMBRE, WEB_FORMATO, INF_NOMBRE, INF_DESCRIPCION, INF_AUTOR, WEB_MEN_VALIDACION, WEB_FOR_VALIDACION) VALUES (610, 6, 'fechaCreacion', 'java.sql.Timestamp', 0, '', null, null, null, null, null, null);
INSERT INTO BFP_CARTA_FIANZA.ATRIBUTO(COD_ATRIBUTO, COD_CLASE, NOMBRE, TIPO, FLG_LISTA, WEB_NOMBRE, WEB_FORMATO, INF_NOMBRE, INF_DESCRIPCION, INF_AUTOR, WEB_MEN_VALIDACION, WEB_FOR_VALIDACION) VALUES (611, 6, 'usuarioModificacion', 'String', 0, '', null, null, null, null, null, null);
INSERT INTO BFP_CARTA_FIANZA.ATRIBUTO(COD_ATRIBUTO, COD_CLASE, NOMBRE, TIPO, FLG_LISTA, WEB_NOMBRE, WEB_FORMATO, INF_NOMBRE, INF_DESCRIPCION, INF_AUTOR, WEB_MEN_VALIDACION, WEB_FOR_VALIDACION) VALUES (612, 6, 'fechaModificacion', 'java.sql.Timestamp', 0, '', null, null, null, null, null, null);
INSERT INTO BFP_CARTA_FIANZA.ATRIBUTO(COD_ATRIBUTO, COD_CLASE, NOMBRE, TIPO, FLG_LISTA, WEB_NOMBRE, WEB_FORMATO, INF_NOMBRE, INF_DESCRIPCION, INF_AUTOR, WEB_MEN_VALIDACION, WEB_FOR_VALIDACION) VALUES (78, 1, 'codigoAgenciaOrigen', 'String', 0, 'solicitud.codigoAgenciaOrigen', null, null, null, null, null, null);
INSERT INTO BFP_CARTA_FIANZA.ATRIBUTO(COD_ATRIBUTO, COD_CLASE, NOMBRE, TIPO, FLG_LISTA, WEB_NOMBRE, WEB_FORMATO, INF_NOMBRE, INF_DESCRIPCION, INF_AUTOR, WEB_MEN_VALIDACION, WEB_FOR_VALIDACION) VALUES (79, 1, 'descripcionAgenciaOrigen', 'String', 0, 'solicitud.descripcionAgenciaOrigen', null, null, null, null, null, null);
INSERT INTO BFP_CARTA_FIANZA.ATRIBUTO(COD_ATRIBUTO, COD_CLASE, NOMBRE, TIPO, FLG_LISTA, WEB_NOMBRE, WEB_FORMATO, INF_NOMBRE, INF_DESCRIPCION, INF_AUTOR, WEB_MEN_VALIDACION, WEB_FOR_VALIDACION) VALUES (1305, 13, 'estado', 'boolean', 0, null, null, null, null, null, null, null);
INSERT INTO BFP_CARTA_FIANZA.ATRIBUTO(COD_ATRIBUTO, COD_CLASE, NOMBRE, TIPO, FLG_LISTA, WEB_NOMBRE, WEB_FORMATO, INF_NOMBRE, INF_DESCRIPCION, INF_AUTOR, WEB_MEN_VALIDACION, WEB_FOR_VALIDACION) VALUES (1306, 13, 'fechaVencimiento', 'java.sql.Date', 0, null, null, null, null, null, null, null);
INSERT INTO BFP_CARTA_FIANZA.ATRIBUTO(COD_ATRIBUTO, COD_CLASE, NOMBRE, TIPO, FLG_LISTA, WEB_NOMBRE, WEB_FORMATO, INF_NOMBRE, INF_DESCRIPCION, INF_AUTOR, WEB_MEN_VALIDACION, WEB_FOR_VALIDACION) VALUES (1307, 13, 'descripcion', 'String', 0, null, null, null, null, null, null, null);
INSERT INTO BFP_CARTA_FIANZA.ATRIBUTO(COD_ATRIBUTO, COD_CLASE, NOMBRE, TIPO, FLG_LISTA, WEB_NOMBRE, WEB_FORMATO, INF_NOMBRE, INF_DESCRIPCION, INF_AUTOR, WEB_MEN_VALIDACION, WEB_FOR_VALIDACION) VALUES (1308, 13, 'ruta', 'String', 0, null, null, null, null, null, null, null);
INSERT INTO BFP_CARTA_FIANZA.ATRIBUTO(COD_ATRIBUTO, COD_CLASE, NOMBRE, TIPO, FLG_LISTA, WEB_NOMBRE, WEB_FORMATO, INF_NOMBRE, INF_DESCRIPCION, INF_AUTOR, WEB_MEN_VALIDACION, WEB_FOR_VALIDACION) VALUES (1309, 13, 'nombreArchivo', 'String', 0, null, null, null, null, null, null, null);
INSERT INTO BFP_CARTA_FIANZA.ATRIBUTO(COD_ATRIBUTO, COD_CLASE, NOMBRE, TIPO, FLG_LISTA, WEB_NOMBRE, WEB_FORMATO, INF_NOMBRE, INF_DESCRIPCION, INF_AUTOR, WEB_MEN_VALIDACION, WEB_FOR_VALIDACION) VALUES (1310, 13, 'usuarioCreacion', 'String', 0, null, null, null, null, null, null, null);
INSERT INTO BFP_CARTA_FIANZA.ATRIBUTO(COD_ATRIBUTO, COD_CLASE, NOMBRE, TIPO, FLG_LISTA, WEB_NOMBRE, WEB_FORMATO, INF_NOMBRE, INF_DESCRIPCION, INF_AUTOR, WEB_MEN_VALIDACION, WEB_FOR_VALIDACION) VALUES (1311, 13, 'fechaCreacion', 'java.sql.Timestamp', 0, null, null, null, null, null, null, null);
INSERT INTO BFP_CARTA_FIANZA.ATRIBUTO(COD_ATRIBUTO, COD_CLASE, NOMBRE, TIPO, FLG_LISTA, WEB_NOMBRE, WEB_FORMATO, INF_NOMBRE, INF_DESCRIPCION, INF_AUTOR, WEB_MEN_VALIDACION, WEB_FOR_VALIDACION) VALUES (1312, 13, 'usuarioModificacion', 'String', 0, null, null, null, null, null, null, null);
INSERT INTO BFP_CARTA_FIANZA.ATRIBUTO(COD_ATRIBUTO, COD_CLASE, NOMBRE, TIPO, FLG_LISTA, WEB_NOMBRE, WEB_FORMATO, INF_NOMBRE, INF_DESCRIPCION, INF_AUTOR, WEB_MEN_VALIDACION, WEB_FOR_VALIDACION) VALUES (1313, 13, 'fechaModificacion', 'java.sql.Timestamp', 0, null, null, null, null, null, null, null);
INSERT INTO BFP_CARTA_FIANZA.ATRIBUTO(COD_ATRIBUTO, COD_CLASE, NOMBRE, TIPO, FLG_LISTA, WEB_NOMBRE, WEB_FORMATO, INF_NOMBRE, INF_DESCRIPCION, INF_AUTOR, WEB_MEN_VALIDACION, WEB_FOR_VALIDACION) VALUES (66, 1, 'contratoMarco', 'ContratoMarco', 0, null, null, null, null, null, null, null);
INSERT INTO BFP_CARTA_FIANZA.ATRIBUTO(COD_ATRIBUTO, COD_CLASE, NOMBRE, TIPO, FLG_LISTA, WEB_NOMBRE, WEB_FORMATO, INF_NOMBRE, INF_DESCRIPCION, INF_AUTOR, WEB_MEN_VALIDACION, WEB_FOR_VALIDACION) VALUES (801, 8, 'codEvento', 'String', 0, '', '', 'Codigo de Evento', 'Codigo de Evento', 'Banco Financiero', '', null);
INSERT INTO BFP_CARTA_FIANZA.ATRIBUTO(COD_ATRIBUTO, COD_CLASE, NOMBRE, TIPO, FLG_LISTA, WEB_NOMBRE, WEB_FORMATO, INF_NOMBRE, INF_DESCRIPCION, INF_AUTOR, WEB_MEN_VALIDACION, WEB_FOR_VALIDACION) VALUES (802, 8, 'codMoneda', 'String', 0, '', '', 'Codigo de Moneda', 'Codigo de Moneda', 'Banco Financiero', '', null);
INSERT INTO BFP_CARTA_FIANZA.ATRIBUTO(COD_ATRIBUTO, COD_CLASE, NOMBRE, TIPO, FLG_LISTA, WEB_NOMBRE, WEB_FORMATO, INF_NOMBRE, INF_DESCRIPCION, INF_AUTOR, WEB_MEN_VALIDACION, WEB_FOR_VALIDACION) VALUES (815, 8, 'tipoComision', 'String', 0, null, null, null, null, null, null, null);
INSERT INTO BFP_CARTA_FIANZA.ATRIBUTO(COD_ATRIBUTO, COD_CLASE, NOMBRE, TIPO, FLG_LISTA, WEB_NOMBRE, WEB_FORMATO, INF_NOMBRE, INF_DESCRIPCION, INF_AUTOR, WEB_MEN_VALIDACION, WEB_FOR_VALIDACION) VALUES (804, 8, 'importe', 'java.math.BigDecimal', 0, '', '', 'Comision Evento', 'Comision de Evento', 'Banco Financiero', '', null);
INSERT INTO BFP_CARTA_FIANZA.ATRIBUTO(COD_ATRIBUTO, COD_CLASE, NOMBRE, TIPO, FLG_LISTA, WEB_NOMBRE, WEB_FORMATO, INF_NOMBRE, INF_DESCRIPCION, INF_AUTOR, WEB_MEN_VALIDACION, WEB_FOR_VALIDACION) VALUES (805, 8, 'minimo', 'java.math.BigDecimal', 0, '', '', 'Comision minimo Evento', 'Comision minimo de Evento', 'Banco Financiero', '', null);
INSERT INTO BFP_CARTA_FIANZA.ATRIBUTO(COD_ATRIBUTO, COD_CLASE, NOMBRE, TIPO, FLG_LISTA, WEB_NOMBRE, WEB_FORMATO, INF_NOMBRE, INF_DESCRIPCION, INF_AUTOR, WEB_MEN_VALIDACION, WEB_FOR_VALIDACION) VALUES (806, 8, 'maximo', 'java.math.BigDecimal', 0, '', '', 'Comision maximo Evento', 'Comision maximo de Evento', 'Banco Financiero', '', null);
INSERT INTO BFP_CARTA_FIANZA.ATRIBUTO(COD_ATRIBUTO, COD_CLASE, NOMBRE, TIPO, FLG_LISTA, WEB_NOMBRE, WEB_FORMATO, INF_NOMBRE, INF_DESCRIPCION, INF_AUTOR, WEB_MEN_VALIDACION, WEB_FOR_VALIDACION) VALUES (816, 8, 'descripcionTipoComision', 'String', 0, null, null, null, null, null, null, null);
INSERT INTO BFP_CARTA_FIANZA.ATRIBUTO(COD_ATRIBUTO, COD_CLASE, NOMBRE, TIPO, FLG_LISTA, WEB_NOMBRE, WEB_FORMATO, INF_NOMBRE, INF_DESCRIPCION, INF_AUTOR, WEB_MEN_VALIDACION, WEB_FOR_VALIDACION) VALUES (85, 1, 'comisionPizarra', 'java.math.BigDecimal', 0, 'solicitud.comisionPizarra', null, null, null, null, null, null);
INSERT INTO BFP_CARTA_FIANZA.ATRIBUTO(COD_ATRIBUTO, COD_CLASE, NOMBRE, TIPO, FLG_LISTA, WEB_NOMBRE, WEB_FORMATO, INF_NOMBRE, INF_DESCRIPCION, INF_AUTOR, WEB_MEN_VALIDACION, WEB_FOR_VALIDACION) VALUES (1004, 10, 'usuarioCreacion', 'String', 0, null, null, null, null, null, null, null);
INSERT INTO BFP_CARTA_FIANZA.ATRIBUTO(COD_ATRIBUTO, COD_CLASE, NOMBRE, TIPO, FLG_LISTA, WEB_NOMBRE, WEB_FORMATO, INF_NOMBRE, INF_DESCRIPCION, INF_AUTOR, WEB_MEN_VALIDACION, WEB_FOR_VALIDACION) VALUES (1005, 10, 'fechaCreacion', 'java.sql.Timestamp', 0, null, null, null, null, null, null, null);
INSERT INTO BFP_CARTA_FIANZA.ATRIBUTO(COD_ATRIBUTO, COD_CLASE, NOMBRE, TIPO, FLG_LISTA, WEB_NOMBRE, WEB_FORMATO, INF_NOMBRE, INF_DESCRIPCION, INF_AUTOR, WEB_MEN_VALIDACION, WEB_FOR_VALIDACION) VALUES (59, 1, 'listaVerificacions', 'ListaVerificacion', 1, null, null, null, null, null, null, null);
INSERT INTO BFP_CARTA_FIANZA.ATRIBUTO(COD_ATRIBUTO, COD_CLASE, NOMBRE, TIPO, FLG_LISTA, WEB_NOMBRE, WEB_FORMATO, INF_NOMBRE, INF_DESCRIPCION, INF_AUTOR, WEB_MEN_VALIDACION, WEB_FOR_VALIDACION) VALUES (1000, 10, 'codigoSolicitud', 'Long', 0, null, null, null, null, null, null, null);
INSERT INTO BFP_CARTA_FIANZA.ATRIBUTO(COD_ATRIBUTO, COD_CLASE, NOMBRE, TIPO, FLG_LISTA, WEB_NOMBRE, WEB_FORMATO, INF_NOMBRE, INF_DESCRIPCION, INF_AUTOR, WEB_MEN_VALIDACION, WEB_FOR_VALIDACION) VALUES (1001, 10, 'codigoVerificacion', 'Integer', 0, null, null, null, null, null, null, null);
INSERT INTO BFP_CARTA_FIANZA.ATRIBUTO(COD_ATRIBUTO, COD_CLASE, NOMBRE, TIPO, FLG_LISTA, WEB_NOMBRE, WEB_FORMATO, INF_NOMBRE, INF_DESCRIPCION, INF_AUTOR, WEB_MEN_VALIDACION, WEB_FOR_VALIDACION) VALUES (1002, 10, 'nombre', 'String', 0, null, null, null, null, null, null, null);
INSERT INTO BFP_CARTA_FIANZA.ATRIBUTO(COD_ATRIBUTO, COD_CLASE, NOMBRE, TIPO, FLG_LISTA, WEB_NOMBRE, WEB_FORMATO, INF_NOMBRE, INF_DESCRIPCION, INF_AUTOR, WEB_MEN_VALIDACION, WEB_FOR_VALIDACION) VALUES (600, 6, 'codigoTipoBanca', 'String', 0, null, null, null, null, null, null, null);
INSERT INTO BFP_CARTA_FIANZA.ATRIBUTO(COD_ATRIBUTO, COD_CLASE, NOMBRE, TIPO, FLG_LISTA, WEB_NOMBRE, WEB_FORMATO, INF_NOMBRE, INF_DESCRIPCION, INF_AUTOR, WEB_MEN_VALIDACION, WEB_FOR_VALIDACION) VALUES (800, 8, 'codigoSolicitud', 'Long', 0, null, null, null, null, null, null, null);
INSERT INTO BFP_CARTA_FIANZA.ATRIBUTO(COD_ATRIBUTO, COD_CLASE, NOMBRE, TIPO, FLG_LISTA, WEB_NOMBRE, WEB_FORMATO, INF_NOMBRE, INF_DESCRIPCION, INF_AUTOR, WEB_MEN_VALIDACION, WEB_FOR_VALIDACION) VALUES (1003, 10, 'verificado', 'boolean', 0, null, null, null, null, null, null, null);
INSERT INTO BFP_CARTA_FIANZA.ATRIBUTO(COD_ATRIBUTO, COD_CLASE, NOMBRE, TIPO, FLG_LISTA, WEB_NOMBRE, WEB_FORMATO, INF_NOMBRE, INF_DESCRIPCION, INF_AUTOR, WEB_MEN_VALIDACION, WEB_FOR_VALIDACION) VALUES (311, 3, 'estado', 'String', 0, null, null, null, null, null, null, null);
INSERT INTO BFP_CARTA_FIANZA.ATRIBUTO(COD_ATRIBUTO, COD_CLASE, NOMBRE, TIPO, FLG_LISTA, WEB_NOMBRE, WEB_FORMATO, INF_NOMBRE, INF_DESCRIPCION, INF_AUTOR, WEB_MEN_VALIDACION, WEB_FOR_VALIDACION) VALUES (28, 1, 'descripcionTipoSolicitud', 'String', 0, null, null, null, null, null, null, null);
INSERT INTO BFP_CARTA_FIANZA.ATRIBUTO(COD_ATRIBUTO, COD_CLASE, NOMBRE, TIPO, FLG_LISTA, WEB_NOMBRE, WEB_FORMATO, INF_NOMBRE, INF_DESCRIPCION, INF_AUTOR, WEB_MEN_VALIDACION, WEB_FOR_VALIDACION) VALUES (58, 1, 'tipoCambioSBS', 'java.math.BigDecimal', 0, 'solicitud.tipoCambioSBS', null, null, null, null, null, null);
INSERT INTO BFP_CARTA_FIANZA.ATRIBUTO(COD_ATRIBUTO, COD_CLASE, NOMBRE, TIPO, FLG_LISTA, WEB_NOMBRE, WEB_FORMATO, INF_NOMBRE, INF_DESCRIPCION, INF_AUTOR, WEB_MEN_VALIDACION, WEB_FOR_VALIDACION) VALUES (95, 1, 'aleasProceso', 'String', 0, null, null, null, null, null, null, null);
INSERT INTO BFP_CARTA_FIANZA.ATRIBUTO(COD_ATRIBUTO, COD_CLASE, NOMBRE, TIPO, FLG_LISTA, WEB_NOMBRE, WEB_FORMATO, INF_NOMBRE, INF_DESCRIPCION, INF_AUTOR, WEB_MEN_VALIDACION, WEB_FOR_VALIDACION) VALUES (708, 7, 'saldoRetenido', 'java.math.BigDecimal', 0, 'solicitud.cuenta.saldoRetenido', null, null, null, null, null, null);
INSERT INTO BFP_CARTA_FIANZA.ATRIBUTO(COD_ATRIBUTO, COD_CLASE, NOMBRE, TIPO, FLG_LISTA, WEB_NOMBRE, WEB_FORMATO, INF_NOMBRE, INF_DESCRIPCION, INF_AUTOR, WEB_MEN_VALIDACION, WEB_FOR_VALIDACION) VALUES (709, 7, 'saldoDisponible', 'java.math.BigDecimal', 0, 'solicitud.cuenta.saldoDisponible', null, null, null, null, null, null);
INSERT INTO BFP_CARTA_FIANZA.ATRIBUTO(COD_ATRIBUTO, COD_CLASE, NOMBRE, TIPO, FLG_LISTA, WEB_NOMBRE, WEB_FORMATO, INF_NOMBRE, INF_DESCRIPCION, INF_AUTOR, WEB_MEN_VALIDACION, WEB_FOR_VALIDACION) VALUES (710, 7, 'estado', 'String', 0, 'solicitud.cuenta.estado', null, null, null, null, null, null);
INSERT INTO BFP_CARTA_FIANZA.ATRIBUTO(COD_ATRIBUTO, COD_CLASE, NOMBRE, TIPO, FLG_LISTA, WEB_NOMBRE, WEB_FORMATO, INF_NOMBRE, INF_DESCRIPCION, INF_AUTOR, WEB_MEN_VALIDACION, WEB_FOR_VALIDACION) VALUES (522, 5, 'descripcionEmbargo', 'String', 0, null, null, null, null, null, null, null);
INSERT INTO BFP_CARTA_FIANZA.ATRIBUTO(COD_ATRIBUTO, COD_CLASE, NOMBRE, TIPO, FLG_LISTA, WEB_NOMBRE, WEB_FORMATO, INF_NOMBRE, INF_DESCRIPCION, INF_AUTOR, WEB_MEN_VALIDACION, WEB_FOR_VALIDACION) VALUES (523, 5, 'descripcionTipificacion', 'String', 0, null, null, null, null, null, null, null);
INSERT INTO BFP_CARTA_FIANZA.ATRIBUTO(COD_ATRIBUTO, COD_CLASE, NOMBRE, TIPO, FLG_LISTA, WEB_NOMBRE, WEB_FORMATO, INF_NOMBRE, INF_DESCRIPCION, INF_AUTOR, WEB_MEN_VALIDACION, WEB_FOR_VALIDACION) VALUES (312, 3, 'descripcionEstado', 'String', 0, null, null, null, null, null, null, null);
INSERT INTO BFP_CARTA_FIANZA.ATRIBUTO(COD_ATRIBUTO, COD_CLASE, NOMBRE, TIPO, FLG_LISTA, WEB_NOMBRE, WEB_FORMATO, INF_NOMBRE, INF_DESCRIPCION, INF_AUTOR, WEB_MEN_VALIDACION, WEB_FOR_VALIDACION) VALUES (313, 3, 'descripcionCategoria', 'String', 0, null, null, null, null, null, null, null);
INSERT INTO BFP_CARTA_FIANZA.ATRIBUTO(COD_ATRIBUTO, COD_CLASE, NOMBRE, TIPO, FLG_LISTA, WEB_NOMBRE, WEB_FORMATO, INF_NOMBRE, INF_DESCRIPCION, INF_AUTOR, WEB_MEN_VALIDACION, WEB_FOR_VALIDACION) VALUES (81, 1, 'codigoProductoIBS', 'String', 0, 'solicitud.codigoProductoIBS', null, null, null, null, null, null);
INSERT INTO BFP_CARTA_FIANZA.ATRIBUTO(COD_ATRIBUTO, COD_CLASE, NOMBRE, TIPO, FLG_LISTA, WEB_NOMBRE, WEB_FORMATO, INF_NOMBRE, INF_DESCRIPCION, INF_AUTOR, WEB_MEN_VALIDACION, WEB_FOR_VALIDACION) VALUES (82, 1, 'codigoSubProductoIBS', 'String', 0, 'solicitud.codigoSubProductoIBS', null, null, null, null, null, null);
INSERT INTO BFP_CARTA_FIANZA.ATRIBUTO(COD_ATRIBUTO, COD_CLASE, NOMBRE, TIPO, FLG_LISTA, WEB_NOMBRE, WEB_FORMATO, INF_NOMBRE, INF_DESCRIPCION, INF_AUTOR, WEB_MEN_VALIDACION, WEB_FOR_VALIDACION) VALUES (83, 1, 'codigoTarifario', 'String', 0, 'solicitud.codigoTarifario', null, null, null, null, null, null);
INSERT INTO BFP_CARTA_FIANZA.ATRIBUTO(COD_ATRIBUTO, COD_CLASE, NOMBRE, TIPO, FLG_LISTA, WEB_NOMBRE, WEB_FORMATO, INF_NOMBRE, INF_DESCRIPCION, INF_AUTOR, WEB_MEN_VALIDACION, WEB_FOR_VALIDACION) VALUES (84, 1, 'tipoCambioBE', 'java.math.BigDecimal', 0, 'solicitud.tipoCambioBE', null, null, null, null, null, null);
INSERT INTO BFP_CARTA_FIANZA.ATRIBUTO(COD_ATRIBUTO, COD_CLASE, NOMBRE, TIPO, FLG_LISTA, WEB_NOMBRE, WEB_FORMATO, INF_NOMBRE, INF_DESCRIPCION, INF_AUTOR, WEB_MEN_VALIDACION, WEB_FOR_VALIDACION) VALUES (1006, 10, 'descripcion', 'String', 0, null, null, null, null, null, null, null);
INSERT INTO BFP_CARTA_FIANZA.ATRIBUTO(COD_ATRIBUTO, COD_CLASE, NOMBRE, TIPO, FLG_LISTA, WEB_NOMBRE, WEB_FORMATO, INF_NOMBRE, INF_DESCRIPCION, INF_AUTOR, WEB_MEN_VALIDACION, WEB_FOR_VALIDACION) VALUES (1100, 11, 'codigoPlantilla', 'Integer', 0, null, null, null, null, null, null, null);
INSERT INTO BFP_CARTA_FIANZA.ATRIBUTO(COD_ATRIBUTO, COD_CLASE, NOMBRE, TIPO, FLG_LISTA, WEB_NOMBRE, WEB_FORMATO, INF_NOMBRE, INF_DESCRIPCION, INF_AUTOR, WEB_MEN_VALIDACION, WEB_FOR_VALIDACION) VALUES (1101, 11, 'codigoTipoBanca', 'String', 0, null, null, null, null, null, null, null);
INSERT INTO BFP_CARTA_FIANZA.ATRIBUTO(COD_ATRIBUTO, COD_CLASE, NOMBRE, TIPO, FLG_LISTA, WEB_NOMBRE, WEB_FORMATO, INF_NOMBRE, INF_DESCRIPCION, INF_AUTOR, WEB_MEN_VALIDACION, WEB_FOR_VALIDACION) VALUES (1102, 11, 'nombre', 'String', 0, null, null, null, null, null, null, null);
INSERT INTO BFP_CARTA_FIANZA.ATRIBUTO(COD_ATRIBUTO, COD_CLASE, NOMBRE, TIPO, FLG_LISTA, WEB_NOMBRE, WEB_FORMATO, INF_NOMBRE, INF_DESCRIPCION, INF_AUTOR, WEB_MEN_VALIDACION, WEB_FOR_VALIDACION) VALUES (1103, 11, 'descripcion', 'String', 0, null, null, null, null, null, null, null);
INSERT INTO BFP_CARTA_FIANZA.ATRIBUTO(COD_ATRIBUTO, COD_CLASE, NOMBRE, TIPO, FLG_LISTA, WEB_NOMBRE, WEB_FORMATO, INF_NOMBRE, INF_DESCRIPCION, INF_AUTOR, WEB_MEN_VALIDACION, WEB_FOR_VALIDACION) VALUES (1104, 11, 'estado', 'boolean', 0, null, null, null, null, null, null, null);
INSERT INTO BFP_CARTA_FIANZA.ATRIBUTO(COD_ATRIBUTO, COD_CLASE, NOMBRE, TIPO, FLG_LISTA, WEB_NOMBRE, WEB_FORMATO, INF_NOMBRE, INF_DESCRIPCION, INF_AUTOR, WEB_MEN_VALIDACION, WEB_FOR_VALIDACION) VALUES (1105, 11, 'archivo', 'String', 0, null, null, null, null, null, null, null);
INSERT INTO BFP_CARTA_FIANZA.ATRIBUTO(COD_ATRIBUTO, COD_CLASE, NOMBRE, TIPO, FLG_LISTA, WEB_NOMBRE, WEB_FORMATO, INF_NOMBRE, INF_DESCRIPCION, INF_AUTOR, WEB_MEN_VALIDACION, WEB_FOR_VALIDACION) VALUES (1106, 11, 'usuarioCreacion', 'String', 0, null, null, null, null, null, null, null);
INSERT INTO BFP_CARTA_FIANZA.ATRIBUTO(COD_ATRIBUTO, COD_CLASE, NOMBRE, TIPO, FLG_LISTA, WEB_NOMBRE, WEB_FORMATO, INF_NOMBRE, INF_DESCRIPCION, INF_AUTOR, WEB_MEN_VALIDACION, WEB_FOR_VALIDACION) VALUES (1107, 11, 'fechaCreacion', 'java.sql.Timestamp', 0, null, null, null, null, null, null, null);
INSERT INTO BFP_CARTA_FIANZA.ATRIBUTO(COD_ATRIBUTO, COD_CLASE, NOMBRE, TIPO, FLG_LISTA, WEB_NOMBRE, WEB_FORMATO, INF_NOMBRE, INF_DESCRIPCION, INF_AUTOR, WEB_MEN_VALIDACION, WEB_FOR_VALIDACION) VALUES (1108, 11, 'usuarioActualizacion', 'String', 0, null, null, null, null, null, null, null);
INSERT INTO BFP_CARTA_FIANZA.ATRIBUTO(COD_ATRIBUTO, COD_CLASE, NOMBRE, TIPO, FLG_LISTA, WEB_NOMBRE, WEB_FORMATO, INF_NOMBRE, INF_DESCRIPCION, INF_AUTOR, WEB_MEN_VALIDACION, WEB_FOR_VALIDACION) VALUES (1109, 11, 'fechaActualizacion', 'java.sql.Timestamp', 0, null, null, null, null, null, null, null);
INSERT INTO BFP_CARTA_FIANZA.ATRIBUTO(COD_ATRIBUTO, COD_CLASE, NOMBRE, TIPO, FLG_LISTA, WEB_NOMBRE, WEB_FORMATO, INF_NOMBRE, INF_DESCRIPCION, INF_AUTOR, WEB_MEN_VALIDACION, WEB_FOR_VALIDACION) VALUES (60, 1, 'plantillas', 'Plantilla', 1, null, null, null, null, null, null, null);
INSERT INTO BFP_CARTA_FIANZA.ATRIBUTO(COD_ATRIBUTO, COD_CLASE, NOMBRE, TIPO, FLG_LISTA, WEB_NOMBRE, WEB_FORMATO, INF_NOMBRE, INF_DESCRIPCION, INF_AUTOR, WEB_MEN_VALIDACION, WEB_FOR_VALIDACION) VALUES (86, 1, 'numeroCartaFianza', 'long', 0, 'solicitud.numeroCartaFianza', null, null, null, null, null, null);
INSERT INTO BFP_CARTA_FIANZA.ATRIBUTO(COD_ATRIBUTO, COD_CLASE, NOMBRE, TIPO, FLG_LISTA, WEB_NOMBRE, WEB_FORMATO, INF_NOMBRE, INF_DESCRIPCION, INF_AUTOR, WEB_MEN_VALIDACION, WEB_FOR_VALIDACION) VALUES (87, 1, 'cuentaContable', 'String', 0, 'solicitud.cuentaContable', null, null, null, null, null, null);
INSERT INTO BFP_CARTA_FIANZA.ATRIBUTO(COD_ATRIBUTO, COD_CLASE, NOMBRE, TIPO, FLG_LISTA, WEB_NOMBRE, WEB_FORMATO, INF_NOMBRE, INF_DESCRIPCION, INF_AUTOR, WEB_MEN_VALIDACION, WEB_FOR_VALIDACION) VALUES (88, 1, 'firmantes', 'pe.com.financiero.cartafianza.modelo.Firmante', 1, null, null, null, null, null, null, null);
INSERT INTO BFP_CARTA_FIANZA.ATRIBUTO(COD_ATRIBUTO, COD_CLASE, NOMBRE, TIPO, FLG_LISTA, WEB_NOMBRE, WEB_FORMATO, INF_NOMBRE, INF_DESCRIPCION, INF_AUTOR, WEB_MEN_VALIDACION, WEB_FOR_VALIDACION) VALUES (89, 1, 'codigoPlantilla', 'Integer', 0, 'solicitud.codigoPlantilla', null, null, null, null, null, null);
INSERT INTO BFP_CARTA_FIANZA.ATRIBUTO(COD_ATRIBUTO, COD_CLASE, NOMBRE, TIPO, FLG_LISTA, WEB_NOMBRE, WEB_FORMATO, INF_NOMBRE, INF_DESCRIPCION, INF_AUTOR, WEB_MEN_VALIDACION, WEB_FOR_VALIDACION) VALUES (90, 1, 'plantilla', 'Plantilla', 0, null, null, null, null, null, null, null);
INSERT INTO BFP_CARTA_FIANZA.ATRIBUTO(COD_ATRIBUTO, COD_CLASE, NOMBRE, TIPO, FLG_LISTA, WEB_NOMBRE, WEB_FORMATO, INF_NOMBRE, INF_DESCRIPCION, INF_AUTOR, WEB_MEN_VALIDACION, WEB_FOR_VALIDACION) VALUES (1402, 14, 'direccionBeneficiario', 'String', 0, null, null, null, null, null, null, null);
INSERT INTO BFP_CARTA_FIANZA.ATRIBUTO(COD_ATRIBUTO, COD_CLASE, NOMBRE, TIPO, FLG_LISTA, WEB_NOMBRE, WEB_FORMATO, INF_NOMBRE, INF_DESCRIPCION, INF_AUTOR, WEB_MEN_VALIDACION, WEB_FOR_VALIDACION) VALUES (1403, 14, 'codigoPostalBeneficiario', 'String', 0, null, null, null, null, null, null, null);
INSERT INTO BFP_CARTA_FIANZA.ATRIBUTO(COD_ATRIBUTO, COD_CLASE, NOMBRE, TIPO, FLG_LISTA, WEB_NOMBRE, WEB_FORMATO, INF_NOMBRE, INF_DESCRIPCION, INF_AUTOR, WEB_MEN_VALIDACION, WEB_FOR_VALIDACION) VALUES (1404, 14, 'descripcionCodigoPostalBeneficiario', 'String', 0, null, null, null, null, null, null, null);
INSERT INTO BFP_CARTA_FIANZA.ATRIBUTO(COD_ATRIBUTO, COD_CLASE, NOMBRE, TIPO, FLG_LISTA, WEB_NOMBRE, WEB_FORMATO, INF_NOMBRE, INF_DESCRIPCION, INF_AUTOR, WEB_MEN_VALIDACION, WEB_FOR_VALIDACION) VALUES (1405, 14, 'codigoTipoFianza', 'String', 0, null, null, null, null, null, null, null);
INSERT INTO BFP_CARTA_FIANZA.ATRIBUTO(COD_ATRIBUTO, COD_CLASE, NOMBRE, TIPO, FLG_LISTA, WEB_NOMBRE, WEB_FORMATO, INF_NOMBRE, INF_DESCRIPCION, INF_AUTOR, WEB_MEN_VALIDACION, WEB_FOR_VALIDACION) VALUES (1406, 14, 'descripcionTipoFianza', 'String', 0, null, null, null, null, null, null, null);
INSERT INTO BFP_CARTA_FIANZA.ATRIBUTO(COD_ATRIBUTO, COD_CLASE, NOMBRE, TIPO, FLG_LISTA, WEB_NOMBRE, WEB_FORMATO, INF_NOMBRE, INF_DESCRIPCION, INF_AUTOR, WEB_MEN_VALIDACION, WEB_FOR_VALIDACION) VALUES (1407, 14, 'tipoRiesgo', 'String', 0, null, null, null, null, null, null, null);
INSERT INTO BFP_CARTA_FIANZA.ATRIBUTO(COD_ATRIBUTO, COD_CLASE, NOMBRE, TIPO, FLG_LISTA, WEB_NOMBRE, WEB_FORMATO, INF_NOMBRE, INF_DESCRIPCION, INF_AUTOR, WEB_MEN_VALIDACION, WEB_FOR_VALIDACION) VALUES (1411, 14, 'codigoMoneda', 'String', 0, null, null, null, null, null, null, null);
INSERT INTO BFP_CARTA_FIANZA.ATRIBUTO(COD_ATRIBUTO, COD_CLASE, NOMBRE, TIPO, FLG_LISTA, WEB_NOMBRE, WEB_FORMATO, INF_NOMBRE, INF_DESCRIPCION, INF_AUTOR, WEB_MEN_VALIDACION, WEB_FOR_VALIDACION) VALUES (1412, 14, 'descripcionCodigoMoneda', 'String', 0, null, null, null, null, null, null, null);
INSERT INTO BFP_CARTA_FIANZA.ATRIBUTO(COD_ATRIBUTO, COD_CLASE, NOMBRE, TIPO, FLG_LISTA, WEB_NOMBRE, WEB_FORMATO, INF_NOMBRE, INF_DESCRIPCION, INF_AUTOR, WEB_MEN_VALIDACION, WEB_FOR_VALIDACION) VALUES (1413, 14, 'fechaVigencia', 'java.sql.Date', 0, null, null, null, null, null, null, null);
INSERT INTO BFP_CARTA_FIANZA.ATRIBUTO(COD_ATRIBUTO, COD_CLASE, NOMBRE, TIPO, FLG_LISTA, WEB_NOMBRE, WEB_FORMATO, INF_NOMBRE, INF_DESCRIPCION, INF_AUTOR, WEB_MEN_VALIDACION, WEB_FOR_VALIDACION) VALUES (1414, 14, 'fechaExpiracion', 'java.sql.Date', 0, null, null, null, null, null, null, null);
INSERT INTO BFP_CARTA_FIANZA.ATRIBUTO(COD_ATRIBUTO, COD_CLASE, NOMBRE, TIPO, FLG_LISTA, WEB_NOMBRE, WEB_FORMATO, INF_NOMBRE, INF_DESCRIPCION, INF_AUTOR, WEB_MEN_VALIDACION, WEB_FOR_VALIDACION) VALUES (1418, 14, 'modalidadCobro', 'String', 0, null, null, null, null, null, null, null);
INSERT INTO BFP_CARTA_FIANZA.ATRIBUTO(COD_ATRIBUTO, COD_CLASE, NOMBRE, TIPO, FLG_LISTA, WEB_NOMBRE, WEB_FORMATO, INF_NOMBRE, INF_DESCRIPCION, INF_AUTOR, WEB_MEN_VALIDACION, WEB_FOR_VALIDACION) VALUES (1415, 14, 'tipoCambioBE', 'java.math.BigDecimal', 0, null, null, null, null, null, null, null);
INSERT INTO BFP_CARTA_FIANZA.ATRIBUTO(COD_ATRIBUTO, COD_CLASE, NOMBRE, TIPO, FLG_LISTA, WEB_NOMBRE, WEB_FORMATO, INF_NOMBRE, INF_DESCRIPCION, INF_AUTOR, WEB_MEN_VALIDACION, WEB_FOR_VALIDACION) VALUES (1416, 14, 'tipoCobranza', 'String', 0, null, null, null, null, null, null, null);
INSERT INTO BFP_CARTA_FIANZA.ATRIBUTO(COD_ATRIBUTO, COD_CLASE, NOMBRE, TIPO, FLG_LISTA, WEB_NOMBRE, WEB_FORMATO, INF_NOMBRE, INF_DESCRIPCION, INF_AUTOR, WEB_MEN_VALIDACION, WEB_FOR_VALIDACION) VALUES (1417, 14, 'descripcionTipoCobranza', 'String', 0, null, null, null, null, null, null, null);
INSERT INTO BFP_CARTA_FIANZA.ATRIBUTO(COD_ATRIBUTO, COD_CLASE, NOMBRE, TIPO, FLG_LISTA, WEB_NOMBRE, WEB_FORMATO, INF_NOMBRE, INF_DESCRIPCION, INF_AUTOR, WEB_MEN_VALIDACION, WEB_FOR_VALIDACION) VALUES (1420, 14, 'flgRequerido', 'String', 0, null, null, null, null, null, null, null);
INSERT INTO BFP_CARTA_FIANZA.ATRIBUTO(COD_ATRIBUTO, COD_CLASE, NOMBRE, TIPO, FLG_LISTA, WEB_NOMBRE, WEB_FORMATO, INF_NOMBRE, INF_DESCRIPCION, INF_AUTOR, WEB_MEN_VALIDACION, WEB_FOR_VALIDACION) VALUES (1421, 14, 'fechaInicioRequerimiento', 'java.sql.Date', 0, null, null, null, null, null, null, null);
INSERT INTO BFP_CARTA_FIANZA.ATRIBUTO(COD_ATRIBUTO, COD_CLASE, NOMBRE, TIPO, FLG_LISTA, WEB_NOMBRE, WEB_FORMATO, INF_NOMBRE, INF_DESCRIPCION, INF_AUTOR, WEB_MEN_VALIDACION, WEB_FOR_VALIDACION) VALUES (1408, 14, 'descripcionTipoRiesgo', 'String', 0, null, null, null, null, null, null, null);
INSERT INTO BFP_CARTA_FIANZA.ATRIBUTO(COD_ATRIBUTO, COD_CLASE, NOMBRE, TIPO, FLG_LISTA, WEB_NOMBRE, WEB_FORMATO, INF_NOMBRE, INF_DESCRIPCION, INF_AUTOR, WEB_MEN_VALIDACION, WEB_FOR_VALIDACION) VALUES (1409, 14, 'deudorGarantizado', 'String', 0, null, null, null, null, null, null, null);
INSERT INTO BFP_CARTA_FIANZA.ATRIBUTO(COD_ATRIBUTO, COD_CLASE, NOMBRE, TIPO, FLG_LISTA, WEB_NOMBRE, WEB_FORMATO, INF_NOMBRE, INF_DESCRIPCION, INF_AUTOR, WEB_MEN_VALIDACION, WEB_FOR_VALIDACION) VALUES (1419, 14, 'descripcionModalidadCobro', 'String', 0, null, null, null, null, null, null, null);
INSERT INTO BFP_CARTA_FIANZA.ATRIBUTO(COD_ATRIBUTO, COD_CLASE, NOMBRE, TIPO, FLG_LISTA, WEB_NOMBRE, WEB_FORMATO, INF_NOMBRE, INF_DESCRIPCION, INF_AUTOR, WEB_MEN_VALIDACION, WEB_FOR_VALIDACION) VALUES (1422, 14, 'numeroCartaFianza', 'long', 0, null, null, null, null, null, null, null);
INSERT INTO BFP_CARTA_FIANZA.ATRIBUTO(COD_ATRIBUTO, COD_CLASE, NOMBRE, TIPO, FLG_LISTA, WEB_NOMBRE, WEB_FORMATO, INF_NOMBRE, INF_DESCRIPCION, INF_AUTOR, WEB_MEN_VALIDACION, WEB_FOR_VALIDACION) VALUES (91, 1, 'cartaFianza', 'CartaFianza', 0, null, null, null, null, null, null, null);
INSERT INTO BFP_CARTA_FIANZA.ATRIBUTO(COD_ATRIBUTO, COD_CLASE, NOMBRE, TIPO, FLG_LISTA, WEB_NOMBRE, WEB_FORMATO, INF_NOMBRE, INF_DESCRIPCION, INF_AUTOR, WEB_MEN_VALIDACION, WEB_FOR_VALIDACION) VALUES (92, 1, 'tipoRequerimiento', 'String', 0, 'solicitud.tipoRequerimiento', null, null, null, null, null, null);
INSERT INTO BFP_CARTA_FIANZA.ATRIBUTO(COD_ATRIBUTO, COD_CLASE, NOMBRE, TIPO, FLG_LISTA, WEB_NOMBRE, WEB_FORMATO, INF_NOMBRE, INF_DESCRIPCION, INF_AUTOR, WEB_MEN_VALIDACION, WEB_FOR_VALIDACION) VALUES (93, 1, 'descripcionTipoRequerimiento', 'String', 0, null, null, null, null, null, null, null);
INSERT INTO BFP_CARTA_FIANZA.ATRIBUTO(COD_ATRIBUTO, COD_CLASE, NOMBRE, TIPO, FLG_LISTA, WEB_NOMBRE, WEB_FORMATO, INF_NOMBRE, INF_DESCRIPCION, INF_AUTOR, WEB_MEN_VALIDACION, WEB_FOR_VALIDACION) VALUES (1423, 14, 'numeroValorado', 'long', 0, null, null, null, null, null, null, null);
INSERT INTO BFP_CARTA_FIANZA.ATRIBUTO_DO(COD_ATRIBUTO, COD_OBJ_BPM, NOMBRE, TIPO, OBJ_RELACIONADO) VALUES (1, 1, 'codSolicitud', 'long', null);
INSERT INTO BFP_CARTA_FIANZA.ATRIBUTO_DO(COD_ATRIBUTO, COD_OBJ_BPM, NOMBRE, TIPO, OBJ_RELACIONADO) VALUES (17, 1, 'codTipFianza', 'string', null);
INSERT INTO BFP_CARTA_FIANZA.ATRIBUTO_DO(COD_ATRIBUTO, COD_OBJ_BPM, NOMBRE, TIPO, OBJ_RELACIONADO) VALUES (14, 1, 'codMoneda', 'string', null);
INSERT INTO BFP_CARTA_FIANZA.ATRIBUTO_DO(COD_ATRIBUTO, COD_OBJ_BPM, NOMBRE, TIPO, OBJ_RELACIONADO) VALUES (16, 1, 'monSolicitud', 'BigDecimal', null);
INSERT INTO BFP_CARTA_FIANZA.ATRIBUTO_DO(COD_ATRIBUTO, COD_OBJ_BPM, NOMBRE, TIPO, OBJ_RELACIONADO) VALUES (520, 5, 'claDTR', 'string', null);
INSERT INTO BFP_CARTA_FIANZA.ATRIBUTO_DO(COD_ATRIBUTO, COD_OBJ_BPM, NOMBRE, TIPO, OBJ_RELACIONADO) VALUES (13, 1, 'nomDeudorGarantizado', 'string', null);
INSERT INTO BFP_CARTA_FIANZA.ATRIBUTO_DO(COD_ATRIBUTO, COD_OBJ_BPM, NOMBRE, TIPO, OBJ_RELACIONADO) VALUES (301, 3, 'numLinea', 'string', null);
INSERT INTO BFP_CARTA_FIANZA.ATRIBUTO_DO(COD_ATRIBUTO, COD_OBJ_BPM, NOMBRE, TIPO, OBJ_RELACIONADO) VALUES (501, 5, 'tipDocumento', 'string', null);
INSERT INTO BFP_CARTA_FIANZA.ATRIBUTO_DO(COD_ATRIBUTO, COD_OBJ_BPM, NOMBRE, TIPO, OBJ_RELACIONADO) VALUES (502, 5, 'numDocumento', 'string', null);
INSERT INTO BFP_CARTA_FIANZA.ATRIBUTO_DO(COD_ATRIBUTO, COD_OBJ_BPM, NOMBRE, TIPO, OBJ_RELACIONADO) VALUES (503, 5, 'codIBS', 'int', null);
INSERT INTO BFP_CARTA_FIANZA.ATRIBUTO_DO(COD_ATRIBUTO, COD_OBJ_BPM, NOMBRE, TIPO, OBJ_RELACIONADO) VALUES (506, 5, 'razSocial', 'string', null);
INSERT INTO BFP_CARTA_FIANZA.ATRIBUTO_DO(COD_ATRIBUTO, COD_OBJ_BPM, NOMBRE, TIPO, OBJ_RELACIONADO) VALUES (504, 5, 'codFuncionario', 'string', null);
INSERT INTO BFP_CARTA_FIANZA.ATRIBUTO_DO(COD_ATRIBUTO, COD_OBJ_BPM, NOMBRE, TIPO, OBJ_RELACIONADO) VALUES (72, 2, 'dueno', 'string', null);
INSERT INTO BFP_CARTA_FIANZA.ATRIBUTO_DO(COD_ATRIBUTO, COD_OBJ_BPM, NOMBRE, TIPO, OBJ_RELACIONADO) VALUES (73, 2, 'administrador', 'string', null);
INSERT INTO BFP_CARTA_FIANZA.ATRIBUTO_DO(COD_ATRIBUTO, COD_OBJ_BPM, NOMBRE, TIPO, OBJ_RELACIONADO) VALUES (75, 2, 'editor', 'string', null);
INSERT INTO BFP_CARTA_FIANZA.ATRIBUTO_DO(COD_ATRIBUTO, COD_OBJ_BPM, NOMBRE, TIPO, OBJ_RELACIONADO) VALUES (4, 2, 'accion', 'string', null);
INSERT INTO BFP_CARTA_FIANZA.ATRIBUTO_DO(COD_ATRIBUTO, COD_OBJ_BPM, NOMBRE, TIPO, OBJ_RELACIONADO) VALUES (514, 5, 'linNegocio', 'string', null);
INSERT INTO BFP_CARTA_FIANZA.ATRIBUTO_DO(COD_ATRIBUTO, COD_OBJ_BPM, NOMBRE, TIPO, OBJ_RELACIONADO) VALUES (517, 5, 'calSBS', 'string', null);
INSERT INTO BFP_CARTA_FIANZA.ATRIBUTO_DO(COD_ATRIBUTO, COD_OBJ_BPM, NOMBRE, TIPO, OBJ_RELACIONADO) VALUES (519, 5, 'calBFP', 'string', null);
INSERT INTO BFP_CARTA_FIANZA.ATRIBUTO_DO(COD_ATRIBUTO, COD_OBJ_BPM, NOMBRE, TIPO, OBJ_RELACIONADO) VALUES (508, 5, 'nomContacto', 'string', null);
INSERT INTO BFP_CARTA_FIANZA.ATRIBUTO_DO(COD_ATRIBUTO, COD_OBJ_BPM, NOMBRE, TIPO, OBJ_RELACIONADO) VALUES (509, 5, 'corContacto', 'string', null);
INSERT INTO BFP_CARTA_FIANZA.ATRIBUTO_DO(COD_ATRIBUTO, COD_OBJ_BPM, NOMBRE, TIPO, OBJ_RELACIONADO) VALUES (804, 8, 'comisionEvento', 'BigDecimal', 8);
INSERT INTO BFP_CARTA_FIANZA.ATRIBUTO_DO(COD_ATRIBUTO, COD_OBJ_BPM, NOMBRE, TIPO, OBJ_RELACIONADO) VALUES (86, 1, 'numCartaFianza', 'long', null);
INSERT INTO BFP_CARTA_FIANZA.ATRIBUTO_DO(COD_ATRIBUTO, COD_OBJ_BPM, NOMBRE, TIPO, OBJ_RELACIONADO) VALUES (1401, 14, 'nomBeneficiario', 'string', null);
INSERT INTO BFP_CARTA_FIANZA.ATRIBUTO_DO(COD_ATRIBUTO, COD_OBJ_BPM, NOMBRE, TIPO, OBJ_RELACIONADO) VALUES (1402, 14, 'dirBeneficiario', 'string', null);
INSERT INTO BFP_CARTA_FIANZA.ATRIBUTO_DO(COD_ATRIBUTO, COD_OBJ_BPM, NOMBRE, TIPO, OBJ_RELACIONADO) VALUES (1403, 14, 'codPostal', 'string', null);
INSERT INTO BFP_CARTA_FIANZA.ATRIBUTO_DO(COD_ATRIBUTO, COD_OBJ_BPM, NOMBRE, TIPO, OBJ_RELACIONADO) VALUES (1405, 14, 'codTipoFianza', 'string', null);
INSERT INTO BFP_CARTA_FIANZA.ATRIBUTO_DO(COD_ATRIBUTO, COD_OBJ_BPM, NOMBRE, TIPO, OBJ_RELACIONADO) VALUES (1407, 14, 'codTipoRiesgo', 'string', null);
INSERT INTO BFP_CARTA_FIANZA.ATRIBUTO_DO(COD_ATRIBUTO, COD_OBJ_BPM, NOMBRE, TIPO, OBJ_RELACIONADO) VALUES (522, 5, 'cliEmbargado', 'string', null);
INSERT INTO BFP_CARTA_FIANZA.ATRIBUTO_DO(COD_ATRIBUTO, COD_OBJ_BPM, NOMBRE, TIPO, OBJ_RELACIONADO) VALUES (523, 5, 'tipificacion', 'string', null);
INSERT INTO BFP_CARTA_FIANZA.ATRIBUTO_DO(COD_ATRIBUTO, COD_OBJ_BPM, NOMBRE, TIPO, OBJ_RELACIONADO) VALUES (1409, 14, 'nomDeuGarantizado', 'string', null);
INSERT INTO BFP_CARTA_FIANZA.ATRIBUTO_DO(COD_ATRIBUTO, COD_OBJ_BPM, NOMBRE, TIPO, OBJ_RELACIONADO) VALUES (1411, 14, 'codMoneda', 'string', null);
INSERT INTO BFP_CARTA_FIANZA.ATRIBUTO_DO(COD_ATRIBUTO, COD_OBJ_BPM, NOMBRE, TIPO, OBJ_RELACIONADO) VALUES (1413, 14, 'fecEmision', 'date', null);
INSERT INTO BFP_CARTA_FIANZA.ATRIBUTO_DO(COD_ATRIBUTO, COD_OBJ_BPM, NOMBRE, TIPO, OBJ_RELACIONADO) VALUES (1414, 14, 'fecExpiracion', 'date', null);
INSERT INTO BFP_CARTA_FIANZA.ATRIBUTO_DO(COD_ATRIBUTO, COD_OBJ_BPM, NOMBRE, TIPO, OBJ_RELACIONADO) VALUES (1415, 14, 'tipCambioBE', 'BigDecimal', null);
INSERT INTO BFP_CARTA_FIANZA.ATRIBUTO_DO(COD_ATRIBUTO, COD_OBJ_BPM, NOMBRE, TIPO, OBJ_RELACIONADO) VALUES (1416, 14, 'codTipoCobranza', 'string', null);
INSERT INTO BFP_CARTA_FIANZA.ATRIBUTO_DO(COD_ATRIBUTO, COD_OBJ_BPM, NOMBRE, TIPO, OBJ_RELACIONADO) VALUES (1418, 14, 'codModalidadCobro', 'string', null);
INSERT INTO BFP_CARTA_FIANZA.ATRIBUTO_DO(COD_ATRIBUTO, COD_OBJ_BPM, NOMBRE, TIPO, OBJ_RELACIONADO) VALUES (1420, 14, 'flgRequerida', 'string', null);
INSERT INTO BFP_CARTA_FIANZA.ATRIBUTO_DO(COD_ATRIBUTO, COD_OBJ_BPM, NOMBRE, TIPO, OBJ_RELACIONADO) VALUES (1421, 14, 'fecRequerimiento', 'date', null);
INSERT INTO BFP_CARTA_FIANZA.ATRIBUTO_DO(COD_ATRIBUTO, COD_OBJ_BPM, NOMBRE, TIPO, OBJ_RELACIONADO) VALUES (303, 3, 'codMoneda', 'string', null);
INSERT INTO BFP_CARTA_FIANZA.ATRIBUTO_DO(COD_ATRIBUTO, COD_OBJ_BPM, NOMBRE, TIPO, OBJ_RELACIONADO) VALUES (304, 3, 'monAprobado', 'BigDecimal', null);
INSERT INTO BFP_CARTA_FIANZA.ATRIBUTO_DO(COD_ATRIBUTO, COD_OBJ_BPM, NOMBRE, TIPO, OBJ_RELACIONADO) VALUES (305, 3, 'monDisponible', 'BigDecimal', null);
INSERT INTO BFP_CARTA_FIANZA.ATRIBUTO_DO(COD_ATRIBUTO, COD_OBJ_BPM, NOMBRE, TIPO, OBJ_RELACIONADO) VALUES (309, 3, 'fecVencimiento', 'date', null);
INSERT INTO BFP_CARTA_FIANZA.ATRIBUTO_DO(COD_ATRIBUTO, COD_OBJ_BPM, NOMBRE, TIPO, OBJ_RELACIONADO) VALUES (310, 3, 'estado', 'string', null);
INSERT INTO BFP_CARTA_FIANZA.ATRIBUTO_DO(COD_ATRIBUTO, COD_OBJ_BPM, NOMBRE, TIPO, OBJ_RELACIONADO) VALUES (313, 3, 'desCategoria', 'string', null);
INSERT INTO BFP_CARTA_FIANZA.ATRIBUTO_DO(COD_ATRIBUTO, COD_OBJ_BPM, NOMBRE, TIPO, OBJ_RELACIONADO) VALUES (701, 7, 'cueNumero', 'string', null);
INSERT INTO BFP_CARTA_FIANZA.ATRIBUTO_DO(COD_ATRIBUTO, COD_OBJ_BPM, NOMBRE, TIPO, OBJ_RELACIONADO) VALUES (702, 7, 'cueCodTipo', 'string', null);
INSERT INTO BFP_CARTA_FIANZA.ATRIBUTO_DO(COD_ATRIBUTO, COD_OBJ_BPM, NOMBRE, TIPO, OBJ_RELACIONADO) VALUES (703, 7, 'cueCodAgencia', 'string', null);
INSERT INTO BFP_CARTA_FIANZA.ATRIBUTO_DO(COD_ATRIBUTO, COD_OBJ_BPM, NOMBRE, TIPO, OBJ_RELACIONADO) VALUES (704, 7, 'cueCodMoneda', 'string', null);
INSERT INTO BFP_CARTA_FIANZA.ATRIBUTO_DO(COD_ATRIBUTO, COD_OBJ_BPM, NOMBRE, TIPO, OBJ_RELACIONADO) VALUES (705, 7, 'cueSalContable', 'BigDecimal', null);
INSERT INTO BFP_CARTA_FIANZA.ATRIBUTO_DO(COD_ATRIBUTO, COD_OBJ_BPM, NOMBRE, TIPO, OBJ_RELACIONADO) VALUES (706, 7, 'cueEstado', 'string', null);
INSERT INTO BFP_CARTA_FIANZA.ATRIBUTO_DO(COD_ATRIBUTO, COD_OBJ_BPM, NOMBRE, TIPO, OBJ_RELACIONADO) VALUES (709, 7, 'cueSalDisponible', 'BigDecimal', null);
INSERT INTO BFP_CARTA_FIANZA.ATRIBUTO_DO(COD_ATRIBUTO, COD_OBJ_BPM, NOMBRE, TIPO, OBJ_RELACIONADO) VALUES (1423, 14, 'numValorado', 'long', null);
INSERT INTO BFP_CARTA_FIANZA.ATRIBUTO_SQL(COD_TABLA, COD_ATRIBUTO, CAMPO, TIPO, LONGITUD, PRECISION, PK, OBLIGATORIO, FK_TABLA, FK_UNO_MUCHO, FN_BUS_NOMBRE, FN_BUS_CATALOGO, VAL_DEFECTO, FK_CAMPO) VALUES (1, 2, 'PIID', 'VARCHAR', 50, null, 0, 1, null, 0, null, null, null, null);
INSERT INTO BFP_CARTA_FIANZA.ATRIBUTO_SQL(COD_TABLA, COD_ATRIBUTO, CAMPO, TIPO, LONGITUD, PRECISION, PK, OBLIGATORIO, FK_TABLA, FK_UNO_MUCHO, FN_BUS_NOMBRE, FN_BUS_CATALOGO, VAL_DEFECTO, FK_CAMPO) VALUES (1, 1, 'COD_SOLICITUD', 'BIGINT', null, null, 1, 1, null, 0, null, null, null, null);
INSERT INTO BFP_CARTA_FIANZA.ATRIBUTO_SQL(COD_TABLA, COD_ATRIBUTO, CAMPO, TIPO, LONGITUD, PRECISION, PK, OBLIGATORIO, FK_TABLA, FK_UNO_MUCHO, FN_BUS_NOMBRE, FN_BUS_CATALOGO, VAL_DEFECTO, FK_CAMPO) VALUES (1, 3, 'COD_TIP_SOLICITUD', 'VARCHAR', 5, null, 0, 0, null, 0, null, null, null, null);
INSERT INTO BFP_CARTA_FIANZA.ATRIBUTO_SQL(COD_TABLA, COD_ATRIBUTO, CAMPO, TIPO, LONGITUD, PRECISION, PK, OBLIGATORIO, FK_TABLA, FK_UNO_MUCHO, FN_BUS_NOMBRE, FN_BUS_CATALOGO, VAL_DEFECTO, FK_CAMPO) VALUES (1, 4, 'STS_SOLICITUD', 'VARCHAR', 3, null, 0, 1, null, 0, null, null, null, null);
INSERT INTO BFP_CARTA_FIANZA.ATRIBUTO_SQL(COD_TABLA, COD_ATRIBUTO, CAMPO, TIPO, LONGITUD, PRECISION, PK, OBLIGATORIO, FK_TABLA, FK_UNO_MUCHO, FN_BUS_NOMBRE, FN_BUS_CATALOGO, VAL_DEFECTO, FK_CAMPO) VALUES (1, 5, 'STS_SOLICITUD', 'VARCHAR', 3, null, 0, 0, null, 0, 'BFP_CARTA_FIANZA.FN_PORTAL_CATALOGO_CON_VALOR_1', 'COD_ESTADO', null, null);
INSERT INTO BFP_CARTA_FIANZA.ATRIBUTO_SQL(COD_TABLA, COD_ATRIBUTO, CAMPO, TIPO, LONGITUD, PRECISION, PK, OBLIGATORIO, FK_TABLA, FK_UNO_MUCHO, FN_BUS_NOMBRE, FN_BUS_CATALOGO, VAL_DEFECTO, FK_CAMPO) VALUES (1, 6, 'NOM_PER_AUTORIZADA', 'VARCHAR', 50, null, 0, 0, null, 0, null, null, null, null);
INSERT INTO BFP_CARTA_FIANZA.ATRIBUTO_SQL(COD_TABLA, COD_ATRIBUTO, CAMPO, TIPO, LONGITUD, PRECISION, PK, OBLIGATORIO, FK_TABLA, FK_UNO_MUCHO, FN_BUS_NOMBRE, FN_BUS_CATALOGO, VAL_DEFECTO, FK_CAMPO) VALUES (1, 7, 'TIP_DOC_PER_AUTORIZADA', 'VARCHAR', 3, null, 0, 0, null, 0, null, null, null, null);
INSERT INTO BFP_CARTA_FIANZA.ATRIBUTO_SQL(COD_TABLA, COD_ATRIBUTO, CAMPO, TIPO, LONGITUD, PRECISION, PK, OBLIGATORIO, FK_TABLA, FK_UNO_MUCHO, FN_BUS_NOMBRE, FN_BUS_CATALOGO, VAL_DEFECTO, FK_CAMPO) VALUES (1, 8, 'NUM_DOC_PER_AUTORIZADA', 'VARCHAR', 20, null, 0, 0, null, 0, null, null, null, null);
INSERT INTO BFP_CARTA_FIANZA.ATRIBUTO_SQL(COD_TABLA, COD_ATRIBUTO, CAMPO, TIPO, LONGITUD, PRECISION, PK, OBLIGATORIO, FK_TABLA, FK_UNO_MUCHO, FN_BUS_NOMBRE, FN_BUS_CATALOGO, VAL_DEFECTO, FK_CAMPO) VALUES (1, 9, 'NOM_BENEFICIARIO', 'VARCHAR', 50, null, 0, 0, null, 0, null, null, null, null);
INSERT INTO BFP_CARTA_FIANZA.ATRIBUTO_SQL(COD_TABLA, COD_ATRIBUTO, CAMPO, TIPO, LONGITUD, PRECISION, PK, OBLIGATORIO, FK_TABLA, FK_UNO_MUCHO, FN_BUS_NOMBRE, FN_BUS_CATALOGO, VAL_DEFECTO, FK_CAMPO) VALUES (1, 10, 'DIR_BENEFICIARIO', 'VARCHAR', 50, null, 0, 0, null, 0, null, null, null, null);
INSERT INTO BFP_CARTA_FIANZA.ATRIBUTO_SQL(COD_TABLA, COD_ATRIBUTO, CAMPO, TIPO, LONGITUD, PRECISION, PK, OBLIGATORIO, FK_TABLA, FK_UNO_MUCHO, FN_BUS_NOMBRE, FN_BUS_CATALOGO, VAL_DEFECTO, FK_CAMPO) VALUES (1, 11, 'COD_POS_BENEFICIARIO', 'VARCHAR', 10, null, 0, 0, null, 0, null, null, null, null);
INSERT INTO BFP_CARTA_FIANZA.ATRIBUTO_SQL(COD_TABLA, COD_ATRIBUTO, CAMPO, TIPO, LONGITUD, PRECISION, PK, OBLIGATORIO, FK_TABLA, FK_UNO_MUCHO, FN_BUS_NOMBRE, FN_BUS_CATALOGO, VAL_DEFECTO, FK_CAMPO) VALUES (1, 12, 'COD_POS_BENEFICIARIO', 'VARCHAR', 10, null, 0, 0, null, 0, 'BFP_CARTA_FIANZA.FN_PORTAL_CATALOGO_CON_VALOR_1', 'COD_POS_BENEFICIARIO', null, null);
INSERT INTO BFP_CARTA_FIANZA.ATRIBUTO_SQL(COD_TABLA, COD_ATRIBUTO, CAMPO, TIPO, LONGITUD, PRECISION, PK, OBLIGATORIO, FK_TABLA, FK_UNO_MUCHO, FN_BUS_NOMBRE, FN_BUS_CATALOGO, VAL_DEFECTO, FK_CAMPO) VALUES (1, 13, 'NOM_DEUGAR_SOLICITUD', 'VARCHAR', 50, null, 0, 0, null, 0, null, null, null, null);
INSERT INTO BFP_CARTA_FIANZA.ATRIBUTO_SQL(COD_TABLA, COD_ATRIBUTO, CAMPO, TIPO, LONGITUD, PRECISION, PK, OBLIGATORIO, FK_TABLA, FK_UNO_MUCHO, FN_BUS_NOMBRE, FN_BUS_CATALOGO, VAL_DEFECTO, FK_CAMPO) VALUES (1, 14, 'COD_MONEDA', 'VARCHAR', 3, null, 0, 0, null, 0, '', null, null, null);
INSERT INTO BFP_CARTA_FIANZA.ATRIBUTO_SQL(COD_TABLA, COD_ATRIBUTO, CAMPO, TIPO, LONGITUD, PRECISION, PK, OBLIGATORIO, FK_TABLA, FK_UNO_MUCHO, FN_BUS_NOMBRE, FN_BUS_CATALOGO, VAL_DEFECTO, FK_CAMPO) VALUES (1, 15, 'COD_MONEDA', 'VARCHAR', 3, null, 0, 0, null, 0, 'BFP_CARTA_FIANZA.FN_PORTAL_CATALOGO_CON_VALOR_1', 'COD_TIPO_MONEDA', null, null);
INSERT INTO BFP_CARTA_FIANZA.ATRIBUTO_SQL(COD_TABLA, COD_ATRIBUTO, CAMPO, TIPO, LONGITUD, PRECISION, PK, OBLIGATORIO, FK_TABLA, FK_UNO_MUCHO, FN_BUS_NOMBRE, FN_BUS_CATALOGO, VAL_DEFECTO, FK_CAMPO) VALUES (1, 16, 'MON_SOLICITUD', 'DECIMAL', 10, 2, 0, 0, null, 0, null, null, null, null);
INSERT INTO BFP_CARTA_FIANZA.ATRIBUTO_SQL(COD_TABLA, COD_ATRIBUTO, CAMPO, TIPO, LONGITUD, PRECISION, PK, OBLIGATORIO, FK_TABLA, FK_UNO_MUCHO, FN_BUS_NOMBRE, FN_BUS_CATALOGO, VAL_DEFECTO, FK_CAMPO) VALUES (1, 17, 'COD_TIP_FIANZA', 'VARCHAR', 2, null, 0, 0, null, 0, null, null, null, null);
INSERT INTO BFP_CARTA_FIANZA.ATRIBUTO_SQL(COD_TABLA, COD_ATRIBUTO, CAMPO, TIPO, LONGITUD, PRECISION, PK, OBLIGATORIO, FK_TABLA, FK_UNO_MUCHO, FN_BUS_NOMBRE, FN_BUS_CATALOGO, VAL_DEFECTO, FK_CAMPO) VALUES (1, 18, 'COD_TIP_FIANZA', 'VARCHAR', 2, null, 0, 0, null, 0, 'BFP_CARTA_FIANZA.FN_PORTAL_CATALOGO_CON_VALOR_1', 'COD_TIP_FIANZA', null, null);
INSERT INTO BFP_CARTA_FIANZA.ATRIBUTO_SQL(COD_TABLA, COD_ATRIBUTO, CAMPO, TIPO, LONGITUD, PRECISION, PK, OBLIGATORIO, FK_TABLA, FK_UNO_MUCHO, FN_BUS_NOMBRE, FN_BUS_CATALOGO, VAL_DEFECTO, FK_CAMPO) VALUES (1, 19, 'FEC_IMPRESION', 'DATE', null, null, 0, 0, null, 0, null, null, null, null);
INSERT INTO BFP_CARTA_FIANZA.ATRIBUTO_SQL(COD_TABLA, COD_ATRIBUTO, CAMPO, TIPO, LONGITUD, PRECISION, PK, OBLIGATORIO, FK_TABLA, FK_UNO_MUCHO, FN_BUS_NOMBRE, FN_BUS_CATALOGO, VAL_DEFECTO, FK_CAMPO) VALUES (1, 20, 'FEC_VIGENCIA', 'DATE', null, null, 0, 0, null, 0, null, null, null, null);
INSERT INTO BFP_CARTA_FIANZA.ATRIBUTO_SQL(COD_TABLA, COD_ATRIBUTO, CAMPO, TIPO, LONGITUD, PRECISION, PK, OBLIGATORIO, FK_TABLA, FK_UNO_MUCHO, FN_BUS_NOMBRE, FN_BUS_CATALOGO, VAL_DEFECTO, FK_CAMPO) VALUES (1, 21, 'FEC_EXPIRACION', 'DATE', null, null, 0, 0, null, 0, null, null, null, null);
INSERT INTO BFP_CARTA_FIANZA.ATRIBUTO_SQL(COD_TABLA, COD_ATRIBUTO, CAMPO, TIPO, LONGITUD, PRECISION, PK, OBLIGATORIO, FK_TABLA, FK_UNO_MUCHO, FN_BUS_NOMBRE, FN_BUS_CATALOGO, VAL_DEFECTO, FK_CAMPO) VALUES (1, 24, 'COD_AGE_RECOJO', 'VARCHAR', 5, null, 0, 0, null, 0, null, null, null, null);
INSERT INTO BFP_CARTA_FIANZA.ATRIBUTO_SQL(COD_TABLA, COD_ATRIBUTO, CAMPO, TIPO, LONGITUD, PRECISION, PK, OBLIGATORIO, FK_TABLA, FK_UNO_MUCHO, FN_BUS_NOMBRE, FN_BUS_CATALOGO, VAL_DEFECTO, FK_CAMPO) VALUES (1, 25, 'COD_AGE_RECOJO', 'VARCHAR', 5, null, 0, 0, null, 0, 'BFP_CARTA_FIANZA.FN_PORTAL_CATALOGO_CON_VALOR_1', 'COD_AGENCIA', null, null);
INSERT INTO BFP_CARTA_FIANZA.ATRIBUTO_SQL(COD_TABLA, COD_ATRIBUTO, CAMPO, TIPO, LONGITUD, PRECISION, PK, OBLIGATORIO, FK_TABLA, FK_UNO_MUCHO, FN_BUS_NOMBRE, FN_BUS_CATALOGO, VAL_DEFECTO, FK_CAMPO) VALUES (1, 26, 'COD_LUG_ENVIO', 'VARCHAR', 5, null, 0, 0, null, 0, null, null, null, null);
INSERT INTO BFP_CARTA_FIANZA.ATRIBUTO_SQL(COD_TABLA, COD_ATRIBUTO, CAMPO, TIPO, LONGITUD, PRECISION, PK, OBLIGATORIO, FK_TABLA, FK_UNO_MUCHO, FN_BUS_NOMBRE, FN_BUS_CATALOGO, VAL_DEFECTO, FK_CAMPO) VALUES (1, 27, 'COD_LUG_ENVIO', 'VARCHAR', 5, null, 0, 0, null, 0, 'BFP_CARTA_FIANZA.FN_PORTAL_CATALOGO_CON_VALOR_1', 'LUGAR_ENVIO', null, null);
INSERT INTO BFP_CARTA_FIANZA.ATRIBUTO_SQL(COD_TABLA, COD_ATRIBUTO, CAMPO, TIPO, LONGITUD, PRECISION, PK, OBLIGATORIO, FK_TABLA, FK_UNO_MUCHO, FN_BUS_NOMBRE, FN_BUS_CATALOGO, VAL_DEFECTO, FK_CAMPO) VALUES (1, 34, 'COD_TIP_FIRMA', 'VARCHAR', 3, null, 0, 0, null, 0, null, null, null, null);
INSERT INTO BFP_CARTA_FIANZA.ATRIBUTO_SQL(COD_TABLA, COD_ATRIBUTO, CAMPO, TIPO, LONGITUD, PRECISION, PK, OBLIGATORIO, FK_TABLA, FK_UNO_MUCHO, FN_BUS_NOMBRE, FN_BUS_CATALOGO, VAL_DEFECTO, FK_CAMPO) VALUES (1, 35, 'COD_TIP_FIRMA', 'VARCHAR', 3, null, 0, 0, null, 0, 'BFP_CARTA_FIANZA.FN_PORTAL_CATALOGO_CON_VALOR_1', 'TIPO_FIRMA', null, null);
INSERT INTO BFP_CARTA_FIANZA.ATRIBUTO_SQL(COD_TABLA, COD_ATRIBUTO, CAMPO, TIPO, LONGITUD, PRECISION, PK, OBLIGATORIO, FK_TABLA, FK_UNO_MUCHO, FN_BUS_NOMBRE, FN_BUS_CATALOGO, VAL_DEFECTO, FK_CAMPO) VALUES (1, 36, 'FLG_TEXTO_ESPECIAL', 'CHAR', 1, null, 0, 0, null, 0, null, null, null, null);
INSERT INTO BFP_CARTA_FIANZA.ATRIBUTO_SQL(COD_TABLA, COD_ATRIBUTO, CAMPO, TIPO, LONGITUD, PRECISION, PK, OBLIGATORIO, FK_TABLA, FK_UNO_MUCHO, FN_BUS_NOMBRE, FN_BUS_CATALOGO, VAL_DEFECTO, FK_CAMPO) VALUES (1, 37, 'FLG_TIP_TEX_ESPECIAL', 'VARCHAR', 3, null, 0, 0, null, 0, null, null, null, null);
INSERT INTO BFP_CARTA_FIANZA.ATRIBUTO_SQL(COD_TABLA, COD_ATRIBUTO, CAMPO, TIPO, LONGITUD, PRECISION, PK, OBLIGATORIO, FK_TABLA, FK_UNO_MUCHO, FN_BUS_NOMBRE, FN_BUS_CATALOGO, VAL_DEFECTO, FK_CAMPO) VALUES (1, 38, 'TXT_TEXTO_ESPECIAL', 'VARCHAR', 500, null, 0, 0, null, 0, null, null, null, null);
INSERT INTO BFP_CARTA_FIANZA.ATRIBUTO_SQL(COD_TABLA, COD_ATRIBUTO, CAMPO, TIPO, LONGITUD, PRECISION, PK, OBLIGATORIO, FK_TABLA, FK_UNO_MUCHO, FN_BUS_NOMBRE, FN_BUS_CATALOGO, VAL_DEFECTO, FK_CAMPO) VALUES (1, 39, 'DES_CONCEPTO_GARANTIZA', 'VARCHAR', 300, null, 0, 0, null, 0, null, null, null, null);
INSERT INTO BFP_CARTA_FIANZA.ATRIBUTO_SQL(COD_TABLA, COD_ATRIBUTO, CAMPO, TIPO, LONGITUD, PRECISION, PK, OBLIGATORIO, FK_TABLA, FK_UNO_MUCHO, FN_BUS_NOMBRE, FN_BUS_CATALOGO, VAL_DEFECTO, FK_CAMPO) VALUES (1, 40, 'FLG_CON_MARCO', 'CHAR', 1, null, 0, 0, null, 0, null, null, null, null);
INSERT INTO BFP_CARTA_FIANZA.ATRIBUTO_SQL(COD_TABLA, COD_ATRIBUTO, CAMPO, TIPO, LONGITUD, PRECISION, PK, OBLIGATORIO, FK_TABLA, FK_UNO_MUCHO, FN_BUS_NOMBRE, FN_BUS_CATALOGO, VAL_DEFECTO, FK_CAMPO) VALUES (1, 42, 'COMENTARIO', 'VARCHAR', 120, null, 0, 0, null, 0, null, null, null, null);
INSERT INTO BFP_CARTA_FIANZA.ATRIBUTO_SQL(COD_TABLA, COD_ATRIBUTO, CAMPO, TIPO, LONGITUD, PRECISION, PK, OBLIGATORIO, FK_TABLA, FK_UNO_MUCHO, FN_BUS_NOMBRE, FN_BUS_CATALOGO, VAL_DEFECTO, FK_CAMPO) VALUES (1, 43, 'COD_TIP_RIESGO', 'VARCHAR', 1, null, 0, 0, null, 0, null, null, null, null);
INSERT INTO BFP_CARTA_FIANZA.ATRIBUTO_SQL(COD_TABLA, COD_ATRIBUTO, CAMPO, TIPO, LONGITUD, PRECISION, PK, OBLIGATORIO, FK_TABLA, FK_UNO_MUCHO, FN_BUS_NOMBRE, FN_BUS_CATALOGO, VAL_DEFECTO, FK_CAMPO) VALUES (1, 44, 'COD_TIP_RIESGO', 'VARCHAR', 1, null, 0, 0, null, 0, 'BFP_CARTA_FIANZA.FN_PORTAL_CATALOGO_CON_VALOR_1', 'TIPO_RIESGO', null, null);
INSERT INTO BFP_CARTA_FIANZA.ATRIBUTO_SQL(COD_TABLA, COD_ATRIBUTO, CAMPO, TIPO, LONGITUD, PRECISION, PK, OBLIGATORIO, FK_TABLA, FK_UNO_MUCHO, FN_BUS_NOMBRE, FN_BUS_CATALOGO, VAL_DEFECTO, FK_CAMPO) VALUES (1, 45, 'COD_TIP_COBRANZA', 'VARCHAR', 1, null, 0, 0, null, 0, null, null, null, null);
INSERT INTO BFP_CARTA_FIANZA.ATRIBUTO_SQL(COD_TABLA, COD_ATRIBUTO, CAMPO, TIPO, LONGITUD, PRECISION, PK, OBLIGATORIO, FK_TABLA, FK_UNO_MUCHO, FN_BUS_NOMBRE, FN_BUS_CATALOGO, VAL_DEFECTO, FK_CAMPO) VALUES (1, 46, 'COD_TIP_COBRANZA', 'VARCHAR', 1, null, 0, 0, null, 0, 'BFP_CARTA_FIANZA.FN_PORTAL_CATALOGO_CON_VALOR_1', 'TIPO_COBRANZA', null, null);
INSERT INTO BFP_CARTA_FIANZA.ATRIBUTO_SQL(COD_TABLA, COD_ATRIBUTO, CAMPO, TIPO, LONGITUD, PRECISION, PK, OBLIGATORIO, FK_TABLA, FK_UNO_MUCHO, FN_BUS_NOMBRE, FN_BUS_CATALOGO, VAL_DEFECTO, FK_CAMPO) VALUES (1, 47, 'COD_MOD_COBRO', 'VARCHAR', 1, null, 0, 0, null, 0, null, null, null, null);
INSERT INTO BFP_CARTA_FIANZA.ATRIBUTO_SQL(COD_TABLA, COD_ATRIBUTO, CAMPO, TIPO, LONGITUD, PRECISION, PK, OBLIGATORIO, FK_TABLA, FK_UNO_MUCHO, FN_BUS_NOMBRE, FN_BUS_CATALOGO, VAL_DEFECTO, FK_CAMPO) VALUES (1, 48, 'COD_MOD_COBRO', 'VARCHAR', 1, null, 0, 0, null, 0, 'BFP_CARTA_FIANZA.FN_PORTAL_CATALOGO_CON_VALOR_1', 'MODALIDAD_COBRO', null, null);
INSERT INTO BFP_CARTA_FIANZA.ATRIBUTO_SQL(COD_TABLA, COD_ATRIBUTO, CAMPO, TIPO, LONGITUD, PRECISION, PK, OBLIGATORIO, FK_TABLA, FK_UNO_MUCHO, FN_BUS_NOMBRE, FN_BUS_CATALOGO, VAL_DEFECTO, FK_CAMPO) VALUES (1, 49, 'COM_PROPUESTA', 'DECIMAL', 9, 6, 0, 0, null, 0, null, null, null, null);
INSERT INTO BFP_CARTA_FIANZA.ATRIBUTO_SQL(COD_TABLA, COD_ATRIBUTO, CAMPO, TIPO, LONGITUD, PRECISION, PK, OBLIGATORIO, FK_TABLA, FK_UNO_MUCHO, FN_BUS_NOMBRE, FN_BUS_CATALOGO, VAL_DEFECTO, FK_CAMPO) VALUES (1, 96, 'USUARIO_CREACION', 'VARCHAR', 16, null, 0, 0, null, null, null, null, null, null);
INSERT INTO BFP_CARTA_FIANZA.ATRIBUTO_SQL(COD_TABLA, COD_ATRIBUTO, CAMPO, TIPO, LONGITUD, PRECISION, PK, OBLIGATORIO, FK_TABLA, FK_UNO_MUCHO, FN_BUS_NOMBRE, FN_BUS_CATALOGO, VAL_DEFECTO, FK_CAMPO) VALUES (5, 500, 'COD_SOLICITUD', 'BIGINT', null, null, 1, 1, 1, 0, null, null, null, 1);
INSERT INTO BFP_CARTA_FIANZA.ATRIBUTO_SQL(COD_TABLA, COD_ATRIBUTO, CAMPO, TIPO, LONGITUD, PRECISION, PK, OBLIGATORIO, FK_TABLA, FK_UNO_MUCHO, FN_BUS_NOMBRE, FN_BUS_CATALOGO, VAL_DEFECTO, FK_CAMPO) VALUES (5, 501, 'TIP_DOCUMENTO', 'VARCHAR', 4, null, 0, 0, null, 0, null, null, null, null);
INSERT INTO BFP_CARTA_FIANZA.ATRIBUTO_SQL(COD_TABLA, COD_ATRIBUTO, CAMPO, TIPO, LONGITUD, PRECISION, PK, OBLIGATORIO, FK_TABLA, FK_UNO_MUCHO, FN_BUS_NOMBRE, FN_BUS_CATALOGO, VAL_DEFECTO, FK_CAMPO) VALUES (5, 502, 'NUM_DOCUMENTO', 'VARCHAR', 20, null, 0, 0, null, 0, null, null, null, null);
INSERT INTO BFP_CARTA_FIANZA.ATRIBUTO_SQL(COD_TABLA, COD_ATRIBUTO, CAMPO, TIPO, LONGITUD, PRECISION, PK, OBLIGATORIO, FK_TABLA, FK_UNO_MUCHO, FN_BUS_NOMBRE, FN_BUS_CATALOGO, VAL_DEFECTO, FK_CAMPO) VALUES (5, 503, 'COD_IBS', 'INTEGER', 9, null, 0, 0, null, 0, null, null, null, null);
INSERT INTO BFP_CARTA_FIANZA.ATRIBUTO_SQL(COD_TABLA, COD_ATRIBUTO, CAMPO, TIPO, LONGITUD, PRECISION, PK, OBLIGATORIO, FK_TABLA, FK_UNO_MUCHO, FN_BUS_NOMBRE, FN_BUS_CATALOGO, VAL_DEFECTO, FK_CAMPO) VALUES (5, 504, 'COD_FUNCIONARIO', 'VARCHAR', 4, null, 0, 0, null, 0, null, null, null, null);
INSERT INTO BFP_CARTA_FIANZA.ATRIBUTO_SQL(COD_TABLA, COD_ATRIBUTO, CAMPO, TIPO, LONGITUD, PRECISION, PK, OBLIGATORIO, FK_TABLA, FK_UNO_MUCHO, FN_BUS_NOMBRE, FN_BUS_CATALOGO, VAL_DEFECTO, FK_CAMPO) VALUES (1, 70, 'COD_FUNCIONARIO', 'VARCHAR', 10, null, 0, 0, null, 0, null, null, null, null);
INSERT INTO BFP_CARTA_FIANZA.ATRIBUTO_SQL(COD_TABLA, COD_ATRIBUTO, CAMPO, TIPO, LONGITUD, PRECISION, PK, OBLIGATORIO, FK_TABLA, FK_UNO_MUCHO, FN_BUS_NOMBRE, FN_BUS_CATALOGO, VAL_DEFECTO, FK_CAMPO) VALUES (5, 506, 'RAZ_SOCIAL', 'VARCHAR', 45, null, 0, 0, null, 0, null, null, null, null);
INSERT INTO BFP_CARTA_FIANZA.ATRIBUTO_SQL(COD_TABLA, COD_ATRIBUTO, CAMPO, TIPO, LONGITUD, PRECISION, PK, OBLIGATORIO, FK_TABLA, FK_UNO_MUCHO, FN_BUS_NOMBRE, FN_BUS_CATALOGO, VAL_DEFECTO, FK_CAMPO) VALUES (5, 508, 'NOM_CONTACTO', 'VARCHAR', 50, null, 0, 0, null, 0, null, null, null, null);
INSERT INTO BFP_CARTA_FIANZA.ATRIBUTO_SQL(COD_TABLA, COD_ATRIBUTO, CAMPO, TIPO, LONGITUD, PRECISION, PK, OBLIGATORIO, FK_TABLA, FK_UNO_MUCHO, FN_BUS_NOMBRE, FN_BUS_CATALOGO, VAL_DEFECTO, FK_CAMPO) VALUES (5, 509, 'COR_CONTACTO', 'VARCHAR', 100, null, 0, 0, null, 0, null, null, null, null);
INSERT INTO BFP_CARTA_FIANZA.ATRIBUTO_SQL(COD_TABLA, COD_ATRIBUTO, CAMPO, TIPO, LONGITUD, PRECISION, PK, OBLIGATORIO, FK_TABLA, FK_UNO_MUCHO, FN_BUS_NOMBRE, FN_BUS_CATALOGO, VAL_DEFECTO, FK_CAMPO) VALUES (13, 1301, 'NUM_CONTRATO', 'VARCHAR', 20, null, 1, 1, null, 0, null, null, null, null);
INSERT INTO BFP_CARTA_FIANZA.ATRIBUTO_SQL(COD_TABLA, COD_ATRIBUTO, CAMPO, TIPO, LONGITUD, PRECISION, PK, OBLIGATORIO, FK_TABLA, FK_UNO_MUCHO, FN_BUS_NOMBRE, FN_BUS_CATALOGO, VAL_DEFECTO, FK_CAMPO) VALUES (13, 1302, 'TIP_DOC_CLIENTE', 'VARCHAR', 3, null, 1, 1, null, 0, null, null, null, null);
INSERT INTO BFP_CARTA_FIANZA.ATRIBUTO_SQL(COD_TABLA, COD_ATRIBUTO, CAMPO, TIPO, LONGITUD, PRECISION, PK, OBLIGATORIO, FK_TABLA, FK_UNO_MUCHO, FN_BUS_NOMBRE, FN_BUS_CATALOGO, VAL_DEFECTO, FK_CAMPO) VALUES (5, 512, 'TEL_CONTACTO', 'VARCHAR', 15, null, 0, 0, null, 0, null, null, null, null);
INSERT INTO BFP_CARTA_FIANZA.ATRIBUTO_SQL(COD_TABLA, COD_ATRIBUTO, CAMPO, TIPO, LONGITUD, PRECISION, PK, OBLIGATORIO, FK_TABLA, FK_UNO_MUCHO, FN_BUS_NOMBRE, FN_BUS_CATALOGO, VAL_DEFECTO, FK_CAMPO) VALUES (5, 513, 'FLG_EMP_VINCULADA', 'CHAR', 1, null, 0, 0, null, 0, null, null, null, null);
INSERT INTO BFP_CARTA_FIANZA.ATRIBUTO_SQL(COD_TABLA, COD_ATRIBUTO, CAMPO, TIPO, LONGITUD, PRECISION, PK, OBLIGATORIO, FK_TABLA, FK_UNO_MUCHO, FN_BUS_NOMBRE, FN_BUS_CATALOGO, VAL_DEFECTO, FK_CAMPO) VALUES (1, 71, 'NOM_FUNCIONARIO', 'VARCHAR', 80, null, 0, 0, null, 0, null, null, null, null);
INSERT INTO BFP_CARTA_FIANZA.ATRIBUTO_SQL(COD_TABLA, COD_ATRIBUTO, CAMPO, TIPO, LONGITUD, PRECISION, PK, OBLIGATORIO, FK_TABLA, FK_UNO_MUCHO, FN_BUS_NOMBRE, FN_BUS_CATALOGO, VAL_DEFECTO, FK_CAMPO) VALUES (1, 72, 'USU_FUNCIONARIO', 'VARCHAR', 16, null, 0, 0, null, 0, null, null, null, null);
INSERT INTO BFP_CARTA_FIANZA.ATRIBUTO_SQL(COD_TABLA, COD_ATRIBUTO, CAMPO, TIPO, LONGITUD, PRECISION, PK, OBLIGATORIO, FK_TABLA, FK_UNO_MUCHO, FN_BUS_NOMBRE, FN_BUS_CATALOGO, VAL_DEFECTO, FK_CAMPO) VALUES (1, 73, 'USU_GER_GRUPO', 'VARCHAR', 16, null, 0, 0, null, 0, null, null, null, null);
INSERT INTO BFP_CARTA_FIANZA.ATRIBUTO_SQL(COD_TABLA, COD_ATRIBUTO, CAMPO, TIPO, LONGITUD, PRECISION, PK, OBLIGATORIO, FK_TABLA, FK_UNO_MUCHO, FN_BUS_NOMBRE, FN_BUS_CATALOGO, VAL_DEFECTO, FK_CAMPO) VALUES (1, 74, 'NOM_GER_GRUPO', 'VARCHAR', 80, null, 0, 0, null, 0, null, null, null, null);
INSERT INTO BFP_CARTA_FIANZA.ATRIBUTO_SQL(COD_TABLA, COD_ATRIBUTO, CAMPO, TIPO, LONGITUD, PRECISION, PK, OBLIGATORIO, FK_TABLA, FK_UNO_MUCHO, FN_BUS_NOMBRE, FN_BUS_CATALOGO, VAL_DEFECTO, FK_CAMPO) VALUES (1, 75, 'USU_ASISTENTE', 'VARCHAR', 16, null, 0, 0, null, 0, null, null, null, null);
INSERT INTO BFP_CARTA_FIANZA.ATRIBUTO_SQL(COD_TABLA, COD_ATRIBUTO, CAMPO, TIPO, LONGITUD, PRECISION, PK, OBLIGATORIO, FK_TABLA, FK_UNO_MUCHO, FN_BUS_NOMBRE, FN_BUS_CATALOGO, VAL_DEFECTO, FK_CAMPO) VALUES (1, 76, 'NOM_ASISTENTE', 'VARCHAR', 80, null, 0, 0, null, 0, null, null, null, null);
INSERT INTO BFP_CARTA_FIANZA.ATRIBUTO_SQL(COD_TABLA, COD_ATRIBUTO, CAMPO, TIPO, LONGITUD, PRECISION, PK, OBLIGATORIO, FK_TABLA, FK_UNO_MUCHO, FN_BUS_NOMBRE, FN_BUS_CATALOGO, VAL_DEFECTO, FK_CAMPO) VALUES (3, 300, 'COD_SOLICITUD', 'BIGINT', 9, 0, 1, 1, 1, 0, null, null, null, 1);
INSERT INTO BFP_CARTA_FIANZA.ATRIBUTO_SQL(COD_TABLA, COD_ATRIBUTO, CAMPO, TIPO, LONGITUD, PRECISION, PK, OBLIGATORIO, FK_TABLA, FK_UNO_MUCHO, FN_BUS_NOMBRE, FN_BUS_CATALOGO, VAL_DEFECTO, FK_CAMPO) VALUES (3, 301, 'COD_LINEA', 'BIGINT', 9, 0, 0, 0, null, 0, null, null, null, null);
INSERT INTO BFP_CARTA_FIANZA.ATRIBUTO_SQL(COD_TABLA, COD_ATRIBUTO, CAMPO, TIPO, LONGITUD, PRECISION, PK, OBLIGATORIO, FK_TABLA, FK_UNO_MUCHO, FN_BUS_NOMBRE, FN_BUS_CATALOGO, VAL_DEFECTO, FK_CAMPO) VALUES (3, 303, 'COD_MONEDA', 'VARCHAR', 3, null, 0, 0, null, 0, null, null, null, null);
INSERT INTO BFP_CARTA_FIANZA.ATRIBUTO_SQL(COD_TABLA, COD_ATRIBUTO, CAMPO, TIPO, LONGITUD, PRECISION, PK, OBLIGATORIO, FK_TABLA, FK_UNO_MUCHO, FN_BUS_NOMBRE, FN_BUS_CATALOGO, VAL_DEFECTO, FK_CAMPO) VALUES (3, 304, 'MON_APROBADO', 'DECIMAL', 12, 2, 0, 0, null, 0, null, null, null, null);
INSERT INTO BFP_CARTA_FIANZA.ATRIBUTO_SQL(COD_TABLA, COD_ATRIBUTO, CAMPO, TIPO, LONGITUD, PRECISION, PK, OBLIGATORIO, FK_TABLA, FK_UNO_MUCHO, FN_BUS_NOMBRE, FN_BUS_CATALOGO, VAL_DEFECTO, FK_CAMPO) VALUES (3, 305, 'MON_DISPONIBLE', 'DECIMAL', 12, 2, 0, 0, null, 0, null, null, null, null);
INSERT INTO BFP_CARTA_FIANZA.ATRIBUTO_SQL(COD_TABLA, COD_ATRIBUTO, CAMPO, TIPO, LONGITUD, PRECISION, PK, OBLIGATORIO, FK_TABLA, FK_UNO_MUCHO, FN_BUS_NOMBRE, FN_BUS_CATALOGO, VAL_DEFECTO, FK_CAMPO) VALUES (3, 308, 'COD_CATEGORIA', 'VARCHAR', 1, null, 0, 0, null, 0, null, null, null, null);
INSERT INTO BFP_CARTA_FIANZA.ATRIBUTO_SQL(COD_TABLA, COD_ATRIBUTO, CAMPO, TIPO, LONGITUD, PRECISION, PK, OBLIGATORIO, FK_TABLA, FK_UNO_MUCHO, FN_BUS_NOMBRE, FN_BUS_CATALOGO, VAL_DEFECTO, FK_CAMPO) VALUES (3, 309, 'FEC_VENCIMIENTO', 'DATE', null, null, 0, 0, null, 0, null, null, null, null);
INSERT INTO BFP_CARTA_FIANZA.ATRIBUTO_SQL(COD_TABLA, COD_ATRIBUTO, CAMPO, TIPO, LONGITUD, PRECISION, PK, OBLIGATORIO, FK_TABLA, FK_UNO_MUCHO, FN_BUS_NOMBRE, FN_BUS_CATALOGO, VAL_DEFECTO, FK_CAMPO) VALUES (3, 310, 'COD_ESTADO', 'VARCHAR', 1, null, 0, 0, null, 0, null, null, null, null);
INSERT INTO BFP_CARTA_FIANZA.ATRIBUTO_SQL(COD_TABLA, COD_ATRIBUTO, CAMPO, TIPO, LONGITUD, PRECISION, PK, OBLIGATORIO, FK_TABLA, FK_UNO_MUCHO, FN_BUS_NOMBRE, FN_BUS_CATALOGO, VAL_DEFECTO, FK_CAMPO) VALUES (4, 400, 'COD_SOLICITUD', 'BIGINT', null, null, 1, 1, 1, 1, null, null, null, 1);
INSERT INTO BFP_CARTA_FIANZA.ATRIBUTO_SQL(COD_TABLA, COD_ATRIBUTO, CAMPO, TIPO, LONGITUD, PRECISION, PK, OBLIGATORIO, FK_TABLA, FK_UNO_MUCHO, FN_BUS_NOMBRE, FN_BUS_CATALOGO, VAL_DEFECTO, FK_CAMPO) VALUES (4, 401, 'POR_RIESGO', 'DECIMAL', 5, 2, 0, 0, null, 0, null, null, null, null);
INSERT INTO BFP_CARTA_FIANZA.ATRIBUTO_SQL(COD_TABLA, COD_ATRIBUTO, CAMPO, TIPO, LONGITUD, PRECISION, PK, OBLIGATORIO, FK_TABLA, FK_UNO_MUCHO, FN_BUS_NOMBRE, FN_BUS_CATALOGO, VAL_DEFECTO, FK_CAMPO) VALUES (4, 402, 'COD_CRITERIO', 'VARCHAR', 10, null, 1, 0, null, 0, null, null, null, null);
INSERT INTO BFP_CARTA_FIANZA.ATRIBUTO_SQL(COD_TABLA, COD_ATRIBUTO, CAMPO, TIPO, LONGITUD, PRECISION, PK, OBLIGATORIO, FK_TABLA, FK_UNO_MUCHO, FN_BUS_NOMBRE, FN_BUS_CATALOGO, VAL_DEFECTO, FK_CAMPO) VALUES (4, 403, 'COD_CRITERIO', 'VARCHAR', 10, null, 0, 0, null, 0, 'BFP_CARTA_FIANZA.FN_PORTAL_CATALOGO_CON_VALOR_1', 'COD_CRITERIO', null, null);
INSERT INTO BFP_CARTA_FIANZA.ATRIBUTO_SQL(COD_TABLA, COD_ATRIBUTO, CAMPO, TIPO, LONGITUD, PRECISION, PK, OBLIGATORIO, FK_TABLA, FK_UNO_MUCHO, FN_BUS_NOMBRE, FN_BUS_CATALOGO, VAL_DEFECTO, FK_CAMPO) VALUES (4, 404, 'LIN_APROBADA', 'DECIMAL', 12, 2, 0, 0, null, 0, null, null, null, null);
INSERT INTO BFP_CARTA_FIANZA.ATRIBUTO_SQL(COD_TABLA, COD_ATRIBUTO, CAMPO, TIPO, LONGITUD, PRECISION, PK, OBLIGATORIO, FK_TABLA, FK_UNO_MUCHO, FN_BUS_NOMBRE, FN_BUS_CATALOGO, VAL_DEFECTO, FK_CAMPO) VALUES (4, 405, 'LIN_UTILIZADA', 'DECIMAL', 12, 2, 0, 0, null, 0, null, null, null, null);
INSERT INTO BFP_CARTA_FIANZA.ATRIBUTO_SQL(COD_TABLA, COD_ATRIBUTO, CAMPO, TIPO, LONGITUD, PRECISION, PK, OBLIGATORIO, FK_TABLA, FK_UNO_MUCHO, FN_BUS_NOMBRE, FN_BUS_CATALOGO, VAL_DEFECTO, FK_CAMPO) VALUES (4, 406, 'LIN_DISPONIBLE', 'DECIMAL', 12, 2, 0, 0, null, 0, null, null, null, null);
INSERT INTO BFP_CARTA_FIANZA.ATRIBUTO_SQL(COD_TABLA, COD_ATRIBUTO, CAMPO, TIPO, LONGITUD, PRECISION, PK, OBLIGATORIO, FK_TABLA, FK_UNO_MUCHO, FN_BUS_NOMBRE, FN_BUS_CATALOGO, VAL_DEFECTO, FK_CAMPO) VALUES (7, 700, 'COD_SOLICITUD', 'BIGINT', null, null, 1, 0, 1, 0, null, null, null, 1);
INSERT INTO BFP_CARTA_FIANZA.ATRIBUTO_SQL(COD_TABLA, COD_ATRIBUTO, CAMPO, TIPO, LONGITUD, PRECISION, PK, OBLIGATORIO, FK_TABLA, FK_UNO_MUCHO, FN_BUS_NOMBRE, FN_BUS_CATALOGO, VAL_DEFECTO, FK_CAMPO) VALUES (7, 701, 'NUM_CUENTA', 'VARCHAR', 20, null, 0, 0, null, 0, null, null, null, null);
INSERT INTO BFP_CARTA_FIANZA.ATRIBUTO_SQL(COD_TABLA, COD_ATRIBUTO, CAMPO, TIPO, LONGITUD, PRECISION, PK, OBLIGATORIO, FK_TABLA, FK_UNO_MUCHO, FN_BUS_NOMBRE, FN_BUS_CATALOGO, VAL_DEFECTO, FK_CAMPO) VALUES (7, 702, 'COD_TIPO', 'VARCHAR', 4, null, 0, 0, null, 0, null, null, null, null);
INSERT INTO BFP_CARTA_FIANZA.ATRIBUTO_SQL(COD_TABLA, COD_ATRIBUTO, CAMPO, TIPO, LONGITUD, PRECISION, PK, OBLIGATORIO, FK_TABLA, FK_UNO_MUCHO, FN_BUS_NOMBRE, FN_BUS_CATALOGO, VAL_DEFECTO, FK_CAMPO) VALUES (7, 703, 'COD_AGENCIA', 'VARCHAR', 4, null, 0, 0, null, 0, null, null, null, null);
INSERT INTO BFP_CARTA_FIANZA.ATRIBUTO_SQL(COD_TABLA, COD_ATRIBUTO, CAMPO, TIPO, LONGITUD, PRECISION, PK, OBLIGATORIO, FK_TABLA, FK_UNO_MUCHO, FN_BUS_NOMBRE, FN_BUS_CATALOGO, VAL_DEFECTO, FK_CAMPO) VALUES (7, 704, 'COD_MONEDA', 'VARCHAR', 4, null, 0, 0, null, 0, null, null, null, null);
INSERT INTO BFP_CARTA_FIANZA.ATRIBUTO_SQL(COD_TABLA, COD_ATRIBUTO, CAMPO, TIPO, LONGITUD, PRECISION, PK, OBLIGATORIO, FK_TABLA, FK_UNO_MUCHO, FN_BUS_NOMBRE, FN_BUS_CATALOGO, VAL_DEFECTO, FK_CAMPO) VALUES (7, 705, 'SAL_CONTABLE', 'DECIMAL', 12, 2, 0, 0, null, 0, null, null, null, null);
INSERT INTO BFP_CARTA_FIANZA.ATRIBUTO_SQL(COD_TABLA, COD_ATRIBUTO, CAMPO, TIPO, LONGITUD, PRECISION, PK, OBLIGATORIO, FK_TABLA, FK_UNO_MUCHO, FN_BUS_NOMBRE, FN_BUS_CATALOGO, VAL_DEFECTO, FK_CAMPO) VALUES (7, 706, 'ESTADO', 'VARCHAR', 4, null, 0, 0, null, 0, null, null, null, null);
INSERT INTO BFP_CARTA_FIANZA.ATRIBUTO_SQL(COD_TABLA, COD_ATRIBUTO, CAMPO, TIPO, LONGITUD, PRECISION, PK, OBLIGATORIO, FK_TABLA, FK_UNO_MUCHO, FN_BUS_NOMBRE, FN_BUS_CATALOGO, VAL_DEFECTO, FK_CAMPO) VALUES (1, 58, 'TIP_CAMBIO_SBS', 'DECIMAL', 12, 6, 0, 0, null, null, null, null, null, null);
INSERT INTO BFP_CARTA_FIANZA.ATRIBUTO_SQL(COD_TABLA, COD_ATRIBUTO, CAMPO, TIPO, LONGITUD, PRECISION, PK, OBLIGATORIO, FK_TABLA, FK_UNO_MUCHO, FN_BUS_NOMBRE, FN_BUS_CATALOGO, VAL_DEFECTO, FK_CAMPO) VALUES (7, 708, 'SAL_RETENIDO', 'DECIMAL', 12, 2, 0, 0, null, null, null, null, null, null);
INSERT INTO BFP_CARTA_FIANZA.ATRIBUTO_SQL(COD_TABLA, COD_ATRIBUTO, CAMPO, TIPO, LONGITUD, PRECISION, PK, OBLIGATORIO, FK_TABLA, FK_UNO_MUCHO, FN_BUS_NOMBRE, FN_BUS_CATALOGO, VAL_DEFECTO, FK_CAMPO) VALUES (7, 709, 'SAL_DISPONIBLE', 'DECIMAL', 12, 2, 0, 0, null, null, null, null, null, null);
INSERT INTO BFP_CARTA_FIANZA.ATRIBUTO_SQL(COD_TABLA, COD_ATRIBUTO, CAMPO, TIPO, LONGITUD, PRECISION, PK, OBLIGATORIO, FK_TABLA, FK_UNO_MUCHO, FN_BUS_NOMBRE, FN_BUS_CATALOGO, VAL_DEFECTO, FK_CAMPO) VALUES (7, 710, 'ESTADO', 'VARCHAR', 4, null, 0, 0, null, null, 'BFP_CARTA_FIANZA.FN_PORTAL_CATALOGO_CON_VALOR_1', 'COD_EST_CUENTA', null, null);
INSERT INTO BFP_CARTA_FIANZA.ATRIBUTO_SQL(COD_TABLA, COD_ATRIBUTO, CAMPO, TIPO, LONGITUD, PRECISION, PK, OBLIGATORIO, FK_TABLA, FK_UNO_MUCHO, FN_BUS_NOMBRE, FN_BUS_CATALOGO, VAL_DEFECTO, FK_CAMPO) VALUES (1, 22, 'TOT_DIAS', 'INTEGER', 9, null, 0, 0, null, 0, null, null, null, null);
INSERT INTO BFP_CARTA_FIANZA.ATRIBUTO_SQL(COD_TABLA, COD_ATRIBUTO, CAMPO, TIPO, LONGITUD, PRECISION, PK, OBLIGATORIO, FK_TABLA, FK_UNO_MUCHO, FN_BUS_NOMBRE, FN_BUS_CATALOGO, VAL_DEFECTO, FK_CAMPO) VALUES (1, 23, 'TIP_LUGAR', 'VARCHAR', 3, null, 0, 0, null, 0, null, null, null, null);
INSERT INTO BFP_CARTA_FIANZA.ATRIBUTO_SQL(COD_TABLA, COD_ATRIBUTO, CAMPO, TIPO, LONGITUD, PRECISION, PK, OBLIGATORIO, FK_TABLA, FK_UNO_MUCHO, FN_BUS_NOMBRE, FN_BUS_CATALOGO, VAL_DEFECTO, FK_CAMPO) VALUES (1, 51, 'FLG_COM_REDUCIDA', 'CHAR', 1, null, 0, 0, null, 0, null, null, null, null);
INSERT INTO BFP_CARTA_FIANZA.ATRIBUTO_SQL(COD_TABLA, COD_ATRIBUTO, CAMPO, TIPO, LONGITUD, PRECISION, PK, OBLIGATORIO, FK_TABLA, FK_UNO_MUCHO, FN_BUS_NOMBRE, FN_BUS_CATALOGO, VAL_DEFECTO, FK_CAMPO) VALUES (1, 52, 'EXC_RMC', 'DECIMAL', 12, 2, 0, 0, null, 0, null, null, null, null);
INSERT INTO BFP_CARTA_FIANZA.ATRIBUTO_SQL(COD_TABLA, COD_ATRIBUTO, CAMPO, TIPO, LONGITUD, PRECISION, PK, OBLIGATORIO, FK_TABLA, FK_UNO_MUCHO, FN_BUS_NOMBRE, FN_BUS_CATALOGO, VAL_DEFECTO, FK_CAMPO) VALUES (1, 53, 'FLG_REV_FIRMAS', 'CHAR', 1, null, 0, 0, null, 0, null, null, null, null);
INSERT INTO BFP_CARTA_FIANZA.ATRIBUTO_SQL(COD_TABLA, COD_ATRIBUTO, CAMPO, TIPO, LONGITUD, PRECISION, PK, OBLIGATORIO, FK_TABLA, FK_UNO_MUCHO, FN_BUS_NOMBRE, FN_BUS_CATALOGO, VAL_DEFECTO, FK_CAMPO) VALUES (14, 1400, 'COD_SOLICITUD', 'BIGINT', null, null, 1, 1, 1, null, null, null, null, 1);
INSERT INTO BFP_CARTA_FIANZA.ATRIBUTO_SQL(COD_TABLA, COD_ATRIBUTO, CAMPO, TIPO, LONGITUD, PRECISION, PK, OBLIGATORIO, FK_TABLA, FK_UNO_MUCHO, FN_BUS_NOMBRE, FN_BUS_CATALOGO, VAL_DEFECTO, FK_CAMPO) VALUES (1, 56, 'FLG_CON_PER_RECOJO', 'CHAR', 1, null, 0, 0, null, 0, null, null, null, null);
INSERT INTO BFP_CARTA_FIANZA.ATRIBUTO_SQL(COD_TABLA, COD_ATRIBUTO, CAMPO, TIPO, LONGITUD, PRECISION, PK, OBLIGATORIO, FK_TABLA, FK_UNO_MUCHO, FN_BUS_NOMBRE, FN_BUS_CATALOGO, VAL_DEFECTO, FK_CAMPO) VALUES (1, 57, 'FLG_FIR_FISICA', 'CHAR', 1, null, 0, 0, null, 0, null, null, null, null);
INSERT INTO BFP_CARTA_FIANZA.ATRIBUTO_SQL(COD_TABLA, COD_ATRIBUTO, CAMPO, TIPO, LONGITUD, PRECISION, PK, OBLIGATORIO, FK_TABLA, FK_UNO_MUCHO, FN_BUS_NOMBRE, FN_BUS_CATALOGO, VAL_DEFECTO, FK_CAMPO) VALUES (6, 601, 'COD_IBS_FUNCIONARIO', 'VARCHAR', 4, null, 1, 1, null, 0, null, null, null, null);
INSERT INTO BFP_CARTA_FIANZA.ATRIBUTO_SQL(COD_TABLA, COD_ATRIBUTO, CAMPO, TIPO, LONGITUD, PRECISION, PK, OBLIGATORIO, FK_TABLA, FK_UNO_MUCHO, FN_BUS_NOMBRE, FN_BUS_CATALOGO, VAL_DEFECTO, FK_CAMPO) VALUES (6, 602, 'USU_RED_FUNCIONARIO', 'VARCHAR', 20, null, 0, 1, null, 0, null, null, null, null);
INSERT INTO BFP_CARTA_FIANZA.ATRIBUTO_SQL(COD_TABLA, COD_ATRIBUTO, CAMPO, TIPO, LONGITUD, PRECISION, PK, OBLIGATORIO, FK_TABLA, FK_UNO_MUCHO, FN_BUS_NOMBRE, FN_BUS_CATALOGO, VAL_DEFECTO, FK_CAMPO) VALUES (6, 603, 'NOM_FUNCIONARIO', 'VARCHAR', 100, null, 0, 1, null, 0, null, null, null, null);
INSERT INTO BFP_CARTA_FIANZA.ATRIBUTO_SQL(COD_TABLA, COD_ATRIBUTO, CAMPO, TIPO, LONGITUD, PRECISION, PK, OBLIGATORIO, FK_TABLA, FK_UNO_MUCHO, FN_BUS_NOMBRE, FN_BUS_CATALOGO, VAL_DEFECTO, FK_CAMPO) VALUES (6, 604, 'USU_GERENTE', 'VARCHAR', 20, null, 0, 1, null, 0, null, null, null, null);
INSERT INTO BFP_CARTA_FIANZA.ATRIBUTO_SQL(COD_TABLA, COD_ATRIBUTO, CAMPO, TIPO, LONGITUD, PRECISION, PK, OBLIGATORIO, FK_TABLA, FK_UNO_MUCHO, FN_BUS_NOMBRE, FN_BUS_CATALOGO, VAL_DEFECTO, FK_CAMPO) VALUES (6, 605, 'NOM_GERENTE', 'VARCHAR', 100, null, 0, 1, null, 0, null, null, null, null);
INSERT INTO BFP_CARTA_FIANZA.ATRIBUTO_SQL(COD_TABLA, COD_ATRIBUTO, CAMPO, TIPO, LONGITUD, PRECISION, PK, OBLIGATORIO, FK_TABLA, FK_UNO_MUCHO, FN_BUS_NOMBRE, FN_BUS_CATALOGO, VAL_DEFECTO, FK_CAMPO) VALUES (6, 606, 'USU_ASISTENTE', 'VARCHAR', 20, null, 0, 0, null, 0, null, null, null, null);
INSERT INTO BFP_CARTA_FIANZA.ATRIBUTO_SQL(COD_TABLA, COD_ATRIBUTO, CAMPO, TIPO, LONGITUD, PRECISION, PK, OBLIGATORIO, FK_TABLA, FK_UNO_MUCHO, FN_BUS_NOMBRE, FN_BUS_CATALOGO, VAL_DEFECTO, FK_CAMPO) VALUES (6, 607, 'NOM_ASISTENTE', 'VARCHAR', 100, null, 0, 0, null, 0, null, null, null, null);
INSERT INTO BFP_CARTA_FIANZA.ATRIBUTO_SQL(COD_TABLA, COD_ATRIBUTO, CAMPO, TIPO, LONGITUD, PRECISION, PK, OBLIGATORIO, FK_TABLA, FK_UNO_MUCHO, FN_BUS_NOMBRE, FN_BUS_CATALOGO, VAL_DEFECTO, FK_CAMPO) VALUES (6, 608, 'ESTADO', 'CHAR', 1, null, 0, 1, null, 0, null, null, null, null);
INSERT INTO BFP_CARTA_FIANZA.ATRIBUTO_SQL(COD_TABLA, COD_ATRIBUTO, CAMPO, TIPO, LONGITUD, PRECISION, PK, OBLIGATORIO, FK_TABLA, FK_UNO_MUCHO, FN_BUS_NOMBRE, FN_BUS_CATALOGO, VAL_DEFECTO, FK_CAMPO) VALUES (6, 609, 'USUARIO_CREACION', 'VARCHAR', 20, null, 0, 1, null, 0, null, null, null, null);
INSERT INTO BFP_CARTA_FIANZA.ATRIBUTO_SQL(COD_TABLA, COD_ATRIBUTO, CAMPO, TIPO, LONGITUD, PRECISION, PK, OBLIGATORIO, FK_TABLA, FK_UNO_MUCHO, FN_BUS_NOMBRE, FN_BUS_CATALOGO, VAL_DEFECTO, FK_CAMPO) VALUES (6, 610, 'FECHA_CREACION', 'TIMESTAMP', null, null, 0, 1, null, 0, null, null, null, null);
INSERT INTO BFP_CARTA_FIANZA.ATRIBUTO_SQL(COD_TABLA, COD_ATRIBUTO, CAMPO, TIPO, LONGITUD, PRECISION, PK, OBLIGATORIO, FK_TABLA, FK_UNO_MUCHO, FN_BUS_NOMBRE, FN_BUS_CATALOGO, VAL_DEFECTO, FK_CAMPO) VALUES (6, 611, 'USUARIO_ACTUALIZACION', 'VARCHAR', 20, null, 0, 0, null, 0, null, null, null, null);
INSERT INTO BFP_CARTA_FIANZA.ATRIBUTO_SQL(COD_TABLA, COD_ATRIBUTO, CAMPO, TIPO, LONGITUD, PRECISION, PK, OBLIGATORIO, FK_TABLA, FK_UNO_MUCHO, FN_BUS_NOMBRE, FN_BUS_CATALOGO, VAL_DEFECTO, FK_CAMPO) VALUES (6, 612, 'FECHA_ACTUALIZACION', 'TIMESTAMP', null, null, 0, 0, null, 0, null, null, null, null);
INSERT INTO BFP_CARTA_FIANZA.ATRIBUTO_SQL(COD_TABLA, COD_ATRIBUTO, CAMPO, TIPO, LONGITUD, PRECISION, PK, OBLIGATORIO, FK_TABLA, FK_UNO_MUCHO, FN_BUS_NOMBRE, FN_BUS_CATALOGO, VAL_DEFECTO, FK_CAMPO) VALUES (5, 514, 'COD_BANCA', 'VARCHAR', 20, null, 0, 0, null, 0, null, null, null, null);
INSERT INTO BFP_CARTA_FIANZA.ATRIBUTO_SQL(COD_TABLA, COD_ATRIBUTO, CAMPO, TIPO, LONGITUD, PRECISION, PK, OBLIGATORIO, FK_TABLA, FK_UNO_MUCHO, FN_BUS_NOMBRE, FN_BUS_CATALOGO, VAL_DEFECTO, FK_CAMPO) VALUES (5, 515, 'COD_BANCA', 'VARCHAR', 20, null, 0, 0, null, 0, 'BFP_CARTA_FIANZA.FN_PORTAL_CATALOGO_CON_VALOR_1', 'COD_BANCA', null, null);
INSERT INTO BFP_CARTA_FIANZA.ATRIBUTO_SQL(COD_TABLA, COD_ATRIBUTO, CAMPO, TIPO, LONGITUD, PRECISION, PK, OBLIGATORIO, FK_TABLA, FK_UNO_MUCHO, FN_BUS_NOMBRE, FN_BUS_CATALOGO, VAL_DEFECTO, FK_CAMPO) VALUES (1, 78, 'COD_AGE_ORIGEN', 'VARCHAR', 5, null, 0, 0, null, 0, null, null, null, null);
INSERT INTO BFP_CARTA_FIANZA.ATRIBUTO_SQL(COD_TABLA, COD_ATRIBUTO, CAMPO, TIPO, LONGITUD, PRECISION, PK, OBLIGATORIO, FK_TABLA, FK_UNO_MUCHO, FN_BUS_NOMBRE, FN_BUS_CATALOGO, VAL_DEFECTO, FK_CAMPO) VALUES (5, 517, 'DES_CLA_SBS', 'VARCHAR', 20, null, 0, 0, null, 0, '', '', null, null);
INSERT INTO BFP_CARTA_FIANZA.ATRIBUTO_SQL(COD_TABLA, COD_ATRIBUTO, CAMPO, TIPO, LONGITUD, PRECISION, PK, OBLIGATORIO, FK_TABLA, FK_UNO_MUCHO, FN_BUS_NOMBRE, FN_BUS_CATALOGO, VAL_DEFECTO, FK_CAMPO) VALUES (1, 79, 'COD_AGE_ORIGEN', 'VARCHAR', 5, null, 0, 0, null, 0, 'BFP_CARTA_FIANZA.FN_PORTAL_CATALOGO_CON_VALOR_1', 'COD_AGENCIA', null, null);
INSERT INTO BFP_CARTA_FIANZA.ATRIBUTO_SQL(COD_TABLA, COD_ATRIBUTO, CAMPO, TIPO, LONGITUD, PRECISION, PK, OBLIGATORIO, FK_TABLA, FK_UNO_MUCHO, FN_BUS_NOMBRE, FN_BUS_CATALOGO, VAL_DEFECTO, FK_CAMPO) VALUES (5, 519, 'DES_CLA_BANCO', 'VARCHAR', 20, null, 0, 0, null, 0, '', '', null, null);
INSERT INTO BFP_CARTA_FIANZA.ATRIBUTO_SQL(COD_TABLA, COD_ATRIBUTO, CAMPO, TIPO, LONGITUD, PRECISION, PK, OBLIGATORIO, FK_TABLA, FK_UNO_MUCHO, FN_BUS_NOMBRE, FN_BUS_CATALOGO, VAL_DEFECTO, FK_CAMPO) VALUES (5, 520, 'COD_DTR', 'VARCHAR', 1, null, 0, 0, null, 0, null, null, null, null);
INSERT INTO BFP_CARTA_FIANZA.ATRIBUTO_SQL(COD_TABLA, COD_ATRIBUTO, CAMPO, TIPO, LONGITUD, PRECISION, PK, OBLIGATORIO, FK_TABLA, FK_UNO_MUCHO, FN_BUS_NOMBRE, FN_BUS_CATALOGO, VAL_DEFECTO, FK_CAMPO) VALUES (5, 521, 'COD_DTR', 'VARCHAR', 1, null, 0, 0, null, 0, 'BFP_CARTA_FIANZA.FN_PORTAL_CATALOGO_CON_VALOR_1', 'COD_DTR', null, null);
INSERT INTO BFP_CARTA_FIANZA.ATRIBUTO_SQL(COD_TABLA, COD_ATRIBUTO, CAMPO, TIPO, LONGITUD, PRECISION, PK, OBLIGATORIO, FK_TABLA, FK_UNO_MUCHO, FN_BUS_NOMBRE, FN_BUS_CATALOGO, VAL_DEFECTO, FK_CAMPO) VALUES (13, 1303, 'NUM_DOC_CLIENTE', 'VARCHAR', 20, null, 1, 1, null, 0, null, null, null, null);
INSERT INTO BFP_CARTA_FIANZA.ATRIBUTO_SQL(COD_TABLA, COD_ATRIBUTO, CAMPO, TIPO, LONGITUD, PRECISION, PK, OBLIGATORIO, FK_TABLA, FK_UNO_MUCHO, FN_BUS_NOMBRE, FN_BUS_CATALOGO, VAL_DEFECTO, FK_CAMPO) VALUES (13, 1304, 'NOM_CLIENTE', 'VARCHAR', 100, null, 0, 1, null, 0, null, null, null, null);
INSERT INTO BFP_CARTA_FIANZA.ATRIBUTO_SQL(COD_TABLA, COD_ATRIBUTO, CAMPO, TIPO, LONGITUD, PRECISION, PK, OBLIGATORIO, FK_TABLA, FK_UNO_MUCHO, FN_BUS_NOMBRE, FN_BUS_CATALOGO, VAL_DEFECTO, FK_CAMPO) VALUES (13, 1305, 'STS_CONTRATO', 'CHAR', 1, null, 0, 1, null, 0, null, null, null, null);
INSERT INTO BFP_CARTA_FIANZA.ATRIBUTO_SQL(COD_TABLA, COD_ATRIBUTO, CAMPO, TIPO, LONGITUD, PRECISION, PK, OBLIGATORIO, FK_TABLA, FK_UNO_MUCHO, FN_BUS_NOMBRE, FN_BUS_CATALOGO, VAL_DEFECTO, FK_CAMPO) VALUES (13, 1306, 'FEC_VENCIMIENTO', 'DATE', null, null, 0, 1, null, 0, null, null, null, null);
INSERT INTO BFP_CARTA_FIANZA.ATRIBUTO_SQL(COD_TABLA, COD_ATRIBUTO, CAMPO, TIPO, LONGITUD, PRECISION, PK, OBLIGATORIO, FK_TABLA, FK_UNO_MUCHO, FN_BUS_NOMBRE, FN_BUS_CATALOGO, VAL_DEFECTO, FK_CAMPO) VALUES (13, 1307, 'DES_CONTRATO', 'VARCHAR', 300, null, 0, 0, null, 0, null, null, null, null);
INSERT INTO BFP_CARTA_FIANZA.ATRIBUTO_SQL(COD_TABLA, COD_ATRIBUTO, CAMPO, TIPO, LONGITUD, PRECISION, PK, OBLIGATORIO, FK_TABLA, FK_UNO_MUCHO, FN_BUS_NOMBRE, FN_BUS_CATALOGO, VAL_DEFECTO, FK_CAMPO) VALUES (11, 1100, 'COD_PLANTILLA', 'INTEGER', null, null, 1, 1, null, null, null, null, null, null);
INSERT INTO BFP_CARTA_FIANZA.ATRIBUTO_SQL(COD_TABLA, COD_ATRIBUTO, CAMPO, TIPO, LONGITUD, PRECISION, PK, OBLIGATORIO, FK_TABLA, FK_UNO_MUCHO, FN_BUS_NOMBRE, FN_BUS_CATALOGO, VAL_DEFECTO, FK_CAMPO) VALUES (13, 1309, 'NOM_ARCHIVO', 'VARCHAR', 50, null, 0, 1, null, 0, null, null, null, null);
INSERT INTO BFP_CARTA_FIANZA.ATRIBUTO_SQL(COD_TABLA, COD_ATRIBUTO, CAMPO, TIPO, LONGITUD, PRECISION, PK, OBLIGATORIO, FK_TABLA, FK_UNO_MUCHO, FN_BUS_NOMBRE, FN_BUS_CATALOGO, VAL_DEFECTO, FK_CAMPO) VALUES (13, 1310, 'USUARIO_CREACION', 'VARCHAR', 16, null, 0, 1, null, 0, null, null, null, null);
INSERT INTO BFP_CARTA_FIANZA.ATRIBUTO_SQL(COD_TABLA, COD_ATRIBUTO, CAMPO, TIPO, LONGITUD, PRECISION, PK, OBLIGATORIO, FK_TABLA, FK_UNO_MUCHO, FN_BUS_NOMBRE, FN_BUS_CATALOGO, VAL_DEFECTO, FK_CAMPO) VALUES (13, 1311, 'FECHA_CREACION', 'TIMESTAMP', null, null, 0, 1, null, 0, null, null, null, null);
INSERT INTO BFP_CARTA_FIANZA.ATRIBUTO_SQL(COD_TABLA, COD_ATRIBUTO, CAMPO, TIPO, LONGITUD, PRECISION, PK, OBLIGATORIO, FK_TABLA, FK_UNO_MUCHO, FN_BUS_NOMBRE, FN_BUS_CATALOGO, VAL_DEFECTO, FK_CAMPO) VALUES (13, 1312, 'USUARIO_ACTUALIZACION', 'VARCHAR', 16, null, 0, 1, null, 0, null, null, null, null);
INSERT INTO BFP_CARTA_FIANZA.ATRIBUTO_SQL(COD_TABLA, COD_ATRIBUTO, CAMPO, TIPO, LONGITUD, PRECISION, PK, OBLIGATORIO, FK_TABLA, FK_UNO_MUCHO, FN_BUS_NOMBRE, FN_BUS_CATALOGO, VAL_DEFECTO, FK_CAMPO) VALUES (13, 1313, 'FECHA_ACTUALIZACION', 'TIMESTAMP', null, null, 0, 1, null, 0, null, null, null, null);
INSERT INTO BFP_CARTA_FIANZA.ATRIBUTO_SQL(COD_TABLA, COD_ATRIBUTO, CAMPO, TIPO, LONGITUD, PRECISION, PK, OBLIGATORIO, FK_TABLA, FK_UNO_MUCHO, FN_BUS_NOMBRE, FN_BUS_CATALOGO, VAL_DEFECTO, FK_CAMPO) VALUES (6, 600, 'COD_TIP_BANCA', 'VARCHAR', 4, null, 1, 1, null, 0, null, null, null, null);
INSERT INTO BFP_CARTA_FIANZA.ATRIBUTO_SQL(COD_TABLA, COD_ATRIBUTO, CAMPO, TIPO, LONGITUD, PRECISION, PK, OBLIGATORIO, FK_TABLA, FK_UNO_MUCHO, FN_BUS_NOMBRE, FN_BUS_CATALOGO, VAL_DEFECTO, FK_CAMPO) VALUES (8, 800, 'COD_SOLICITUD', 'BIGINT', null, null, 1, 1, 1, 0, null, null, null, 1);
INSERT INTO BFP_CARTA_FIANZA.ATRIBUTO_SQL(COD_TABLA, COD_ATRIBUTO, CAMPO, TIPO, LONGITUD, PRECISION, PK, OBLIGATORIO, FK_TABLA, FK_UNO_MUCHO, FN_BUS_NOMBRE, FN_BUS_CATALOGO, VAL_DEFECTO, FK_CAMPO) VALUES (8, 801, 'COD_EVENTO', 'VARCHAR', 4, null, 0, 0, null, 0, null, null, null, null);
INSERT INTO BFP_CARTA_FIANZA.ATRIBUTO_SQL(COD_TABLA, COD_ATRIBUTO, CAMPO, TIPO, LONGITUD, PRECISION, PK, OBLIGATORIO, FK_TABLA, FK_UNO_MUCHO, FN_BUS_NOMBRE, FN_BUS_CATALOGO, VAL_DEFECTO, FK_CAMPO) VALUES (3, 311, 'COD_ESTADO', 'VARCHAR', 1, null, 0, 0, null, 0, 'BFP_CARTA_FIANZA.FN_PORTAL_CATALOGO_CON_VALOR_1', 'COD_EST_LINEA', null, null);
INSERT INTO BFP_CARTA_FIANZA.ATRIBUTO_SQL(COD_TABLA, COD_ATRIBUTO, CAMPO, TIPO, LONGITUD, PRECISION, PK, OBLIGATORIO, FK_TABLA, FK_UNO_MUCHO, FN_BUS_NOMBRE, FN_BUS_CATALOGO, VAL_DEFECTO, FK_CAMPO) VALUES (1, 97, 'FECHA_CREACION', 'TIMESTAMP', null, null, 0, 0, null, 0, null, null, null, null);
INSERT INTO BFP_CARTA_FIANZA.ATRIBUTO_SQL(COD_TABLA, COD_ATRIBUTO, CAMPO, TIPO, LONGITUD, PRECISION, PK, OBLIGATORIO, FK_TABLA, FK_UNO_MUCHO, FN_BUS_NOMBRE, FN_BUS_CATALOGO, VAL_DEFECTO, FK_CAMPO) VALUES (1, 98, 'USUARIO_ACTUALIZACION', 'VARCHAR', 16, null, 0, 0, null, 0, null, null, null, null);
INSERT INTO BFP_CARTA_FIANZA.ATRIBUTO_SQL(COD_TABLA, COD_ATRIBUTO, CAMPO, TIPO, LONGITUD, PRECISION, PK, OBLIGATORIO, FK_TABLA, FK_UNO_MUCHO, FN_BUS_NOMBRE, FN_BUS_CATALOGO, VAL_DEFECTO, FK_CAMPO) VALUES (1, 99, 'FECHA_ACTUALIZACION', 'TIMESTAMP', null, null, 0, 0, null, 0, null, null, null, null);
INSERT INTO BFP_CARTA_FIANZA.ATRIBUTO_SQL(COD_TABLA, COD_ATRIBUTO, CAMPO, TIPO, LONGITUD, PRECISION, PK, OBLIGATORIO, FK_TABLA, FK_UNO_MUCHO, FN_BUS_NOMBRE, FN_BUS_CATALOGO, VAL_DEFECTO, FK_CAMPO) VALUES (1, 95, 'ALE_PROCESO', 'VARCHAR', 50, null, 0, 0, null, 0, null, null, null, null);
INSERT INTO BFP_CARTA_FIANZA.ATRIBUTO_SQL(COD_TABLA, COD_ATRIBUTO, CAMPO, TIPO, LONGITUD, PRECISION, PK, OBLIGATORIO, FK_TABLA, FK_UNO_MUCHO, FN_BUS_NOMBRE, FN_BUS_CATALOGO, VAL_DEFECTO, FK_CAMPO) VALUES (5, 522, 'EMBARGO', 'VARCHAR', 20, null, 0, 0, null, 0, null, null, null, null);
INSERT INTO BFP_CARTA_FIANZA.ATRIBUTO_SQL(COD_TABLA, COD_ATRIBUTO, CAMPO, TIPO, LONGITUD, PRECISION, PK, OBLIGATORIO, FK_TABLA, FK_UNO_MUCHO, FN_BUS_NOMBRE, FN_BUS_CATALOGO, VAL_DEFECTO, FK_CAMPO) VALUES (5, 523, 'TIPIFICACION', 'VARCHAR', 30, null, 0, 0, null, 0, null, null, null, null);
INSERT INTO BFP_CARTA_FIANZA.ATRIBUTO_SQL(COD_TABLA, COD_ATRIBUTO, CAMPO, TIPO, LONGITUD, PRECISION, PK, OBLIGATORIO, FK_TABLA, FK_UNO_MUCHO, FN_BUS_NOMBRE, FN_BUS_CATALOGO, VAL_DEFECTO, FK_CAMPO) VALUES (3, 312, 'COD_ESTADO', 'VARCHAR', 1, null, 0, 0, null, 0, 'BFP_CARTA_FIANZA.FN_PORTAL_CATALOGO_CON_VALOR_1', 'COD_EST_LINEA', null, null);
INSERT INTO BFP_CARTA_FIANZA.ATRIBUTO_SQL(COD_TABLA, COD_ATRIBUTO, CAMPO, TIPO, LONGITUD, PRECISION, PK, OBLIGATORIO, FK_TABLA, FK_UNO_MUCHO, FN_BUS_NOMBRE, FN_BUS_CATALOGO, VAL_DEFECTO, FK_CAMPO) VALUES (3, 313, 'COD_CATEGORIA', 'VARCHAR', 1, null, 0, 0, null, 0, 'BFP_CARTA_FIANZA.FN_PORTAL_CATALOGO_CON_VALOR_1', 'COD_CAT_LINEA', null, null);
INSERT INTO BFP_CARTA_FIANZA.ATRIBUTO_SQL(COD_TABLA, COD_ATRIBUTO, CAMPO, TIPO, LONGITUD, PRECISION, PK, OBLIGATORIO, FK_TABLA, FK_UNO_MUCHO, FN_BUS_NOMBRE, FN_BUS_CATALOGO, VAL_DEFECTO, FK_CAMPO) VALUES (1, 81, 'COD_PRO_IBS', 'VARCHAR', 4, null, 0, 0, null, null, null, null, null, null);
INSERT INTO BFP_CARTA_FIANZA.ATRIBUTO_SQL(COD_TABLA, COD_ATRIBUTO, CAMPO, TIPO, LONGITUD, PRECISION, PK, OBLIGATORIO, FK_TABLA, FK_UNO_MUCHO, FN_BUS_NOMBRE, FN_BUS_CATALOGO, VAL_DEFECTO, FK_CAMPO) VALUES (1, 82, 'COD_SUB_PRO_IBS', 'VARCHAR', 4, null, 0, 0, null, null, null, null, null, null);
INSERT INTO BFP_CARTA_FIANZA.ATRIBUTO_SQL(COD_TABLA, COD_ATRIBUTO, CAMPO, TIPO, LONGITUD, PRECISION, PK, OBLIGATORIO, FK_TABLA, FK_UNO_MUCHO, FN_BUS_NOMBRE, FN_BUS_CATALOGO, VAL_DEFECTO, FK_CAMPO) VALUES (1, 83, 'COD_TARIFARIO', 'VARCHAR', 6, null, 0, 0, null, null, null, null, null, null);
INSERT INTO BFP_CARTA_FIANZA.ATRIBUTO_SQL(COD_TABLA, COD_ATRIBUTO, CAMPO, TIPO, LONGITUD, PRECISION, PK, OBLIGATORIO, FK_TABLA, FK_UNO_MUCHO, FN_BUS_NOMBRE, FN_BUS_CATALOGO, VAL_DEFECTO, FK_CAMPO) VALUES (1, 84, 'TIP_CAMBIO_BE', 'DECIMAL', 12, 6, 0, 0, null, null, null, null, null, null);
INSERT INTO BFP_CARTA_FIANZA.ATRIBUTO_SQL(COD_TABLA, COD_ATRIBUTO, CAMPO, TIPO, LONGITUD, PRECISION, PK, OBLIGATORIO, FK_TABLA, FK_UNO_MUCHO, FN_BUS_NOMBRE, FN_BUS_CATALOGO, VAL_DEFECTO, FK_CAMPO) VALUES (8, 804, 'IMP_TIPO_COMISION', 'DECIMAL', 12, 2, 0, 0, null, 0, null, null, null, null);
INSERT INTO BFP_CARTA_FIANZA.ATRIBUTO_SQL(COD_TABLA, COD_ATRIBUTO, CAMPO, TIPO, LONGITUD, PRECISION, PK, OBLIGATORIO, FK_TABLA, FK_UNO_MUCHO, FN_BUS_NOMBRE, FN_BUS_CATALOGO, VAL_DEFECTO, FK_CAMPO) VALUES (8, 805, 'MIN_TIPO_COMISION', 'DECIMAL', 12, 2, 0, 0, null, 0, null, null, null, null);
INSERT INTO BFP_CARTA_FIANZA.ATRIBUTO_SQL(COD_TABLA, COD_ATRIBUTO, CAMPO, TIPO, LONGITUD, PRECISION, PK, OBLIGATORIO, FK_TABLA, FK_UNO_MUCHO, FN_BUS_NOMBRE, FN_BUS_CATALOGO, VAL_DEFECTO, FK_CAMPO) VALUES (8, 806, 'MAX_TIPO_COMISION', 'DECIMAL', 12, 2, 0, 0, null, 0, null, null, null, null);
INSERT INTO BFP_CARTA_FIANZA.ATRIBUTO_SQL(COD_TABLA, COD_ATRIBUTO, CAMPO, TIPO, LONGITUD, PRECISION, PK, OBLIGATORIO, FK_TABLA, FK_UNO_MUCHO, FN_BUS_NOMBRE, FN_BUS_CATALOGO, VAL_DEFECTO, FK_CAMPO) VALUES (8, 815, 'TIP_COMISION', 'VARCHAR', 1, null, 1, 0, null, null, null, null, null, null);
INSERT INTO BFP_CARTA_FIANZA.ATRIBUTO_SQL(COD_TABLA, COD_ATRIBUTO, CAMPO, TIPO, LONGITUD, PRECISION, PK, OBLIGATORIO, FK_TABLA, FK_UNO_MUCHO, FN_BUS_NOMBRE, FN_BUS_CATALOGO, VAL_DEFECTO, FK_CAMPO) VALUES (8, 816, 'TIP_COMISION', 'VARCHAR', 1, null, 0, 0, null, 0, 'BFP_CARTA_FIANZA.FN_PORTAL_CATALOGO_CON_VALOR_1', 'TIP_COMISION', null, null);
INSERT INTO BFP_CARTA_FIANZA.ATRIBUTO_SQL(COD_TABLA, COD_ATRIBUTO, CAMPO, TIPO, LONGITUD, PRECISION, PK, OBLIGATORIO, FK_TABLA, FK_UNO_MUCHO, FN_BUS_NOMBRE, FN_BUS_CATALOGO, VAL_DEFECTO, FK_CAMPO) VALUES (8, 802, 'COD_MONEDA', 'VARCHAR', 3, null, 0, 0, null, 0, null, null, null, null);
INSERT INTO BFP_CARTA_FIANZA.ATRIBUTO_SQL(COD_TABLA, COD_ATRIBUTO, CAMPO, TIPO, LONGITUD, PRECISION, PK, OBLIGATORIO, FK_TABLA, FK_UNO_MUCHO, FN_BUS_NOMBRE, FN_BUS_CATALOGO, VAL_DEFECTO, FK_CAMPO) VALUES (1, 85, 'COM_PIZARRA', 'DECIMAL', 9, 6, 0, 0, null, 0, null, null, null, null);
INSERT INTO BFP_CARTA_FIANZA.ATRIBUTO_SQL(COD_TABLA, COD_ATRIBUTO, CAMPO, TIPO, LONGITUD, PRECISION, PK, OBLIGATORIO, FK_TABLA, FK_UNO_MUCHO, FN_BUS_NOMBRE, FN_BUS_CATALOGO, VAL_DEFECTO, FK_CAMPO) VALUES (10, 1000, 'COD_SOLICITUD', 'BIGINT', null, null, 1, 1, null, null, null, null, null, null);
INSERT INTO BFP_CARTA_FIANZA.ATRIBUTO_SQL(COD_TABLA, COD_ATRIBUTO, CAMPO, TIPO, LONGITUD, PRECISION, PK, OBLIGATORIO, FK_TABLA, FK_UNO_MUCHO, FN_BUS_NOMBRE, FN_BUS_CATALOGO, VAL_DEFECTO, FK_CAMPO) VALUES (10, 1001, 'COD_LIS_VERIFICACION', 'INTEGER', null, null, 1, 1, null, null, null, null, null, null);
INSERT INTO BFP_CARTA_FIANZA.ATRIBUTO_SQL(COD_TABLA, COD_ATRIBUTO, CAMPO, TIPO, LONGITUD, PRECISION, PK, OBLIGATORIO, FK_TABLA, FK_UNO_MUCHO, FN_BUS_NOMBRE, FN_BUS_CATALOGO, VAL_DEFECTO, FK_CAMPO) VALUES (10, 1002, 'NOMBRE', 'VARCHAR', 160, null, 0, 0, null, null, null, null, null, null);
INSERT INTO BFP_CARTA_FIANZA.ATRIBUTO_SQL(COD_TABLA, COD_ATRIBUTO, CAMPO, TIPO, LONGITUD, PRECISION, PK, OBLIGATORIO, FK_TABLA, FK_UNO_MUCHO, FN_BUS_NOMBRE, FN_BUS_CATALOGO, VAL_DEFECTO, FK_CAMPO) VALUES (10, 1003, 'VERIFICADO', 'CHAR', 1, null, 0, 0, null, null, null, null, null, null);
INSERT INTO BFP_CARTA_FIANZA.ATRIBUTO_SQL(COD_TABLA, COD_ATRIBUTO, CAMPO, TIPO, LONGITUD, PRECISION, PK, OBLIGATORIO, FK_TABLA, FK_UNO_MUCHO, FN_BUS_NOMBRE, FN_BUS_CATALOGO, VAL_DEFECTO, FK_CAMPO) VALUES (10, 1004, 'USUARIO_CREACION', 'VARCHAR', 20, null, 0, 0, null, null, null, null, null, null);
INSERT INTO BFP_CARTA_FIANZA.ATRIBUTO_SQL(COD_TABLA, COD_ATRIBUTO, CAMPO, TIPO, LONGITUD, PRECISION, PK, OBLIGATORIO, FK_TABLA, FK_UNO_MUCHO, FN_BUS_NOMBRE, FN_BUS_CATALOGO, VAL_DEFECTO, FK_CAMPO) VALUES (10, 1005, 'FECHA_CREACION', 'TIMESTAMP', null, null, 0, 0, null, null, null, null, null, null);
INSERT INTO BFP_CARTA_FIANZA.ATRIBUTO_SQL(COD_TABLA, COD_ATRIBUTO, CAMPO, TIPO, LONGITUD, PRECISION, PK, OBLIGATORIO, FK_TABLA, FK_UNO_MUCHO, FN_BUS_NOMBRE, FN_BUS_CATALOGO, VAL_DEFECTO, FK_CAMPO) VALUES (11, 1101, 'COD_TIP_BANCA', 'VARCHAR', 4, null, 1, 1, null, null, null, null, null, null);
INSERT INTO BFP_CARTA_FIANZA.ATRIBUTO_SQL(COD_TABLA, COD_ATRIBUTO, CAMPO, TIPO, LONGITUD, PRECISION, PK, OBLIGATORIO, FK_TABLA, FK_UNO_MUCHO, FN_BUS_NOMBRE, FN_BUS_CATALOGO, VAL_DEFECTO, FK_CAMPO) VALUES (11, 1102, 'NOMBRE', 'VARCHAR', 160, null, 0, 0, null, null, null, null, null, null);
INSERT INTO BFP_CARTA_FIANZA.ATRIBUTO_SQL(COD_TABLA, COD_ATRIBUTO, CAMPO, TIPO, LONGITUD, PRECISION, PK, OBLIGATORIO, FK_TABLA, FK_UNO_MUCHO, FN_BUS_NOMBRE, FN_BUS_CATALOGO, VAL_DEFECTO, FK_CAMPO) VALUES (11, 1103, 'DESCRIPCION', 'VARCHAR', 250, null, 0, 0, null, null, null, null, null, null);
INSERT INTO BFP_CARTA_FIANZA.ATRIBUTO_SQL(COD_TABLA, COD_ATRIBUTO, CAMPO, TIPO, LONGITUD, PRECISION, PK, OBLIGATORIO, FK_TABLA, FK_UNO_MUCHO, FN_BUS_NOMBRE, FN_BUS_CATALOGO, VAL_DEFECTO, FK_CAMPO) VALUES (11, 1104, 'ESTADO', 'CHAR', 1, null, 0, 0, null, null, null, null, null, null);
INSERT INTO BFP_CARTA_FIANZA.ATRIBUTO_SQL(COD_TABLA, COD_ATRIBUTO, CAMPO, TIPO, LONGITUD, PRECISION, PK, OBLIGATORIO, FK_TABLA, FK_UNO_MUCHO, FN_BUS_NOMBRE, FN_BUS_CATALOGO, VAL_DEFECTO, FK_CAMPO) VALUES (11, 1105, 'ARCHIVO', 'VARCHAR', 80, null, 0, 0, null, null, null, null, null, null);
INSERT INTO BFP_CARTA_FIANZA.ATRIBUTO_SQL(COD_TABLA, COD_ATRIBUTO, CAMPO, TIPO, LONGITUD, PRECISION, PK, OBLIGATORIO, FK_TABLA, FK_UNO_MUCHO, FN_BUS_NOMBRE, FN_BUS_CATALOGO, VAL_DEFECTO, FK_CAMPO) VALUES (11, 1106, 'USUARIO_CREACION', 'VARCHAR', 20, null, 0, 0, null, null, null, null, null, null);
INSERT INTO BFP_CARTA_FIANZA.ATRIBUTO_SQL(COD_TABLA, COD_ATRIBUTO, CAMPO, TIPO, LONGITUD, PRECISION, PK, OBLIGATORIO, FK_TABLA, FK_UNO_MUCHO, FN_BUS_NOMBRE, FN_BUS_CATALOGO, VAL_DEFECTO, FK_CAMPO) VALUES (11, 1107, 'FECHA_CREACION', 'TIMESTAMP', null, null, 0, 0, null, null, null, null, null, null);
INSERT INTO BFP_CARTA_FIANZA.ATRIBUTO_SQL(COD_TABLA, COD_ATRIBUTO, CAMPO, TIPO, LONGITUD, PRECISION, PK, OBLIGATORIO, FK_TABLA, FK_UNO_MUCHO, FN_BUS_NOMBRE, FN_BUS_CATALOGO, VAL_DEFECTO, FK_CAMPO) VALUES (11, 1108, 'USUARIO_ACTUALIZACION', 'VARCHAR', 20, null, 0, 0, null, null, null, null, null, null);
INSERT INTO BFP_CARTA_FIANZA.ATRIBUTO_SQL(COD_TABLA, COD_ATRIBUTO, CAMPO, TIPO, LONGITUD, PRECISION, PK, OBLIGATORIO, FK_TABLA, FK_UNO_MUCHO, FN_BUS_NOMBRE, FN_BUS_CATALOGO, VAL_DEFECTO, FK_CAMPO) VALUES (11, 1109, 'FECHA_ACTUALIZACION', 'TIMESTAMP', null, null, 0, 0, null, null, null, null, null, null);
INSERT INTO BFP_CARTA_FIANZA.ATRIBUTO_SQL(COD_TABLA, COD_ATRIBUTO, CAMPO, TIPO, LONGITUD, PRECISION, PK, OBLIGATORIO, FK_TABLA, FK_UNO_MUCHO, FN_BUS_NOMBRE, FN_BUS_CATALOGO, VAL_DEFECTO, FK_CAMPO) VALUES (1, 86, 'NUM_CAR_FIANZA', 'BIGINT', null, null, 0, 0, null, null, null, null, null, null);
INSERT INTO BFP_CARTA_FIANZA.ATRIBUTO_SQL(COD_TABLA, COD_ATRIBUTO, CAMPO, TIPO, LONGITUD, PRECISION, PK, OBLIGATORIO, FK_TABLA, FK_UNO_MUCHO, FN_BUS_NOMBRE, FN_BUS_CATALOGO, VAL_DEFECTO, FK_CAMPO) VALUES (1, 87, 'CUE_CONTABLE', 'VARCHAR', 16, null, 0, 0, null, null, null, null, null, null);
INSERT INTO BFP_CARTA_FIANZA.ATRIBUTO_SQL(COD_TABLA, COD_ATRIBUTO, CAMPO, TIPO, LONGITUD, PRECISION, PK, OBLIGATORIO, FK_TABLA, FK_UNO_MUCHO, FN_BUS_NOMBRE, FN_BUS_CATALOGO, VAL_DEFECTO, FK_CAMPO) VALUES (1, 89, 'COD_PLANTILLA', 'INTEGER', null, null, 0, 0, null, null, null, null, null, null);
INSERT INTO BFP_CARTA_FIANZA.ATRIBUTO_SQL(COD_TABLA, COD_ATRIBUTO, CAMPO, TIPO, LONGITUD, PRECISION, PK, OBLIGATORIO, FK_TABLA, FK_UNO_MUCHO, FN_BUS_NOMBRE, FN_BUS_CATALOGO, VAL_DEFECTO, FK_CAMPO) VALUES (14, 1401, 'NOM_BENEFICIARIO', 'VARCHAR', 50, null, 0, 0, null, null, null, null, null, null);
INSERT INTO BFP_CARTA_FIANZA.ATRIBUTO_SQL(COD_TABLA, COD_ATRIBUTO, CAMPO, TIPO, LONGITUD, PRECISION, PK, OBLIGATORIO, FK_TABLA, FK_UNO_MUCHO, FN_BUS_NOMBRE, FN_BUS_CATALOGO, VAL_DEFECTO, FK_CAMPO) VALUES (14, 1402, 'DIR_BENEFICIARIO', 'VARCHAR', 50, null, 0, 0, null, null, null, null, null, null);
INSERT INTO BFP_CARTA_FIANZA.ATRIBUTO_SQL(COD_TABLA, COD_ATRIBUTO, CAMPO, TIPO, LONGITUD, PRECISION, PK, OBLIGATORIO, FK_TABLA, FK_UNO_MUCHO, FN_BUS_NOMBRE, FN_BUS_CATALOGO, VAL_DEFECTO, FK_CAMPO) VALUES (14, 1403, 'COD_POS_BENEFICIARIO', 'VARCHAR', 10, null, 0, 0, null, null, null, null, null, null);
INSERT INTO BFP_CARTA_FIANZA.ATRIBUTO_SQL(COD_TABLA, COD_ATRIBUTO, CAMPO, TIPO, LONGITUD, PRECISION, PK, OBLIGATORIO, FK_TABLA, FK_UNO_MUCHO, FN_BUS_NOMBRE, FN_BUS_CATALOGO, VAL_DEFECTO, FK_CAMPO) VALUES (14, 1404, 'COD_POS_BENEFICIARIO', 'VARCHAR', 10, null, 0, 0, null, null, 'BFP_CARTA_FIANZA.FN_PORTAL_CATALOGO_CON_VALOR_1', 'COD_POS_BENEFICIARIO', null, null);
INSERT INTO BFP_CARTA_FIANZA.ATRIBUTO_SQL(COD_TABLA, COD_ATRIBUTO, CAMPO, TIPO, LONGITUD, PRECISION, PK, OBLIGATORIO, FK_TABLA, FK_UNO_MUCHO, FN_BUS_NOMBRE, FN_BUS_CATALOGO, VAL_DEFECTO, FK_CAMPO) VALUES (14, 1405, 'COD_TIP_FIANZA', 'VARCHAR', 2, null, 0, 0, null, null, null, null, null, null);
INSERT INTO BFP_CARTA_FIANZA.ATRIBUTO_SQL(COD_TABLA, COD_ATRIBUTO, CAMPO, TIPO, LONGITUD, PRECISION, PK, OBLIGATORIO, FK_TABLA, FK_UNO_MUCHO, FN_BUS_NOMBRE, FN_BUS_CATALOGO, VAL_DEFECTO, FK_CAMPO) VALUES (14, 1406, 'COD_TIP_FIANZA', 'VARCHAR', 2, null, 0, 0, null, null, 'BFP_CARTA_FIANZA.FN_PORTAL_CATALOGO_CON_VALOR_1', 'COD_TIP_FIANZA', null, null);
INSERT INTO BFP_CARTA_FIANZA.ATRIBUTO_SQL(COD_TABLA, COD_ATRIBUTO, CAMPO, TIPO, LONGITUD, PRECISION, PK, OBLIGATORIO, FK_TABLA, FK_UNO_MUCHO, FN_BUS_NOMBRE, FN_BUS_CATALOGO, VAL_DEFECTO, FK_CAMPO) VALUES (14, 1407, 'COD_TIP_RIESGO', 'VARCHAR', 1, null, 0, 0, null, null, null, null, null, null);
INSERT INTO BFP_CARTA_FIANZA.ATRIBUTO_SQL(COD_TABLA, COD_ATRIBUTO, CAMPO, TIPO, LONGITUD, PRECISION, PK, OBLIGATORIO, FK_TABLA, FK_UNO_MUCHO, FN_BUS_NOMBRE, FN_BUS_CATALOGO, VAL_DEFECTO, FK_CAMPO) VALUES (14, 1408, 'COD_TIP_RIESGO', 'VARCHAR', 1, null, 0, 0, null, null, 'BFP_CARTA_FIANZA.FN_PORTAL_CATALOGO_CON_VALOR_1', 'TIPO_RIESGO', null, null);
INSERT INTO BFP_CARTA_FIANZA.ATRIBUTO_SQL(COD_TABLA, COD_ATRIBUTO, CAMPO, TIPO, LONGITUD, PRECISION, PK, OBLIGATORIO, FK_TABLA, FK_UNO_MUCHO, FN_BUS_NOMBRE, FN_BUS_CATALOGO, VAL_DEFECTO, FK_CAMPO) VALUES (14, 1409, 'DEU_GARANTIZADO', 'VARCHAR', 50, null, 0, 0, null, null, null, null, null, null);
INSERT INTO BFP_CARTA_FIANZA.ATRIBUTO_SQL(COD_TABLA, COD_ATRIBUTO, CAMPO, TIPO, LONGITUD, PRECISION, PK, OBLIGATORIO, FK_TABLA, FK_UNO_MUCHO, FN_BUS_NOMBRE, FN_BUS_CATALOGO, VAL_DEFECTO, FK_CAMPO) VALUES (14, 1411, 'COD_MONEDA', 'VARCHAR', 3, null, 0, 0, null, null, null, null, null, null);
INSERT INTO BFP_CARTA_FIANZA.ATRIBUTO_SQL(COD_TABLA, COD_ATRIBUTO, CAMPO, TIPO, LONGITUD, PRECISION, PK, OBLIGATORIO, FK_TABLA, FK_UNO_MUCHO, FN_BUS_NOMBRE, FN_BUS_CATALOGO, VAL_DEFECTO, FK_CAMPO) VALUES (14, 1412, 'COD_MONEDA', 'VARCHAR', 3, null, 0, 0, null, null, 'BFP_CARTA_FIANZA.FN_PORTAL_CATALOGO_CON_VALOR_1', 'COD_TIPO_MONEDA', null, null);
INSERT INTO BFP_CARTA_FIANZA.ATRIBUTO_SQL(COD_TABLA, COD_ATRIBUTO, CAMPO, TIPO, LONGITUD, PRECISION, PK, OBLIGATORIO, FK_TABLA, FK_UNO_MUCHO, FN_BUS_NOMBRE, FN_BUS_CATALOGO, VAL_DEFECTO, FK_CAMPO) VALUES (14, 1413, 'FEC_VIGENCIA', 'DATE', null, null, 0, 0, null, null, null, null, null, null);
INSERT INTO BFP_CARTA_FIANZA.ATRIBUTO_SQL(COD_TABLA, COD_ATRIBUTO, CAMPO, TIPO, LONGITUD, PRECISION, PK, OBLIGATORIO, FK_TABLA, FK_UNO_MUCHO, FN_BUS_NOMBRE, FN_BUS_CATALOGO, VAL_DEFECTO, FK_CAMPO) VALUES (14, 1414, 'FEC_EXPIRACION', 'DATE', null, null, 0, 0, null, null, null, null, null, null);
INSERT INTO BFP_CARTA_FIANZA.ATRIBUTO_SQL(COD_TABLA, COD_ATRIBUTO, CAMPO, TIPO, LONGITUD, PRECISION, PK, OBLIGATORIO, FK_TABLA, FK_UNO_MUCHO, FN_BUS_NOMBRE, FN_BUS_CATALOGO, VAL_DEFECTO, FK_CAMPO) VALUES (14, 1415, 'TIP_CAMBIO_BE', 'DECIMAL', 12, 6, 0, 0, null, null, null, null, null, null);
INSERT INTO BFP_CARTA_FIANZA.ATRIBUTO_SQL(COD_TABLA, COD_ATRIBUTO, CAMPO, TIPO, LONGITUD, PRECISION, PK, OBLIGATORIO, FK_TABLA, FK_UNO_MUCHO, FN_BUS_NOMBRE, FN_BUS_CATALOGO, VAL_DEFECTO, FK_CAMPO) VALUES (14, 1416, 'COD_TIP_COBRANZA', 'VARCHAR', 1, null, 0, 0, null, null, null, null, null, null);
INSERT INTO BFP_CARTA_FIANZA.ATRIBUTO_SQL(COD_TABLA, COD_ATRIBUTO, CAMPO, TIPO, LONGITUD, PRECISION, PK, OBLIGATORIO, FK_TABLA, FK_UNO_MUCHO, FN_BUS_NOMBRE, FN_BUS_CATALOGO, VAL_DEFECTO, FK_CAMPO) VALUES (14, 1417, 'COD_TIP_COBRANZA', 'VARCHAR', 1, null, 0, 0, null, null, 'BFP_CARTA_FIANZA.FN_PORTAL_CATALOGO_CON_VALOR_1', 'TIPO_COBRANZA', null, null);
INSERT INTO BFP_CARTA_FIANZA.ATRIBUTO_SQL(COD_TABLA, COD_ATRIBUTO, CAMPO, TIPO, LONGITUD, PRECISION, PK, OBLIGATORIO, FK_TABLA, FK_UNO_MUCHO, FN_BUS_NOMBRE, FN_BUS_CATALOGO, VAL_DEFECTO, FK_CAMPO) VALUES (14, 1418, 'COD_MOD_COBRO', 'VARCHAR', 1, null, 0, 0, null, null, null, null, null, null);
INSERT INTO BFP_CARTA_FIANZA.ATRIBUTO_SQL(COD_TABLA, COD_ATRIBUTO, CAMPO, TIPO, LONGITUD, PRECISION, PK, OBLIGATORIO, FK_TABLA, FK_UNO_MUCHO, FN_BUS_NOMBRE, FN_BUS_CATALOGO, VAL_DEFECTO, FK_CAMPO) VALUES (14, 1419, 'COD_MOD_COBRO', 'VARCHAR', 1, null, 0, 0, null, null, 'BFP_CARTA_FIANZA.FN_PORTAL_CATALOGO_CON_VALOR_1', 'MODALIDAD_COBRO', null, null);
INSERT INTO BFP_CARTA_FIANZA.ATRIBUTO_SQL(COD_TABLA, COD_ATRIBUTO, CAMPO, TIPO, LONGITUD, PRECISION, PK, OBLIGATORIO, FK_TABLA, FK_UNO_MUCHO, FN_BUS_NOMBRE, FN_BUS_CATALOGO, VAL_DEFECTO, FK_CAMPO) VALUES (14, 1420, 'FLG_REQUERIDO', 'VARCHAR', 1, null, 0, 0, null, null, null, null, null, null);
INSERT INTO BFP_CARTA_FIANZA.ATRIBUTO_SQL(COD_TABLA, COD_ATRIBUTO, CAMPO, TIPO, LONGITUD, PRECISION, PK, OBLIGATORIO, FK_TABLA, FK_UNO_MUCHO, FN_BUS_NOMBRE, FN_BUS_CATALOGO, VAL_DEFECTO, FK_CAMPO) VALUES (14, 1421, 'FEC_INI_REQUERIMIENTO', 'DATE', null, null, 0, 0, null, null, null, null, null, null);
INSERT INTO BFP_CARTA_FIANZA.ATRIBUTO_SQL(COD_TABLA, COD_ATRIBUTO, CAMPO, TIPO, LONGITUD, PRECISION, PK, OBLIGATORIO, FK_TABLA, FK_UNO_MUCHO, FN_BUS_NOMBRE, FN_BUS_CATALOGO, VAL_DEFECTO, FK_CAMPO) VALUES (14, 1422, 'NUM_CAR_FIANZA', 'BIGINT', null, null, 0, 0, null, null, null, null, null, null);
INSERT INTO BFP_CARTA_FIANZA.ATRIBUTO_SQL(COD_TABLA, COD_ATRIBUTO, CAMPO, TIPO, LONGITUD, PRECISION, PK, OBLIGATORIO, FK_TABLA, FK_UNO_MUCHO, FN_BUS_NOMBRE, FN_BUS_CATALOGO, VAL_DEFECTO, FK_CAMPO) VALUES (1, 92, 'TIP_REQUERIMIENTO', 'VARCHAR', 1, null, 0, 0, null, null, null, null, null, null);
INSERT INTO BFP_CARTA_FIANZA.ATRIBUTO_SQL(COD_TABLA, COD_ATRIBUTO, CAMPO, TIPO, LONGITUD, PRECISION, PK, OBLIGATORIO, FK_TABLA, FK_UNO_MUCHO, FN_BUS_NOMBRE, FN_BUS_CATALOGO, VAL_DEFECTO, FK_CAMPO) VALUES (1, 93, 'TIP_REQUERIMIENTO', 'VARCHAR', 1, null, 0, 0, null, null, 'BFP_CARTA_FIANZA.FN_PORTAL_CATALOGO_CON_VALOR_1', 'TIP_REQUERIMIENTO', null, null);
INSERT INTO BFP_CARTA_FIANZA.ATRIBUTO_SQL(COD_TABLA, COD_ATRIBUTO, CAMPO, TIPO, LONGITUD, PRECISION, PK, OBLIGATORIO, FK_TABLA, FK_UNO_MUCHO, FN_BUS_NOMBRE, FN_BUS_CATALOGO, VAL_DEFECTO, FK_CAMPO) VALUES (14, 1423, 'NUM_VALORADO', 'BIGINT', null, null, 0, 0, null, null, null, null, null, null);
INSERT INTO BFP_CARTA_FIANZA.CATALOGO(COD_CATALOGO, COD_ATRIBUTO, VALOR_1, VALOR_2, DESCRIPCION, LIM_COD_ATRIBUTO, LIM_VALOR_1, LIM_VALOR_2, CABECERA, COD_PROYECTO) VALUES ('COD_ESTADO', 'COD_ESTADO', 'COD_ESTADO', null, 'ESTADOS DEL PROCESO', 3, 20, 20, 1, 1);
INSERT INTO BFP_CARTA_FIANZA.CATALOGO(COD_CATALOGO, COD_ATRIBUTO, VALOR_1, VALOR_2, DESCRIPCION, LIM_COD_ATRIBUTO, LIM_VALOR_1, LIM_VALOR_2, CABECERA, COD_PROYECTO) VALUES ('COD_ESTADO', 'ING', 'INGRESADO', 'INGRESADO', 'ESTADO EN PROCESO', null, null, null, 0, 1);
INSERT INTO BFP_CARTA_FIANZA.CATALOGO(COD_CATALOGO, COD_ATRIBUTO, VALOR_1, VALOR_2, DESCRIPCION, LIM_COD_ATRIBUTO, LIM_VALOR_1, LIM_VALOR_2, CABECERA, COD_PROYECTO) VALUES ('COD_AGENCIA', 'COD_AGENCIA', 'COD_AGENCIA', null, 'CATALOGO DE AGENCIAS', 4, 100, 100, 1, 1);
INSERT INTO BFP_CARTA_FIANZA.CATALOGO(COD_CATALOGO, COD_ATRIBUTO, VALOR_1, VALOR_2, DESCRIPCION, LIM_COD_ATRIBUTO, LIM_VALOR_1, LIM_VALOR_2, CABECERA, COD_PROYECTO) VALUES ('COD_AGENCIA', '000', 'AGENCIA RICARDO PALMA', 'AGENCIA RICARDO PALMA', '', null, null, null, 0, 1);
INSERT INTO BFP_CARTA_FIANZA.CATALOGO(COD_CATALOGO, COD_ATRIBUTO, VALOR_1, VALOR_2, DESCRIPCION, LIM_COD_ATRIBUTO, LIM_VALOR_1, LIM_VALOR_2, CABECERA, COD_PROYECTO) VALUES ('COD_BANCA', 'COD_BANCA', 'COD_BANCA', null, 'CATALOGO DE BANCA DEL CLIENTE', 4, 20, 20, 1, 1);
INSERT INTO BFP_CARTA_FIANZA.CATALOGO(COD_CATALOGO, COD_ATRIBUTO, VALOR_1, VALOR_2, DESCRIPCION, LIM_COD_ATRIBUTO, LIM_VALOR_1, LIM_VALOR_2, CABECERA, COD_PROYECTO) VALUES ('COD_BANCA', 'BEMP', 'BANCA EMPRESARIAL', 'BANCA EMPRESARIAL', 'BANCA EMPRESARIAL', null, null, null, 0, 1);
INSERT INTO BFP_CARTA_FIANZA.CATALOGO(COD_CATALOGO, COD_ATRIBUTO, VALOR_1, VALOR_2, DESCRIPCION, LIM_COD_ATRIBUTO, LIM_VALOR_1, LIM_VALOR_2, CABECERA, COD_PROYECTO) VALUES ('COD_POS_BENEFICIARIO', 'COD_POS_BENEFICIARIO', 'COD_POS_BENEFICIARIO', null, null, 6, 100, 100, 1, 1);
INSERT INTO BFP_CARTA_FIANZA.CATALOGO(COD_CATALOGO, COD_ATRIBUTO, VALOR_1, VALOR_2, DESCRIPCION, LIM_COD_ATRIBUTO, LIM_VALOR_1, LIM_VALOR_2, CABECERA, COD_PROYECTO) VALUES ('COD_POS_BENEFICIARIO', 'LIMA 18', 'MIRAFLORES - LIMA 18', 'MIRAFLORES - LIMA 18', null, null, null, null, 0, 1);
INSERT INTO BFP_CARTA_FIANZA.CATALOGO(COD_CATALOGO, COD_ATRIBUTO, VALOR_1, VALOR_2, DESCRIPCION, LIM_COD_ATRIBUTO, LIM_VALOR_1, LIM_VALOR_2, CABECERA, COD_PROYECTO) VALUES ('COD_POS_BENEFICIARIO', 'LIMA 27', 'SAN ISIDRO - LIMA 27', 'SAN ISIDRO - LIMA 27', null, null, null, null, 0, 1);
INSERT INTO BFP_CARTA_FIANZA.CATALOGO(COD_CATALOGO, COD_ATRIBUTO, VALOR_1, VALOR_2, DESCRIPCION, LIM_COD_ATRIBUTO, LIM_VALOR_1, LIM_VALOR_2, CABECERA, COD_PROYECTO) VALUES ('COD_TIP_FIANZA', 'COD_TIP_FIANZA', 'COD_TIP_FIANZA', null, null, 4, 20, 20, 1, 1);
INSERT INTO BFP_CARTA_FIANZA.CATALOGO(COD_CATALOGO, COD_ATRIBUTO, VALOR_1, VALOR_2, DESCRIPCION, LIM_COD_ATRIBUTO, LIM_VALOR_1, LIM_VALOR_2, CABECERA, COD_PROYECTO) VALUES ('COD_TIP_FIANZA', 'AD', 'ADELANTO', 'ADELANTO', null, null, null, null, 0, 1);
INSERT INTO BFP_CARTA_FIANZA.CATALOGO(COD_CATALOGO, COD_ATRIBUTO, VALOR_1, VALOR_2, DESCRIPCION, LIM_COD_ATRIBUTO, LIM_VALOR_1, LIM_VALOR_2, CABECERA, COD_PROYECTO) VALUES ('COD_TIP_FIANZA', 'CU', 'CUMPLIMIENTO', 'CUMPLIMIENTO', null, null, null, null, 0, 1);
INSERT INTO BFP_CARTA_FIANZA.CATALOGO(COD_CATALOGO, COD_ATRIBUTO, VALOR_1, VALOR_2, DESCRIPCION, LIM_COD_ATRIBUTO, LIM_VALOR_1, LIM_VALOR_2, CABECERA, COD_PROYECTO) VALUES ('COD_TIP_FIANZA', 'GA', 'GARANTIZADO', 'GARANTIZADO', null, null, null, null, 0, 1);
INSERT INTO BFP_CARTA_FIANZA.CATALOGO(COD_CATALOGO, COD_ATRIBUTO, VALOR_1, VALOR_2, DESCRIPCION, LIM_COD_ATRIBUTO, LIM_VALOR_1, LIM_VALOR_2, CABECERA, COD_PROYECTO) VALUES ('COD_TIP_FIANZA', 'LI', 'LICITACION', 'LICITACION', null, null, null, null, 0, 1);
INSERT INTO BFP_CARTA_FIANZA.CATALOGO(COD_CATALOGO, COD_ATRIBUTO, VALOR_1, VALOR_2, DESCRIPCION, LIM_COD_ATRIBUTO, LIM_VALOR_1, LIM_VALOR_2, CABECERA, COD_PROYECTO) VALUES ('COD_TIP_FIANZA', 'SU', 'SUNAT', 'SUNAT', null, null, null, null, 0, 1);
INSERT INTO BFP_CARTA_FIANZA.CATALOGO(COD_CATALOGO, COD_ATRIBUTO, VALOR_1, VALOR_2, DESCRIPCION, LIM_COD_ATRIBUTO, LIM_VALOR_1, LIM_VALOR_2, CABECERA, COD_PROYECTO) VALUES ('TIPO_MONEDA', 'TIPO_MONEDA', 'TIPO_MONEDA', null, null, 3, 25, 25, 1, 1);
INSERT INTO BFP_CARTA_FIANZA.CATALOGO(COD_CATALOGO, COD_ATRIBUTO, VALOR_1, VALOR_2, DESCRIPCION, LIM_COD_ATRIBUTO, LIM_VALOR_1, LIM_VALOR_2, CABECERA, COD_PROYECTO) VALUES ('TIPO_MONEDA', 'PEN', 'NUEVOS SOLES', 'NUEVOS SOLES', null, null, null, null, 0, 1);
INSERT INTO BFP_CARTA_FIANZA.CATALOGO(COD_CATALOGO, COD_ATRIBUTO, VALOR_1, VALOR_2, DESCRIPCION, LIM_COD_ATRIBUTO, LIM_VALOR_1, LIM_VALOR_2, CABECERA, COD_PROYECTO) VALUES ('TIPO_MONEDA', 'USD', 'DOLARES AMERICANOS', 'DOLARES AMERICANOS', null, null, null, null, 0, 1);
INSERT INTO BFP_CARTA_FIANZA.CATALOGO(COD_CATALOGO, COD_ATRIBUTO, VALOR_1, VALOR_2, DESCRIPCION, LIM_COD_ATRIBUTO, LIM_VALOR_1, LIM_VALOR_2, CABECERA, COD_PROYECTO) VALUES ('TIPO_DOCUMENTO', 'TIPO_DOCUMENTO', 'TIPO_DOCUMENTO', null, null, null, null, null, 1, 1);
INSERT INTO BFP_CARTA_FIANZA.CATALOGO(COD_CATALOGO, COD_ATRIBUTO, VALOR_1, VALOR_2, DESCRIPCION, LIM_COD_ATRIBUTO, LIM_VALOR_1, LIM_VALOR_2, CABECERA, COD_PROYECTO) VALUES ('TIPO_DOCUMENTO', 'CE', 'CARNÉ DE EXTRANJERÍA', 'CARNÉ DE EXTRANJERÍA', null, null, null, null, 0, 1);
INSERT INTO BFP_CARTA_FIANZA.CATALOGO(COD_CATALOGO, COD_ATRIBUTO, VALOR_1, VALOR_2, DESCRIPCION, LIM_COD_ATRIBUTO, LIM_VALOR_1, LIM_VALOR_2, CABECERA, COD_PROYECTO) VALUES ('TIPO_DOCUMENTO', 'DNI', 'DNI', 'DNI', null, null, null, null, 0, 1);
INSERT INTO BFP_CARTA_FIANZA.CATALOGO(COD_CATALOGO, COD_ATRIBUTO, VALOR_1, VALOR_2, DESCRIPCION, LIM_COD_ATRIBUTO, LIM_VALOR_1, LIM_VALOR_2, CABECERA, COD_PROYECTO) VALUES ('LUGAR_ENVIO', 'LUGAR_ENVIO', 'LUGAR_ENVIO', null, null, null, null, null, 1, 1);
INSERT INTO BFP_CARTA_FIANZA.CATALOGO(COD_CATALOGO, COD_ATRIBUTO, VALOR_1, VALOR_2, DESCRIPCION, LIM_COD_ATRIBUTO, LIM_VALOR_1, LIM_VALOR_2, CABECERA, COD_PROYECTO) VALUES ('LUGAR_ENVIO', 'DIR01', '01 SUNAT', '01 SUNAT', null, null, null, null, 0, 1);
INSERT INTO BFP_CARTA_FIANZA.CATALOGO(COD_CATALOGO, COD_ATRIBUTO, VALOR_1, VALOR_2, DESCRIPCION, LIM_COD_ATRIBUTO, LIM_VALOR_1, LIM_VALOR_2, CABECERA, COD_PROYECTO) VALUES ('LUGAR_ENVIO', 'DIR02', '02 PETROPERU', '02 PETROPERU', null, null, null, null, 0, 1);
INSERT INTO BFP_CARTA_FIANZA.CATALOGO(COD_CATALOGO, COD_ATRIBUTO, VALOR_1, VALOR_2, DESCRIPCION, LIM_COD_ATRIBUTO, LIM_VALOR_1, LIM_VALOR_2, CABECERA, COD_PROYECTO) VALUES ('TIPO_FIRMA', 'TIPO_FIRMA', 'TIPO_FIRMA', null, null, null, null, null, 1, 1);
INSERT INTO BFP_CARTA_FIANZA.CATALOGO(COD_CATALOGO, COD_ATRIBUTO, VALOR_1, VALOR_2, DESCRIPCION, LIM_COD_ATRIBUTO, LIM_VALOR_1, LIM_VALOR_2, CABECERA, COD_PROYECTO) VALUES ('TIPO_FIRMA', 'MA', 'MANUAL', 'MANUAL', null, null, null, null, 0, 1);
INSERT INTO BFP_CARTA_FIANZA.CATALOGO(COD_CATALOGO, COD_ATRIBUTO, VALOR_1, VALOR_2, DESCRIPCION, LIM_COD_ATRIBUTO, LIM_VALOR_1, LIM_VALOR_2, CABECERA, COD_PROYECTO) VALUES ('TIPO_FIRMA', 'DI', 'DIGITAL', 'DIGITAL', null, null, null, null, 0, 1);
INSERT INTO BFP_CARTA_FIANZA.CATALOGO(COD_CATALOGO, COD_ATRIBUTO, VALOR_1, VALOR_2, DESCRIPCION, LIM_COD_ATRIBUTO, LIM_VALOR_1, LIM_VALOR_2, CABECERA, COD_PROYECTO) VALUES ('TIPO_RIESGO', 'TIPO_RIESGO', 'TIPO_RIESGO', null, null, null, null, null, 1, 1);
INSERT INTO BFP_CARTA_FIANZA.CATALOGO(COD_CATALOGO, COD_ATRIBUTO, VALOR_1, VALOR_2, DESCRIPCION, LIM_COD_ATRIBUTO, LIM_VALOR_1, LIM_VALOR_2, CABECERA, COD_PROYECTO) VALUES ('TIPO_RIESGO', 'H', 'HACER', 'DE HACER', null, null, null, null, 0, 1);
INSERT INTO BFP_CARTA_FIANZA.CATALOGO(COD_CATALOGO, COD_ATRIBUTO, VALOR_1, VALOR_2, DESCRIPCION, LIM_COD_ATRIBUTO, LIM_VALOR_1, LIM_VALOR_2, CABECERA, COD_PROYECTO) VALUES ('TIPO_RIESGO', 'D', 'DAR', 'DAR', null, null, null, null, 0, 1);
INSERT INTO BFP_CARTA_FIANZA.CATALOGO(COD_CATALOGO, COD_ATRIBUTO, VALOR_1, VALOR_2, DESCRIPCION, LIM_COD_ATRIBUTO, LIM_VALOR_1, LIM_VALOR_2, CABECERA, COD_PROYECTO) VALUES ('TIPO_RIESGO', 'G', 'GOBIERNO (LEY 206)', 'GOBIERNO (LEY 206)', null, null, null, null, 0, 1);
INSERT INTO BFP_CARTA_FIANZA.CATALOGO(COD_CATALOGO, COD_ATRIBUTO, VALOR_1, VALOR_2, DESCRIPCION, LIM_COD_ATRIBUTO, LIM_VALOR_1, LIM_VALOR_2, CABECERA, COD_PROYECTO) VALUES ('TIPO_COBRANZA', 'TIPO_COBRANZA', 'TIPO_COBRANZA', null, null, null, null, null, 1, 1);
INSERT INTO BFP_CARTA_FIANZA.CATALOGO(COD_CATALOGO, COD_ATRIBUTO, VALOR_1, VALOR_2, DESCRIPCION, LIM_COD_ATRIBUTO, LIM_VALOR_1, LIM_VALOR_2, CABECERA, COD_PROYECTO) VALUES ('TIPO_COBRANZA', 'T', 'TRIMESTRAL', 'TRIMESTRAL', null, null, null, null, 0, 1);
INSERT INTO BFP_CARTA_FIANZA.CATALOGO(COD_CATALOGO, COD_ATRIBUTO, VALOR_1, VALOR_2, DESCRIPCION, LIM_COD_ATRIBUTO, LIM_VALOR_1, LIM_VALOR_2, CABECERA, COD_PROYECTO) VALUES ('TIPO_COBRANZA', 'P', 'PERIODO', 'PERIODO', null, null, null, null, 0, 1);
INSERT INTO BFP_CARTA_FIANZA.CATALOGO(COD_CATALOGO, COD_ATRIBUTO, VALOR_1, VALOR_2, DESCRIPCION, LIM_COD_ATRIBUTO, LIM_VALOR_1, LIM_VALOR_2, CABECERA, COD_PROYECTO) VALUES ('MODALIDAD_COBRO', 'MODALIDAD_COBRO', 'MODALIDAD_COBRO', null, null, null, null, null, 1, 1);
INSERT INTO BFP_CARTA_FIANZA.CATALOGO(COD_CATALOGO, COD_ATRIBUTO, VALOR_1, VALOR_2, DESCRIPCION, LIM_COD_ATRIBUTO, LIM_VALOR_1, LIM_VALOR_2, CABECERA, COD_PROYECTO) VALUES ('MODALIDAD_COBRO', 'P', 'POR PERIODO', 'POR PERIODO', null, null, null, null, 0, 1);
INSERT INTO BFP_CARTA_FIANZA.CATALOGO(COD_CATALOGO, COD_ATRIBUTO, VALOR_1, VALOR_2, DESCRIPCION, LIM_COD_ATRIBUTO, LIM_VALOR_1, LIM_VALOR_2, CABECERA, COD_PROYECTO) VALUES ('MODALIDAD_COBRO', 'I', 'POR INICIO', 'POR INICIO', null, null, null, null, 0, 1);
INSERT INTO BFP_CARTA_FIANZA.CATALOGO(COD_CATALOGO, COD_ATRIBUTO, VALOR_1, VALOR_2, DESCRIPCION, LIM_COD_ATRIBUTO, LIM_VALOR_1, LIM_VALOR_2, CABECERA, COD_PROYECTO) VALUES ('COD_TIP_SOLICITUD', 'COD_TIP_SOLICITUD', 'COD_TIP_SOLICITUD', null, null, null, null, null, 1, 1);
INSERT INTO BFP_CARTA_FIANZA.CATALOGO(COD_CATALOGO, COD_ATRIBUTO, VALOR_1, VALOR_2, DESCRIPCION, LIM_COD_ATRIBUTO, LIM_VALOR_1, LIM_VALOR_2, CABECERA, COD_PROYECTO) VALUES ('COD_TIP_SOLICITUD', 'EMI', 'EMISION', 'EMISION', null, null, null, null, 0, 1);
INSERT INTO BFP_CARTA_FIANZA.CATALOGO(COD_CATALOGO, COD_ATRIBUTO, VALOR_1, VALOR_2, DESCRIPCION, LIM_COD_ATRIBUTO, LIM_VALOR_1, LIM_VALOR_2, CABECERA, COD_PROYECTO) VALUES ('COD_TIP_SOLICITUD', 'REV', 'RENOVACION', 'RENOVACION', null, null, null, null, 0, 1);
INSERT INTO BFP_CARTA_FIANZA.CATALOGO(COD_CATALOGO, COD_ATRIBUTO, VALOR_1, VALOR_2, DESCRIPCION, LIM_COD_ATRIBUTO, LIM_VALOR_1, LIM_VALOR_2, CABECERA, COD_PROYECTO) VALUES ('COD_TIP_SOLICITUD', 'MOD', 'MODIFICACION', 'MODIFICACION', null, null, null, null, 0, 1);
INSERT INTO BFP_CARTA_FIANZA.CATALOGO(COD_CATALOGO, COD_ATRIBUTO, VALOR_1, VALOR_2, DESCRIPCION, LIM_COD_ATRIBUTO, LIM_VALOR_1, LIM_VALOR_2, CABECERA, COD_PROYECTO) VALUES ('COD_TIP_SOLICITUD', 'REQ ', 'REQUERIMIENTO', 'REQUERIMIENTO', null, null, null, null, 0, 1);
INSERT INTO BFP_CARTA_FIANZA.CATALOGO(COD_CATALOGO, COD_ATRIBUTO, VALOR_1, VALOR_2, DESCRIPCION, LIM_COD_ATRIBUTO, LIM_VALOR_1, LIM_VALOR_2, CABECERA, COD_PROYECTO) VALUES ('COD_TIP_SOLICITUD', 'EJE ', 'EJECUCION', 'EJECUCION', null, null, null, null, 0, 1);
INSERT INTO BFP_CARTA_FIANZA.CATALOGO(COD_CATALOGO, COD_ATRIBUTO, VALOR_1, VALOR_2, DESCRIPCION, LIM_COD_ATRIBUTO, LIM_VALOR_1, LIM_VALOR_2, CABECERA, COD_PROYECTO) VALUES ('COD_TIP_SOLICITUD', 'CAN ', 'CANCELACION', 'CANCELACION', null, null, null, null, 0, 1);
INSERT INTO BFP_CARTA_FIANZA.CATALOGO(COD_CATALOGO, COD_ATRIBUTO, VALOR_1, VALOR_2, DESCRIPCION, LIM_COD_ATRIBUTO, LIM_VALOR_1, LIM_VALOR_2, CABECERA, COD_PROYECTO) VALUES ('TIPO_COBRANZA', 'I', 'INICIO', 'INICIO', null, null, null, null, 0, 1);
INSERT INTO BFP_CARTA_FIANZA.CATALOGO(COD_CATALOGO, COD_ATRIBUTO, VALOR_1, VALOR_2, DESCRIPCION, LIM_COD_ATRIBUTO, LIM_VALOR_1, LIM_VALOR_2, CABECERA, COD_PROYECTO) VALUES ('COD_ESTADO', 'ENP', 'EN PROCESO', 'APROBADO', null, null, null, null, 0, 1);
INSERT INTO BFP_CARTA_FIANZA.CATALOGO(COD_CATALOGO, COD_ATRIBUTO, VALOR_1, VALOR_2, DESCRIPCION, LIM_COD_ATRIBUTO, LIM_VALOR_1, LIM_VALOR_2, CABECERA, COD_PROYECTO) VALUES ('COD_ESTADO', 'OBS', 'OBSERVADO', 'OBSERVADO', null, null, null, null, 0, 1);
INSERT INTO BFP_CARTA_FIANZA.CATALOGO(COD_CATALOGO, COD_ATRIBUTO, VALOR_1, VALOR_2, DESCRIPCION, LIM_COD_ATRIBUTO, LIM_VALOR_1, LIM_VALOR_2, CABECERA, COD_PROYECTO) VALUES ('COD_ESTADO', 'REC', 'RECHAZADO', 'RECHAZADO', null, null, null, null, 0, 1);
INSERT INTO BFP_CARTA_FIANZA.CATALOGO(COD_CATALOGO, COD_ATRIBUTO, VALOR_1, VALOR_2, DESCRIPCION, LIM_COD_ATRIBUTO, LIM_VALOR_1, LIM_VALOR_2, CABECERA, COD_PROYECTO) VALUES ('COD_ESTADO', 'CAN', 'CANCELADO', 'CANCELADO', null, null, null, null, 0, 1);
INSERT INTO BFP_CARTA_FIANZA.CATALOGO(COD_CATALOGO, COD_ATRIBUTO, VALOR_1, VALOR_2, DESCRIPCION, LIM_COD_ATRIBUTO, LIM_VALOR_1, LIM_VALOR_2, CABECERA, COD_PROYECTO) VALUES ('COD_EST_LINEA', 'COD_EST_LINEA', 'COD_EST_LINEA', null, null, null, null, null, 1, 1);
INSERT INTO BFP_CARTA_FIANZA.CATALOGO(COD_CATALOGO, COD_ATRIBUTO, VALOR_1, VALOR_2, DESCRIPCION, LIM_COD_ATRIBUTO, LIM_VALOR_1, LIM_VALOR_2, CABECERA, COD_PROYECTO) VALUES ('COD_EST_LINEA', 'A', 'ACTIVA', 'ACTIVA', null, null, null, null, 0, 1);
INSERT INTO BFP_CARTA_FIANZA.CATALOGO(COD_CATALOGO, COD_ATRIBUTO, VALOR_1, VALOR_2, DESCRIPCION, LIM_COD_ATRIBUTO, LIM_VALOR_1, LIM_VALOR_2, CABECERA, COD_PROYECTO) VALUES ('COD_EST_LINEA', 'V', 'VENCIDA', 'VENCIDA', null, null, null, null, 0, 1);
INSERT INTO BFP_CARTA_FIANZA.CATALOGO(COD_CATALOGO, COD_ATRIBUTO, VALOR_1, VALOR_2, DESCRIPCION, LIM_COD_ATRIBUTO, LIM_VALOR_1, LIM_VALOR_2, CABECERA, COD_PROYECTO) VALUES ('TIPO_DOCUMENTO', 'RUC', 'RUC', 'RUC', null, null, null, null, 0, 1);
INSERT INTO BFP_CARTA_FIANZA.CATALOGO(COD_CATALOGO, COD_ATRIBUTO, VALOR_1, VALOR_2, DESCRIPCION, LIM_COD_ATRIBUTO, LIM_VALOR_1, LIM_VALOR_2, CABECERA, COD_PROYECTO) VALUES ('COD_AGENCIA_ENTREGA', 'COD_AGENCIA_ENTREGA', 'COD_AGENCIA_ENTREGA', null, null, null, null, null, 1, 1);
INSERT INTO BFP_CARTA_FIANZA.CATALOGO(COD_CATALOGO, COD_ATRIBUTO, VALOR_1, VALOR_2, DESCRIPCION, LIM_COD_ATRIBUTO, LIM_VALOR_1, LIM_VALOR_2, CABECERA, COD_PROYECTO) VALUES ('COD_AGENCIA_ENTREGA', '000', 'AGENCIA RICARDO PALMA', 'AGENCIA RICARDO PALMA', null, null, null, null, 0, 1);
INSERT INTO BFP_CARTA_FIANZA.CATALOGO(COD_CATALOGO, COD_ATRIBUTO, VALOR_1, VALOR_2, DESCRIPCION, LIM_COD_ATRIBUTO, LIM_VALOR_1, LIM_VALOR_2, CABECERA, COD_PROYECTO) VALUES ('COD_ESTADO', 'APR', 'APROBADO', 'APROBADO', null, null, null, null, 0, 1);
INSERT INTO BFP_CARTA_FIANZA.CATALOGO(COD_CATALOGO, COD_ATRIBUTO, VALOR_1, VALOR_2, DESCRIPCION, LIM_COD_ATRIBUTO, LIM_VALOR_1, LIM_VALOR_2, CABECERA, COD_PROYECTO) VALUES ('COD_ESTADO', 'IMP', 'IMPRESO', 'IMPRESO', null, null, null, null, 0, 1);
INSERT INTO BFP_CARTA_FIANZA.CATALOGO(COD_CATALOGO, COD_ATRIBUTO, VALOR_1, VALOR_2, DESCRIPCION, LIM_COD_ATRIBUTO, LIM_VALOR_1, LIM_VALOR_2, CABECERA, COD_PROYECTO) VALUES ('COD_ESTADO', 'ENT', 'ENTREGADO', 'ENTREGADO', null, null, null, null, 0, 1);
INSERT INTO BFP_CARTA_FIANZA.CATALOGO(COD_CATALOGO, COD_ATRIBUTO, VALOR_1, VALOR_2, DESCRIPCION, LIM_COD_ATRIBUTO, LIM_VALOR_1, LIM_VALOR_2, CABECERA, COD_PROYECTO) VALUES ('COD_DTR', 'COD_DTR', 'DESCRIPCION DTR', 'DESCRIPCION DTR', null, null, null, null, 0, 1);
INSERT INTO BFP_CARTA_FIANZA.CATALOGO(COD_CATALOGO, COD_ATRIBUTO, VALOR_1, VALOR_2, DESCRIPCION, LIM_COD_ATRIBUTO, LIM_VALOR_1, LIM_VALOR_2, CABECERA, COD_PROYECTO) VALUES ('COD_DTR', 'L', 'LIQUIDACIÓN', 'LIQUIDACIÓN', null, null, null, null, 0, 1);
INSERT INTO BFP_CARTA_FIANZA.CATALOGO(COD_CATALOGO, COD_ATRIBUTO, VALOR_1, VALOR_2, DESCRIPCION, LIM_COD_ATRIBUTO, LIM_VALOR_1, LIM_VALOR_2, CABECERA, COD_PROYECTO) VALUES ('COD_DTR', '0', 'NORMAL', 'NORMAL', null, null, null, null, 0, 1);
INSERT INTO BFP_CARTA_FIANZA.CATALOGO(COD_CATALOGO, COD_ATRIBUTO, VALOR_1, VALOR_2, DESCRIPCION, LIM_COD_ATRIBUTO, LIM_VALOR_1, LIM_VALOR_2, CABECERA, COD_PROYECTO) VALUES ('COD_DTR', '1', 'VIGILAR', 'VIGILAR', null, null, null, null, 0, 1);
INSERT INTO BFP_CARTA_FIANZA.CATALOGO(COD_CATALOGO, COD_ATRIBUTO, VALOR_1, VALOR_2, DESCRIPCION, LIM_COD_ATRIBUTO, LIM_VALOR_1, LIM_VALOR_2, CABECERA, COD_PROYECTO) VALUES ('COD_DTR', '2', 'GARANTIZAR', 'GARANTIZAR', null, null, null, null, 0, 1);
INSERT INTO BFP_CARTA_FIANZA.CATALOGO(COD_CATALOGO, COD_ATRIBUTO, VALOR_1, VALOR_2, DESCRIPCION, LIM_COD_ATRIBUTO, LIM_VALOR_1, LIM_VALOR_2, CABECERA, COD_PROYECTO) VALUES ('COD_DTR', '3', 'DISMINUIR', 'DISMINUIR', null, null, null, null, 0, 1);
INSERT INTO BFP_CARTA_FIANZA.CATALOGO(COD_CATALOGO, COD_ATRIBUTO, VALOR_1, VALOR_2, DESCRIPCION, LIM_COD_ATRIBUTO, LIM_VALOR_1, LIM_VALOR_2, CABECERA, COD_PROYECTO) VALUES ('COD_DTR', '4', 'EXTINGUIR', 'EXTINGUIR', null, null, null, null, 0, 1);
INSERT INTO BFP_CARTA_FIANZA.CATALOGO(COD_CATALOGO, COD_ATRIBUTO, VALOR_1, VALOR_2, DESCRIPCION, LIM_COD_ATRIBUTO, LIM_VALOR_1, LIM_VALOR_2, CABECERA, COD_PROYECTO) VALUES ('COD_DTR', '5', 'VIGILAR SECTOR', 'VIGILAR SECTOR', null, null, null, null, 0, 1);
INSERT INTO BFP_CARTA_FIANZA.CATALOGO(COD_CATALOGO, COD_ATRIBUTO, VALOR_1, VALOR_2, DESCRIPCION, LIM_COD_ATRIBUTO, LIM_VALOR_1, LIM_VALOR_2, CABECERA, COD_PROYECTO) VALUES ('COD_CAT_LINEA', 'COD_CAT_LINEA', 'CATEGORIA DE LA LINEA', 'CATEGORIA DE LA LINEA', null, null, null, null, 0, 1);
INSERT INTO BFP_CARTA_FIANZA.CATALOGO(COD_CATALOGO, COD_ATRIBUTO, VALOR_1, VALOR_2, DESCRIPCION, LIM_COD_ATRIBUTO, LIM_VALOR_1, LIM_VALOR_2, CABECERA, COD_PROYECTO) VALUES ('COD_CAT_LINEA', 'N', 'ESPECIFICA', 'ESPECIFICA', null, null, null, null, 0, 1);
INSERT INTO BFP_CARTA_FIANZA.CATALOGO(COD_CATALOGO, COD_ATRIBUTO, VALOR_1, VALOR_2, DESCRIPCION, LIM_COD_ATRIBUTO, LIM_VALOR_1, LIM_VALOR_2, CABECERA, COD_PROYECTO) VALUES ('COD_CAT_LINEA', 'A', 'REVOLVENTE', 'REVOLVENTE', null, null, null, null, 0, 1);
INSERT INTO BFP_CARTA_FIANZA.CATALOGO(COD_CATALOGO, COD_ATRIBUTO, VALOR_1, VALOR_2, DESCRIPCION, LIM_COD_ATRIBUTO, LIM_VALOR_1, LIM_VALOR_2, CABECERA, COD_PROYECTO) VALUES ('TIP_COMISION', 'TIP_COMISION', 'TIPO DE COMISION', 'TIPO DE COMISION', null, null, null, null, 0, 1);
INSERT INTO BFP_CARTA_FIANZA.CATALOGO(COD_CATALOGO, COD_ATRIBUTO, VALOR_1, VALOR_2, DESCRIPCION, LIM_COD_ATRIBUTO, LIM_VALOR_1, LIM_VALOR_2, CABECERA, COD_PROYECTO) VALUES ('TIP_COMISION', '1', 'COMISION DE EMISIÓN', 'COMISION DE EMISIÓN', null, null, null, null, 0, 1);
INSERT INTO BFP_CARTA_FIANZA.CATALOGO(COD_CATALOGO, COD_ATRIBUTO, VALOR_1, VALOR_2, DESCRIPCION, LIM_COD_ATRIBUTO, LIM_VALOR_1, LIM_VALOR_2, CABECERA, COD_PROYECTO) VALUES ('TIP_COMISION', '2', 'COMISION DE PLAZO VIGENCIA', 'COMISION DE PLAZO VIGENCIA', null, null, null, null, 0, 1);
INSERT INTO BFP_CARTA_FIANZA.CATALOGO(COD_CATALOGO, COD_ATRIBUTO, VALOR_1, VALOR_2, DESCRIPCION, LIM_COD_ATRIBUTO, LIM_VALOR_1, LIM_VALOR_2, CABECERA, COD_PROYECTO) VALUES ('TIP_COMISION', '3', 'COMISION DE PORTES', 'COMISION DE PORTES', null, null, null, null, 0, 1);
INSERT INTO BFP_CARTA_FIANZA.CATALOGO(COD_CATALOGO, COD_ATRIBUTO, VALOR_1, VALOR_2, DESCRIPCION, LIM_COD_ATRIBUTO, LIM_VALOR_1, LIM_VALOR_2, CABECERA, COD_PROYECTO) VALUES ('TIP_COMISION', '4', 'COMISION DE TEXTO ESPECIAL', 'COMISION DE TEXTO ESPECIAL', null, null, null, null, 0, 1);
INSERT INTO BFP_CARTA_FIANZA.CATALOGO(COD_CATALOGO, COD_ATRIBUTO, VALOR_1, VALOR_2, DESCRIPCION, LIM_COD_ATRIBUTO, LIM_VALOR_1, LIM_VALOR_2, CABECERA, COD_PROYECTO) VALUES ('TIP_COMISION', '5', 'COMISION DE GESTION DE ENVIO', 'COMISION DE GESTION DE ENVIO', null, null, null, null, 0, 1);
INSERT INTO BFP_CARTA_FIANZA.CATALOGO(COD_CATALOGO, COD_ATRIBUTO, VALOR_1, VALOR_2, DESCRIPCION, LIM_COD_ATRIBUTO, LIM_VALOR_1, LIM_VALOR_2, CABECERA, COD_PROYECTO) VALUES ('TIP_COMISION', '6', 'COMISION DE RENOVACIÓN', 'COMISION DE RENOVACIÓN', null, null, null, null, 0, 1);
INSERT INTO BFP_CARTA_FIANZA.CATALOGO(COD_CATALOGO, COD_ATRIBUTO, VALOR_1, VALOR_2, DESCRIPCION, LIM_COD_ATRIBUTO, LIM_VALOR_1, LIM_VALOR_2, CABECERA, COD_PROYECTO) VALUES ('TIP_COMISION', '7', 'COMISION DE MODIFICACIÓN', 'COMISION DE MODIFICACIÓN', null, null, null, null, 0, 1);
INSERT INTO BFP_CARTA_FIANZA.CATALOGO(COD_CATALOGO, COD_ATRIBUTO, VALOR_1, VALOR_2, DESCRIPCION, LIM_COD_ATRIBUTO, LIM_VALOR_1, LIM_VALOR_2, CABECERA, COD_PROYECTO) VALUES ('TIP_COMISION', '8', 'COMISION DE EJECUCIÓN', 'COMISION DE EJECUCIÓN', null, null, null, null, 0, 1);
INSERT INTO BFP_CARTA_FIANZA.CATALOGO(COD_CATALOGO, COD_ATRIBUTO, VALOR_1, VALOR_2, DESCRIPCION, LIM_COD_ATRIBUTO, LIM_VALOR_1, LIM_VALOR_2, CABECERA, COD_PROYECTO) VALUES ('TIP_COMISION', '9', 'COMISION DE CANCELACIÓN', 'COMISION DE CANCELACIÓN', null, null, null, null, 0, 1);
INSERT INTO BFP_CARTA_FIANZA.CATALOGO(COD_CATALOGO, COD_ATRIBUTO, VALOR_1, VALOR_2, DESCRIPCION, LIM_COD_ATRIBUTO, LIM_VALOR_1, LIM_VALOR_2, CABECERA, COD_PROYECTO) VALUES ('TIP_COMISION', '10', 'COMISION DE CAMBIO DE ESTADO', 'COMISION DE CAMBIO DE ESTADO', null, null, null, null, 0, 1);
INSERT INTO BFP_CARTA_FIANZA.CATALOGO(COD_CATALOGO, COD_ATRIBUTO, VALOR_1, VALOR_2, DESCRIPCION, LIM_COD_ATRIBUTO, LIM_VALOR_1, LIM_VALOR_2, CABECERA, COD_PROYECTO) VALUES ('COD_AGENCIA', '450', 'SEDE BASADRE', 'SEDE BASADRE', null, null, null, null, 0, 1);
INSERT INTO BFP_CARTA_FIANZA.CATALOGO(COD_CATALOGO, COD_ATRIBUTO, VALOR_1, VALOR_2, DESCRIPCION, LIM_COD_ATRIBUTO, LIM_VALOR_1, LIM_VALOR_2, CABECERA, COD_PROYECTO) VALUES ('COD_AGENCIA_ENTREGA', '450', 'SEDE BASADRE', 'SEDE BASADRE', null, null, null, null, 0, 1);
INSERT INTO BFP_CARTA_FIANZA.CLASE(COD_CLASE, NOMBRE, PAQUETE, COD_PROYECTO, INF_AUTOR, INF_DESCRIPCION, NIVEL) VALUES (13, 'ContratoMarco', 'pe.com.financiero.cf.bean.negocio', 1, null, null, 3);
INSERT INTO BFP_CARTA_FIANZA.CLASE(COD_CLASE, NOMBRE, PAQUETE, COD_PROYECTO, INF_AUTOR, INF_DESCRIPCION, NIVEL) VALUES (1, 'Solicitud', 'pe.com.financiero.cf.bean.negocio', 1, 'Banco Financiero', '', 1);
INSERT INTO BFP_CARTA_FIANZA.CLASE(COD_CLASE, NOMBRE, PAQUETE, COD_PROYECTO, INF_AUTOR, INF_DESCRIPCION, NIVEL) VALUES (3, 'Linea', 'pe.com.financiero.cf.bean.negocio', 1, null, null, 2);
INSERT INTO BFP_CARTA_FIANZA.CLASE(COD_CLASE, NOMBRE, PAQUETE, COD_PROYECTO, INF_AUTOR, INF_DESCRIPCION, NIVEL) VALUES (4, 'Riesgo', 'pe.com.financiero.cf.bean.negocio', 1, null, null, 2);
INSERT INTO BFP_CARTA_FIANZA.CLASE(COD_CLASE, NOMBRE, PAQUETE, COD_PROYECTO, INF_AUTOR, INF_DESCRIPCION, NIVEL) VALUES (5, 'Cliente', 'pe.com.financiero.cf.bean.negocio', 1, null, null, 2);
INSERT INTO BFP_CARTA_FIANZA.CLASE(COD_CLASE, NOMBRE, PAQUETE, COD_PROYECTO, INF_AUTOR, INF_DESCRIPCION, NIVEL) VALUES (6, 'Funcionario', 'pe.com.financiero.cf.bean.negocio', 1, null, null, 2);
INSERT INTO BFP_CARTA_FIANZA.CLASE(COD_CLASE, NOMBRE, PAQUETE, COD_PROYECTO, INF_AUTOR, INF_DESCRIPCION, NIVEL) VALUES (7, 'Cuenta', 'pe.com.financiero.cf.bean.negocio', 1, null, null, 2);
INSERT INTO BFP_CARTA_FIANZA.CLASE(COD_CLASE, NOMBRE, PAQUETE, COD_PROYECTO, INF_AUTOR, INF_DESCRIPCION, NIVEL) VALUES (8, 'Comision', 'pe.com.financiero.cf.bean.negocio', 1, null, null, 2);
INSERT INTO BFP_CARTA_FIANZA.CLASE(COD_CLASE, NOMBRE, PAQUETE, COD_PROYECTO, INF_AUTOR, INF_DESCRIPCION, NIVEL) VALUES (9, 'Firmante', 'pe.com.financiero.cf.bean.negocio', 1, null, null, 2);
INSERT INTO BFP_CARTA_FIANZA.CLASE(COD_CLASE, NOMBRE, PAQUETE, COD_PROYECTO, INF_AUTOR, INF_DESCRIPCION, NIVEL) VALUES (10, 'ListaVerificacion', 'pe.com.financiero.cf.bean.negocio', 1, null, null, 2);
INSERT INTO BFP_CARTA_FIANZA.CLASE(COD_CLASE, NOMBRE, PAQUETE, COD_PROYECTO, INF_AUTOR, INF_DESCRIPCION, NIVEL) VALUES (11, 'Plantilla', 'pe.com.financiero.cf.bean.negocio', 1, null, null, 2);
INSERT INTO BFP_CARTA_FIANZA.CLASE(COD_CLASE, NOMBRE, PAQUETE, COD_PROYECTO, INF_AUTOR, INF_DESCRIPCION, NIVEL) VALUES (12, 'FirmanteValorado', 'pe.com.financiero.cf.bean.negocio', 1, null, null, 2);
INSERT INTO BFP_CARTA_FIANZA.CLASE(COD_CLASE, NOMBRE, PAQUETE, COD_PROYECTO, INF_AUTOR, INF_DESCRIPCION, NIVEL) VALUES (14, 'CartaFianza', 'pe.com.financiero.cf.bean.negocio', 1, null, null, 2);
INSERT INTO BFP_CARTA_FIANZA.CONFIGURACION(COD_PROYECTO, USUARIO, RUTA_WORKSPACE, RUTA_SCRIPT_SQL) VALUES (1, 'LUIBRA', 'D:\IBM\WRK\BE\CF_v1', 'D:\SQL_CF');
INSERT INTO BFP_CARTA_FIANZA.CONFIGURACION(COD_PROYECTO, USUARIO, RUTA_WORKSPACE, RUTA_SCRIPT_SQL) VALUES (1, 'EDWREB', 'D:\IBM\WSPC\cf\w', 'D:\IBM\WSPC\cf\db2');
INSERT INTO BFP_CARTA_FIANZA.CONFIGURACION(COD_PROYECTO, USUARIO, RUTA_WORKSPACE, RUTA_SCRIPT_SQL) VALUES (1, 'OSCHUP', 'D:\generado', 'D:\generado');
INSERT INTO BFP_CARTA_FIANZA.CONSULTA(COD_CONSULTA, SQL_ALE_STO_PROCEDURE, JAV_PAQUETE, JAV_INTERFACE, COD_PROYECTO) VALUES (1, 'RES_CF_EMISION', 'pe.com.financiero.bpm.cf.dao', 'ResumenEmisionBEDao', 1);
INSERT INTO BFP_CARTA_FIANZA.CONSULTA(COD_CONSULTA, SQL_ALE_STO_PROCEDURE, JAV_PAQUETE, JAV_INTERFACE, COD_PROYECTO) VALUES (2, 'DET_CF_EMISION', 'pe.com.financiero.bpm.cf.dao', 'DetalleEmisionBEDao', 1);
INSERT INTO BFP_CARTA_FIANZA.CONSULTA(COD_CONSULTA, SQL_ALE_STO_PROCEDURE, JAV_PAQUETE, JAV_INTERFACE, COD_PROYECTO) VALUES (41, 'RES_CF_CAMEST', 'pe.com.financiero.bpm.cf.dao', 'ResumenEmisionBEDao', 1);
INSERT INTO BFP_CARTA_FIANZA.CONSULTA(COD_CONSULTA, SQL_ALE_STO_PROCEDURE, JAV_PAQUETE, JAV_INTERFACE, COD_PROYECTO) VALUES (42, 'DET_CF_CAMEST', 'pe.com.financiero.bpm.cf.dao', 'DetalleEmisionBEDao', 1);
INSERT INTO BFP_CARTA_FIANZA.CONSULTA(COD_CONSULTA, SQL_ALE_STO_PROCEDURE, JAV_PAQUETE, JAV_INTERFACE, COD_PROYECTO) VALUES (51, 'RES_CF_CAN', 'pe.com.financiero.bpm.cf.dao', 'DetalleEmisionBEDao', 1);
INSERT INTO BFP_CARTA_FIANZA.CONSULTA(COD_CONSULTA, SQL_ALE_STO_PROCEDURE, JAV_PAQUETE, JAV_INTERFACE, COD_PROYECTO) VALUES (52, 'DET_CF_CAN', 'pe.com.financiero.bpm.cf.dao', 'DetalleEmisionBEDao', 1);
INSERT INTO BFP_CARTA_FIANZA.CON_ATRIBUTO(COD_CONSULTA, COD_ATRIBUTO, FLG_CONDICION, FLG_VISIBLE) VALUES (1, 1, 0, 1);
INSERT INTO BFP_CARTA_FIANZA.CON_ATRIBUTO(COD_CONSULTA, COD_ATRIBUTO, FLG_CONDICION, FLG_VISIBLE) VALUES (1, 2, 1, 1);
INSERT INTO BFP_CARTA_FIANZA.CON_ATRIBUTO(COD_CONSULTA, COD_ATRIBUTO, FLG_CONDICION, FLG_VISIBLE) VALUES (2, 8, 0, 1);
INSERT INTO BFP_CARTA_FIANZA.CON_ATRIBUTO(COD_CONSULTA, COD_ATRIBUTO, FLG_CONDICION, FLG_VISIBLE) VALUES (2, 9, 0, 1);
INSERT INTO BFP_CARTA_FIANZA.CON_ATRIBUTO(COD_CONSULTA, COD_ATRIBUTO, FLG_CONDICION, FLG_VISIBLE) VALUES (2, 10, 0, 1);
INSERT INTO BFP_CARTA_FIANZA.CON_ATRIBUTO(COD_CONSULTA, COD_ATRIBUTO, FLG_CONDICION, FLG_VISIBLE) VALUES (2, 11, 0, 1);
INSERT INTO BFP_CARTA_FIANZA.CON_ATRIBUTO(COD_CONSULTA, COD_ATRIBUTO, FLG_CONDICION, FLG_VISIBLE) VALUES (2, 12, 0, 1);
INSERT INTO BFP_CARTA_FIANZA.CON_ATRIBUTO(COD_CONSULTA, COD_ATRIBUTO, FLG_CONDICION, FLG_VISIBLE) VALUES (2, 1, 0, 1);
INSERT INTO BFP_CARTA_FIANZA.CON_ATRIBUTO(COD_CONSULTA, COD_ATRIBUTO, FLG_CONDICION, FLG_VISIBLE) VALUES (2, 2, 1, 1);
INSERT INTO BFP_CARTA_FIANZA.CON_ATRIBUTO(COD_CONSULTA, COD_ATRIBUTO, FLG_CONDICION, FLG_VISIBLE) VALUES (2, 3, 0, 1);
INSERT INTO BFP_CARTA_FIANZA.CON_ATRIBUTO(COD_CONSULTA, COD_ATRIBUTO, FLG_CONDICION, FLG_VISIBLE) VALUES (2, 4, 0, 1);
INSERT INTO BFP_CARTA_FIANZA.CON_ATRIBUTO(COD_CONSULTA, COD_ATRIBUTO, FLG_CONDICION, FLG_VISIBLE) VALUES (1, 508, 0, 1);
INSERT INTO BFP_CARTA_FIANZA.CON_ATRIBUTO(COD_CONSULTA, COD_ATRIBUTO, FLG_CONDICION, FLG_VISIBLE) VALUES (1, 5, 0, 1);
INSERT INTO BFP_CARTA_FIANZA.CON_ATRIBUTO(COD_CONSULTA, COD_ATRIBUTO, FLG_CONDICION, FLG_VISIBLE) VALUES (1, 97, 0, 1);
INSERT INTO BFP_CARTA_FIANZA.CON_ATRIBUTO(COD_CONSULTA, COD_ATRIBUTO, FLG_CONDICION, FLG_VISIBLE) VALUES (1, 71, 0, 1);
INSERT INTO BFP_CARTA_FIANZA.CON_ATRIBUTO(COD_CONSULTA, COD_ATRIBUTO, FLG_CONDICION, FLG_VISIBLE) VALUES (1, 18, 0, 1);
INSERT INTO BFP_CARTA_FIANZA.CON_ATRIBUTO(COD_CONSULTA, COD_ATRIBUTO, FLG_CONDICION, FLG_VISIBLE) VALUES (1, 74, 0, 1);
INSERT INTO BFP_CARTA_FIANZA.CON_ATRIBUTO(COD_CONSULTA, COD_ATRIBUTO, FLG_CONDICION, FLG_VISIBLE) VALUES (1, 79, 0, 1);
INSERT INTO BFP_CARTA_FIANZA.CON_ATRIBUTO(COD_CONSULTA, COD_ATRIBUTO, FLG_CONDICION, FLG_VISIBLE) VALUES (1, 501, 0, 1);
INSERT INTO BFP_CARTA_FIANZA.CON_ATRIBUTO(COD_CONSULTA, COD_ATRIBUTO, FLG_CONDICION, FLG_VISIBLE) VALUES (1, 502, 0, 1);
INSERT INTO BFP_CARTA_FIANZA.CON_ATRIBUTO(COD_CONSULTA, COD_ATRIBUTO, FLG_CONDICION, FLG_VISIBLE) VALUES (1, 506, 0, 1);
INSERT INTO BFP_CARTA_FIANZA.CON_ATRIBUTO(COD_CONSULTA, COD_ATRIBUTO, FLG_CONDICION, FLG_VISIBLE) VALUES (2, 5, 0, 1);
INSERT INTO BFP_CARTA_FIANZA.CON_ATRIBUTO(COD_CONSULTA, COD_ATRIBUTO, FLG_CONDICION, FLG_VISIBLE) VALUES (2, 6, 0, 1);
INSERT INTO BFP_CARTA_FIANZA.CON_ATRIBUTO(COD_CONSULTA, COD_ATRIBUTO, FLG_CONDICION, FLG_VISIBLE) VALUES (2, 7, 0, 1);
INSERT INTO BFP_CARTA_FIANZA.CON_ATRIBUTO(COD_CONSULTA, COD_ATRIBUTO, FLG_CONDICION, FLG_VISIBLE) VALUES (2, 13, 0, 1);
INSERT INTO BFP_CARTA_FIANZA.CON_ATRIBUTO(COD_CONSULTA, COD_ATRIBUTO, FLG_CONDICION, FLG_VISIBLE) VALUES (2, 14, 0, 1);
INSERT INTO BFP_CARTA_FIANZA.CON_ATRIBUTO(COD_CONSULTA, COD_ATRIBUTO, FLG_CONDICION, FLG_VISIBLE) VALUES (2, 15, 0, 1);
INSERT INTO BFP_CARTA_FIANZA.CON_ATRIBUTO(COD_CONSULTA, COD_ATRIBUTO, FLG_CONDICION, FLG_VISIBLE) VALUES (2, 16, 0, 1);
INSERT INTO BFP_CARTA_FIANZA.CON_ATRIBUTO(COD_CONSULTA, COD_ATRIBUTO, FLG_CONDICION, FLG_VISIBLE) VALUES (2, 17, 0, 1);
INSERT INTO BFP_CARTA_FIANZA.CON_ATRIBUTO(COD_CONSULTA, COD_ATRIBUTO, FLG_CONDICION, FLG_VISIBLE) VALUES (2, 18, 0, 1);
INSERT INTO BFP_CARTA_FIANZA.CON_ATRIBUTO(COD_CONSULTA, COD_ATRIBUTO, FLG_CONDICION, FLG_VISIBLE) VALUES (2, 19, 0, 1);
INSERT INTO BFP_CARTA_FIANZA.CON_ATRIBUTO(COD_CONSULTA, COD_ATRIBUTO, FLG_CONDICION, FLG_VISIBLE) VALUES (2, 20, 0, 1);
INSERT INTO BFP_CARTA_FIANZA.CON_ATRIBUTO(COD_CONSULTA, COD_ATRIBUTO, FLG_CONDICION, FLG_VISIBLE) VALUES (2, 21, 0, 1);
INSERT INTO BFP_CARTA_FIANZA.CON_ATRIBUTO(COD_CONSULTA, COD_ATRIBUTO, FLG_CONDICION, FLG_VISIBLE) VALUES (2, 22, 0, 1);
INSERT INTO BFP_CARTA_FIANZA.CON_ATRIBUTO(COD_CONSULTA, COD_ATRIBUTO, FLG_CONDICION, FLG_VISIBLE) VALUES (2, 23, 0, 1);
INSERT INTO BFP_CARTA_FIANZA.CON_ATRIBUTO(COD_CONSULTA, COD_ATRIBUTO, FLG_CONDICION, FLG_VISIBLE) VALUES (2, 24, 0, 1);
INSERT INTO BFP_CARTA_FIANZA.CON_ATRIBUTO(COD_CONSULTA, COD_ATRIBUTO, FLG_CONDICION, FLG_VISIBLE) VALUES (2, 25, 0, 1);
INSERT INTO BFP_CARTA_FIANZA.CON_ATRIBUTO(COD_CONSULTA, COD_ATRIBUTO, FLG_CONDICION, FLG_VISIBLE) VALUES (2, 26, 0, 1);
INSERT INTO BFP_CARTA_FIANZA.CON_ATRIBUTO(COD_CONSULTA, COD_ATRIBUTO, FLG_CONDICION, FLG_VISIBLE) VALUES (2, 27, 0, 1);
INSERT INTO BFP_CARTA_FIANZA.CON_ATRIBUTO(COD_CONSULTA, COD_ATRIBUTO, FLG_CONDICION, FLG_VISIBLE) VALUES (2, 34, 0, 1);
INSERT INTO BFP_CARTA_FIANZA.CON_ATRIBUTO(COD_CONSULTA, COD_ATRIBUTO, FLG_CONDICION, FLG_VISIBLE) VALUES (2, 35, 0, 1);
INSERT INTO BFP_CARTA_FIANZA.CON_ATRIBUTO(COD_CONSULTA, COD_ATRIBUTO, FLG_CONDICION, FLG_VISIBLE) VALUES (2, 36, 0, 1);
INSERT INTO BFP_CARTA_FIANZA.CON_ATRIBUTO(COD_CONSULTA, COD_ATRIBUTO, FLG_CONDICION, FLG_VISIBLE) VALUES (2, 37, 0, 1);
INSERT INTO BFP_CARTA_FIANZA.CON_ATRIBUTO(COD_CONSULTA, COD_ATRIBUTO, FLG_CONDICION, FLG_VISIBLE) VALUES (2, 38, 0, 1);
INSERT INTO BFP_CARTA_FIANZA.CON_ATRIBUTO(COD_CONSULTA, COD_ATRIBUTO, FLG_CONDICION, FLG_VISIBLE) VALUES (2, 39, 0, 1);
INSERT INTO BFP_CARTA_FIANZA.CON_ATRIBUTO(COD_CONSULTA, COD_ATRIBUTO, FLG_CONDICION, FLG_VISIBLE) VALUES (2, 40, 0, 1);
INSERT INTO BFP_CARTA_FIANZA.CON_ATRIBUTO(COD_CONSULTA, COD_ATRIBUTO, FLG_CONDICION, FLG_VISIBLE) VALUES (2, 41, 0, 1);
INSERT INTO BFP_CARTA_FIANZA.CON_ATRIBUTO(COD_CONSULTA, COD_ATRIBUTO, FLG_CONDICION, FLG_VISIBLE) VALUES (2, 42, 0, 1);
INSERT INTO BFP_CARTA_FIANZA.CON_ATRIBUTO(COD_CONSULTA, COD_ATRIBUTO, FLG_CONDICION, FLG_VISIBLE) VALUES (2, 43, 0, 1);
INSERT INTO BFP_CARTA_FIANZA.CON_ATRIBUTO(COD_CONSULTA, COD_ATRIBUTO, FLG_CONDICION, FLG_VISIBLE) VALUES (2, 44, 0, 1);
INSERT INTO BFP_CARTA_FIANZA.CON_ATRIBUTO(COD_CONSULTA, COD_ATRIBUTO, FLG_CONDICION, FLG_VISIBLE) VALUES (2, 45, 0, 1);
INSERT INTO BFP_CARTA_FIANZA.CON_ATRIBUTO(COD_CONSULTA, COD_ATRIBUTO, FLG_CONDICION, FLG_VISIBLE) VALUES (2, 46, 0, 1);
INSERT INTO BFP_CARTA_FIANZA.CON_ATRIBUTO(COD_CONSULTA, COD_ATRIBUTO, FLG_CONDICION, FLG_VISIBLE) VALUES (2, 47, 0, 1);
INSERT INTO BFP_CARTA_FIANZA.CON_ATRIBUTO(COD_CONSULTA, COD_ATRIBUTO, FLG_CONDICION, FLG_VISIBLE) VALUES (2, 48, 0, 1);
INSERT INTO BFP_CARTA_FIANZA.CON_ATRIBUTO(COD_CONSULTA, COD_ATRIBUTO, FLG_CONDICION, FLG_VISIBLE) VALUES (2, 49, 0, 1);
INSERT INTO BFP_CARTA_FIANZA.CON_ATRIBUTO(COD_CONSULTA, COD_ATRIBUTO, FLG_CONDICION, FLG_VISIBLE) VALUES (2, 50, 0, 1);
INSERT INTO BFP_CARTA_FIANZA.CON_ATRIBUTO(COD_CONSULTA, COD_ATRIBUTO, FLG_CONDICION, FLG_VISIBLE) VALUES (2, 51, 0, 1);
INSERT INTO BFP_CARTA_FIANZA.CON_ATRIBUTO(COD_CONSULTA, COD_ATRIBUTO, FLG_CONDICION, FLG_VISIBLE) VALUES (2, 52, 0, 1);
INSERT INTO BFP_CARTA_FIANZA.CON_ATRIBUTO(COD_CONSULTA, COD_ATRIBUTO, FLG_CONDICION, FLG_VISIBLE) VALUES (2, 53, 0, 1);
INSERT INTO BFP_CARTA_FIANZA.CON_ATRIBUTO(COD_CONSULTA, COD_ATRIBUTO, FLG_CONDICION, FLG_VISIBLE) VALUES (41, 1, 0, 1);
INSERT INTO BFP_CARTA_FIANZA.CON_ATRIBUTO(COD_CONSULTA, COD_ATRIBUTO, FLG_CONDICION, FLG_VISIBLE) VALUES (41, 2, 1, 1);
INSERT INTO BFP_CARTA_FIANZA.CON_ATRIBUTO(COD_CONSULTA, COD_ATRIBUTO, FLG_CONDICION, FLG_VISIBLE) VALUES (2, 56, 0, 1);
INSERT INTO BFP_CARTA_FIANZA.CON_ATRIBUTO(COD_CONSULTA, COD_ATRIBUTO, FLG_CONDICION, FLG_VISIBLE) VALUES (2, 57, 0, 1);
INSERT INTO BFP_CARTA_FIANZA.CON_ATRIBUTO(COD_CONSULTA, COD_ATRIBUTO, FLG_CONDICION, FLG_VISIBLE) VALUES (2, 96, 0, 1);
INSERT INTO BFP_CARTA_FIANZA.CON_ATRIBUTO(COD_CONSULTA, COD_ATRIBUTO, FLG_CONDICION, FLG_VISIBLE) VALUES (2, 97, 0, 1);
INSERT INTO BFP_CARTA_FIANZA.CON_ATRIBUTO(COD_CONSULTA, COD_ATRIBUTO, FLG_CONDICION, FLG_VISIBLE) VALUES (2, 98, 0, 1);
INSERT INTO BFP_CARTA_FIANZA.CON_ATRIBUTO(COD_CONSULTA, COD_ATRIBUTO, FLG_CONDICION, FLG_VISIBLE) VALUES (2, 99, 0, 1);
INSERT INTO BFP_CARTA_FIANZA.CON_ATRIBUTO(COD_CONSULTA, COD_ATRIBUTO, FLG_CONDICION, FLG_VISIBLE) VALUES (2, 70, 0, 1);
INSERT INTO BFP_CARTA_FIANZA.CON_ATRIBUTO(COD_CONSULTA, COD_ATRIBUTO, FLG_CONDICION, FLG_VISIBLE) VALUES (2, 71, 0, 1);
INSERT INTO BFP_CARTA_FIANZA.CON_ATRIBUTO(COD_CONSULTA, COD_ATRIBUTO, FLG_CONDICION, FLG_VISIBLE) VALUES (2, 72, 0, 1);
INSERT INTO BFP_CARTA_FIANZA.CON_ATRIBUTO(COD_CONSULTA, COD_ATRIBUTO, FLG_CONDICION, FLG_VISIBLE) VALUES (2, 73, 0, 1);
INSERT INTO BFP_CARTA_FIANZA.CON_ATRIBUTO(COD_CONSULTA, COD_ATRIBUTO, FLG_CONDICION, FLG_VISIBLE) VALUES (2, 74, 0, 1);
INSERT INTO BFP_CARTA_FIANZA.CON_ATRIBUTO(COD_CONSULTA, COD_ATRIBUTO, FLG_CONDICION, FLG_VISIBLE) VALUES (2, 75, 0, 1);
INSERT INTO BFP_CARTA_FIANZA.CON_ATRIBUTO(COD_CONSULTA, COD_ATRIBUTO, FLG_CONDICION, FLG_VISIBLE) VALUES (2, 76, 0, 1);
INSERT INTO BFP_CARTA_FIANZA.CON_ATRIBUTO(COD_CONSULTA, COD_ATRIBUTO, FLG_CONDICION, FLG_VISIBLE) VALUES (2, 300, 0, 1);
INSERT INTO BFP_CARTA_FIANZA.CON_ATRIBUTO(COD_CONSULTA, COD_ATRIBUTO, FLG_CONDICION, FLG_VISIBLE) VALUES (2, 301, 0, 1);
INSERT INTO BFP_CARTA_FIANZA.CON_ATRIBUTO(COD_CONSULTA, COD_ATRIBUTO, FLG_CONDICION, FLG_VISIBLE) VALUES (2, 303, 0, 1);
INSERT INTO BFP_CARTA_FIANZA.CON_ATRIBUTO(COD_CONSULTA, COD_ATRIBUTO, FLG_CONDICION, FLG_VISIBLE) VALUES (2, 304, 0, 1);
INSERT INTO BFP_CARTA_FIANZA.CON_ATRIBUTO(COD_CONSULTA, COD_ATRIBUTO, FLG_CONDICION, FLG_VISIBLE) VALUES (2, 305, 0, 1);
INSERT INTO BFP_CARTA_FIANZA.CON_ATRIBUTO(COD_CONSULTA, COD_ATRIBUTO, FLG_CONDICION, FLG_VISIBLE) VALUES (2, 306, 0, 1);
INSERT INTO BFP_CARTA_FIANZA.CON_ATRIBUTO(COD_CONSULTA, COD_ATRIBUTO, FLG_CONDICION, FLG_VISIBLE) VALUES (2, 307, 0, 1);
INSERT INTO BFP_CARTA_FIANZA.CON_ATRIBUTO(COD_CONSULTA, COD_ATRIBUTO, FLG_CONDICION, FLG_VISIBLE) VALUES (2, 308, 0, 1);
INSERT INTO BFP_CARTA_FIANZA.CON_ATRIBUTO(COD_CONSULTA, COD_ATRIBUTO, FLG_CONDICION, FLG_VISIBLE) VALUES (2, 309, 0, 1);
INSERT INTO BFP_CARTA_FIANZA.CON_ATRIBUTO(COD_CONSULTA, COD_ATRIBUTO, FLG_CONDICION, FLG_VISIBLE) VALUES (2, 310, 0, 1);
INSERT INTO BFP_CARTA_FIANZA.CON_ATRIBUTO(COD_CONSULTA, COD_ATRIBUTO, FLG_CONDICION, FLG_VISIBLE) VALUES (2, 400, 0, 1);
INSERT INTO BFP_CARTA_FIANZA.CON_ATRIBUTO(COD_CONSULTA, COD_ATRIBUTO, FLG_CONDICION, FLG_VISIBLE) VALUES (2, 401, 0, 1);
INSERT INTO BFP_CARTA_FIANZA.CON_ATRIBUTO(COD_CONSULTA, COD_ATRIBUTO, FLG_CONDICION, FLG_VISIBLE) VALUES (2, 402, 0, 1);
INSERT INTO BFP_CARTA_FIANZA.CON_ATRIBUTO(COD_CONSULTA, COD_ATRIBUTO, FLG_CONDICION, FLG_VISIBLE) VALUES (2, 403, 0, 1);
INSERT INTO BFP_CARTA_FIANZA.CON_ATRIBUTO(COD_CONSULTA, COD_ATRIBUTO, FLG_CONDICION, FLG_VISIBLE) VALUES (2, 404, 0, 1);
INSERT INTO BFP_CARTA_FIANZA.CON_ATRIBUTO(COD_CONSULTA, COD_ATRIBUTO, FLG_CONDICION, FLG_VISIBLE) VALUES (2, 405, 0, 1);
INSERT INTO BFP_CARTA_FIANZA.CON_ATRIBUTO(COD_CONSULTA, COD_ATRIBUTO, FLG_CONDICION, FLG_VISIBLE) VALUES (2, 406, 0, 1);
INSERT INTO BFP_CARTA_FIANZA.CON_ATRIBUTO(COD_CONSULTA, COD_ATRIBUTO, FLG_CONDICION, FLG_VISIBLE) VALUES (2, 500, 0, 1);
INSERT INTO BFP_CARTA_FIANZA.CON_ATRIBUTO(COD_CONSULTA, COD_ATRIBUTO, FLG_CONDICION, FLG_VISIBLE) VALUES (2, 501, 0, 1);
INSERT INTO BFP_CARTA_FIANZA.CON_ATRIBUTO(COD_CONSULTA, COD_ATRIBUTO, FLG_CONDICION, FLG_VISIBLE) VALUES (2, 502, 0, 1);
INSERT INTO BFP_CARTA_FIANZA.CON_ATRIBUTO(COD_CONSULTA, COD_ATRIBUTO, FLG_CONDICION, FLG_VISIBLE) VALUES (2, 503, 0, 1);
INSERT INTO BFP_CARTA_FIANZA.CON_ATRIBUTO(COD_CONSULTA, COD_ATRIBUTO, FLG_CONDICION, FLG_VISIBLE) VALUES (2, 504, 0, 1);
INSERT INTO BFP_CARTA_FIANZA.CON_ATRIBUTO(COD_CONSULTA, COD_ATRIBUTO, FLG_CONDICION, FLG_VISIBLE) VALUES (2, 505, 0, 1);
INSERT INTO BFP_CARTA_FIANZA.CON_ATRIBUTO(COD_CONSULTA, COD_ATRIBUTO, FLG_CONDICION, FLG_VISIBLE) VALUES (2, 506, 0, 1);
INSERT INTO BFP_CARTA_FIANZA.CON_ATRIBUTO(COD_CONSULTA, COD_ATRIBUTO, FLG_CONDICION, FLG_VISIBLE) VALUES (2, 508, 0, 1);
INSERT INTO BFP_CARTA_FIANZA.CON_ATRIBUTO(COD_CONSULTA, COD_ATRIBUTO, FLG_CONDICION, FLG_VISIBLE) VALUES (2, 509, 0, 1);
INSERT INTO BFP_CARTA_FIANZA.CON_ATRIBUTO(COD_CONSULTA, COD_ATRIBUTO, FLG_CONDICION, FLG_VISIBLE) VALUES (2, 601, 0, 1);
INSERT INTO BFP_CARTA_FIANZA.CON_ATRIBUTO(COD_CONSULTA, COD_ATRIBUTO, FLG_CONDICION, FLG_VISIBLE) VALUES (2, 709, 0, 1);
INSERT INTO BFP_CARTA_FIANZA.CON_ATRIBUTO(COD_CONSULTA, COD_ATRIBUTO, FLG_CONDICION, FLG_VISIBLE) VALUES (2, 512, 0, 1);
INSERT INTO BFP_CARTA_FIANZA.CON_ATRIBUTO(COD_CONSULTA, COD_ATRIBUTO, FLG_CONDICION, FLG_VISIBLE) VALUES (2, 513, 0, 1);
INSERT INTO BFP_CARTA_FIANZA.CON_ATRIBUTO(COD_CONSULTA, COD_ATRIBUTO, FLG_CONDICION, FLG_VISIBLE) VALUES (2, 514, 0, 1);
INSERT INTO BFP_CARTA_FIANZA.CON_ATRIBUTO(COD_CONSULTA, COD_ATRIBUTO, FLG_CONDICION, FLG_VISIBLE) VALUES (2, 515, 0, 1);
INSERT INTO BFP_CARTA_FIANZA.CON_ATRIBUTO(COD_CONSULTA, COD_ATRIBUTO, FLG_CONDICION, FLG_VISIBLE) VALUES (2, 58, 0, 1);
INSERT INTO BFP_CARTA_FIANZA.CON_ATRIBUTO(COD_CONSULTA, COD_ATRIBUTO, FLG_CONDICION, FLG_VISIBLE) VALUES (2, 517, 0, 1);
INSERT INTO BFP_CARTA_FIANZA.CON_ATRIBUTO(COD_CONSULTA, COD_ATRIBUTO, FLG_CONDICION, FLG_VISIBLE) VALUES (2, 708, 0, 1);
INSERT INTO BFP_CARTA_FIANZA.CON_ATRIBUTO(COD_CONSULTA, COD_ATRIBUTO, FLG_CONDICION, FLG_VISIBLE) VALUES (2, 519, 0, 1);
INSERT INTO BFP_CARTA_FIANZA.CON_ATRIBUTO(COD_CONSULTA, COD_ATRIBUTO, FLG_CONDICION, FLG_VISIBLE) VALUES (2, 520, 0, 1);
INSERT INTO BFP_CARTA_FIANZA.CON_ATRIBUTO(COD_CONSULTA, COD_ATRIBUTO, FLG_CONDICION, FLG_VISIBLE) VALUES (2, 521, 0, 1);
INSERT INTO BFP_CARTA_FIANZA.CON_ATRIBUTO(COD_CONSULTA, COD_ATRIBUTO, FLG_CONDICION, FLG_VISIBLE) VALUES (2, 700, 0, 1);
INSERT INTO BFP_CARTA_FIANZA.CON_ATRIBUTO(COD_CONSULTA, COD_ATRIBUTO, FLG_CONDICION, FLG_VISIBLE) VALUES (2, 701, 0, 1);
INSERT INTO BFP_CARTA_FIANZA.CON_ATRIBUTO(COD_CONSULTA, COD_ATRIBUTO, FLG_CONDICION, FLG_VISIBLE) VALUES (2, 702, 0, 1);
INSERT INTO BFP_CARTA_FIANZA.CON_ATRIBUTO(COD_CONSULTA, COD_ATRIBUTO, FLG_CONDICION, FLG_VISIBLE) VALUES (2, 703, 0, 1);
INSERT INTO BFP_CARTA_FIANZA.CON_ATRIBUTO(COD_CONSULTA, COD_ATRIBUTO, FLG_CONDICION, FLG_VISIBLE) VALUES (2, 704, 0, 1);
INSERT INTO BFP_CARTA_FIANZA.CON_ATRIBUTO(COD_CONSULTA, COD_ATRIBUTO, FLG_CONDICION, FLG_VISIBLE) VALUES (2, 705, 0, 1);
INSERT INTO BFP_CARTA_FIANZA.CON_ATRIBUTO(COD_CONSULTA, COD_ATRIBUTO, FLG_CONDICION, FLG_VISIBLE) VALUES (2, 706, 0, 1);
INSERT INTO BFP_CARTA_FIANZA.CON_ATRIBUTO(COD_CONSULTA, COD_ATRIBUTO, FLG_CONDICION, FLG_VISIBLE) VALUES (1, 500, 0, 1);
INSERT INTO BFP_CARTA_FIANZA.CON_ATRIBUTO(COD_CONSULTA, COD_ATRIBUTO, FLG_CONDICION, FLG_VISIBLE) VALUES (2, 710, 0, 1);
INSERT INTO BFP_CARTA_FIANZA.CON_ATRIBUTO(COD_CONSULTA, COD_ATRIBUTO, FLG_CONDICION, FLG_VISIBLE) VALUES (2, 522, 0, 1);
INSERT INTO BFP_CARTA_FIANZA.CON_ATRIBUTO(COD_CONSULTA, COD_ATRIBUTO, FLG_CONDICION, FLG_VISIBLE) VALUES (2, 523, 0, 1);
INSERT INTO BFP_CARTA_FIANZA.CON_ATRIBUTO(COD_CONSULTA, COD_ATRIBUTO, FLG_CONDICION, FLG_VISIBLE) VALUES (2, 312, 0, 1);
INSERT INTO BFP_CARTA_FIANZA.CON_ATRIBUTO(COD_CONSULTA, COD_ATRIBUTO, FLG_CONDICION, FLG_VISIBLE) VALUES (2, 313, 0, 1);
INSERT INTO BFP_CARTA_FIANZA.CON_ATRIBUTO(COD_CONSULTA, COD_ATRIBUTO, FLG_CONDICION, FLG_VISIBLE) VALUES (2, 801, 0, 1);
INSERT INTO BFP_CARTA_FIANZA.CON_ATRIBUTO(COD_CONSULTA, COD_ATRIBUTO, FLG_CONDICION, FLG_VISIBLE) VALUES (2, 802, 0, 1);
INSERT INTO BFP_CARTA_FIANZA.CON_ATRIBUTO(COD_CONSULTA, COD_ATRIBUTO, FLG_CONDICION, FLG_VISIBLE) VALUES (2, 804, 0, 1);
INSERT INTO BFP_CARTA_FIANZA.CON_ATRIBUTO(COD_CONSULTA, COD_ATRIBUTO, FLG_CONDICION, FLG_VISIBLE) VALUES (2, 805, 0, 1);
INSERT INTO BFP_CARTA_FIANZA.CON_ATRIBUTO(COD_CONSULTA, COD_ATRIBUTO, FLG_CONDICION, FLG_VISIBLE) VALUES (2, 806, 0, 1);
INSERT INTO BFP_CARTA_FIANZA.CON_ATRIBUTO(COD_CONSULTA, COD_ATRIBUTO, FLG_CONDICION, FLG_VISIBLE) VALUES (2, 815, 0, 1);
INSERT INTO BFP_CARTA_FIANZA.CON_ATRIBUTO(COD_CONSULTA, COD_ATRIBUTO, FLG_CONDICION, FLG_VISIBLE) VALUES (2, 800, 0, 1);
INSERT INTO BFP_CARTA_FIANZA.CON_ATRIBUTO(COD_CONSULTA, COD_ATRIBUTO, FLG_CONDICION, FLG_VISIBLE) VALUES (2, 816, 0, 1);
INSERT INTO BFP_CARTA_FIANZA.CON_ATRIBUTO(COD_CONSULTA, COD_ATRIBUTO, FLG_CONDICION, FLG_VISIBLE) VALUES (2, 85, 0, 1);
INSERT INTO BFP_CARTA_FIANZA.CON_ATRIBUTO(COD_CONSULTA, COD_ATRIBUTO, FLG_CONDICION, FLG_VISIBLE) VALUES (2, 84, 0, 1);
INSERT INTO BFP_CARTA_FIANZA.CON_ATRIBUTO(COD_CONSULTA, COD_ATRIBUTO, FLG_CONDICION, FLG_VISIBLE) VALUES (2, 89, 0, 1);
INSERT INTO BFP_CARTA_FIANZA.CON_ATRIBUTO(COD_CONSULTA, COD_ATRIBUTO, FLG_CONDICION, FLG_VISIBLE) VALUES (41, 508, 0, 1);
INSERT INTO BFP_CARTA_FIANZA.CON_ATRIBUTO(COD_CONSULTA, COD_ATRIBUTO, FLG_CONDICION, FLG_VISIBLE) VALUES (41, 5, 0, 1);
INSERT INTO BFP_CARTA_FIANZA.CON_ATRIBUTO(COD_CONSULTA, COD_ATRIBUTO, FLG_CONDICION, FLG_VISIBLE) VALUES (41, 97, 0, 1);
INSERT INTO BFP_CARTA_FIANZA.CON_ATRIBUTO(COD_CONSULTA, COD_ATRIBUTO, FLG_CONDICION, FLG_VISIBLE) VALUES (41, 71, 0, 1);
INSERT INTO BFP_CARTA_FIANZA.CON_ATRIBUTO(COD_CONSULTA, COD_ATRIBUTO, FLG_CONDICION, FLG_VISIBLE) VALUES (41, 18, 0, 1);
INSERT INTO BFP_CARTA_FIANZA.CON_ATRIBUTO(COD_CONSULTA, COD_ATRIBUTO, FLG_CONDICION, FLG_VISIBLE) VALUES (41, 74, 0, 1);
INSERT INTO BFP_CARTA_FIANZA.CON_ATRIBUTO(COD_CONSULTA, COD_ATRIBUTO, FLG_CONDICION, FLG_VISIBLE) VALUES (41, 79, 0, 1);
INSERT INTO BFP_CARTA_FIANZA.CON_ATRIBUTO(COD_CONSULTA, COD_ATRIBUTO, FLG_CONDICION, FLG_VISIBLE) VALUES (41, 501, 0, 1);
INSERT INTO BFP_CARTA_FIANZA.CON_ATRIBUTO(COD_CONSULTA, COD_ATRIBUTO, FLG_CONDICION, FLG_VISIBLE) VALUES (41, 502, 0, 1);
INSERT INTO BFP_CARTA_FIANZA.CON_ATRIBUTO(COD_CONSULTA, COD_ATRIBUTO, FLG_CONDICION, FLG_VISIBLE) VALUES (41, 506, 0, 1);
INSERT INTO BFP_CARTA_FIANZA.CON_ATRIBUTO(COD_CONSULTA, COD_ATRIBUTO, FLG_CONDICION, FLG_VISIBLE) VALUES (42, 1, 0, 1);
INSERT INTO BFP_CARTA_FIANZA.CON_ATRIBUTO(COD_CONSULTA, COD_ATRIBUTO, FLG_CONDICION, FLG_VISIBLE) VALUES (42, 2, 1, 1);
INSERT INTO BFP_CARTA_FIANZA.CON_ATRIBUTO(COD_CONSULTA, COD_ATRIBUTO, FLG_CONDICION, FLG_VISIBLE) VALUES (42, 3, 0, 1);
INSERT INTO BFP_CARTA_FIANZA.CON_ATRIBUTO(COD_CONSULTA, COD_ATRIBUTO, FLG_CONDICION, FLG_VISIBLE) VALUES (42, 4, 0, 1);
INSERT INTO BFP_CARTA_FIANZA.CON_ATRIBUTO(COD_CONSULTA, COD_ATRIBUTO, FLG_CONDICION, FLG_VISIBLE) VALUES (42, 5, 0, 1);
INSERT INTO BFP_CARTA_FIANZA.CON_ATRIBUTO(COD_CONSULTA, COD_ATRIBUTO, FLG_CONDICION, FLG_VISIBLE) VALUES (42, 96, 0, 1);
INSERT INTO BFP_CARTA_FIANZA.CON_ATRIBUTO(COD_CONSULTA, COD_ATRIBUTO, FLG_CONDICION, FLG_VISIBLE) VALUES (42, 97, 0, 1);
INSERT INTO BFP_CARTA_FIANZA.CON_ATRIBUTO(COD_CONSULTA, COD_ATRIBUTO, FLG_CONDICION, FLG_VISIBLE) VALUES (42, 500, 0, 1);
INSERT INTO BFP_CARTA_FIANZA.CON_ATRIBUTO(COD_CONSULTA, COD_ATRIBUTO, FLG_CONDICION, FLG_VISIBLE) VALUES (42, 501, 0, 1);
INSERT INTO BFP_CARTA_FIANZA.CON_ATRIBUTO(COD_CONSULTA, COD_ATRIBUTO, FLG_CONDICION, FLG_VISIBLE) VALUES (42, 502, 0, 1);
INSERT INTO BFP_CARTA_FIANZA.CON_ATRIBUTO(COD_CONSULTA, COD_ATRIBUTO, FLG_CONDICION, FLG_VISIBLE) VALUES (42, 503, 0, 1);
INSERT INTO BFP_CARTA_FIANZA.CON_ATRIBUTO(COD_CONSULTA, COD_ATRIBUTO, FLG_CONDICION, FLG_VISIBLE) VALUES (42, 506, 0, 1);
INSERT INTO BFP_CARTA_FIANZA.CON_ATRIBUTO(COD_CONSULTA, COD_ATRIBUTO, FLG_CONDICION, FLG_VISIBLE) VALUES (42, 508, 0, 1);
INSERT INTO BFP_CARTA_FIANZA.CON_ATRIBUTO(COD_CONSULTA, COD_ATRIBUTO, FLG_CONDICION, FLG_VISIBLE) VALUES (42, 509, 0, 1);
INSERT INTO BFP_CARTA_FIANZA.CON_ATRIBUTO(COD_CONSULTA, COD_ATRIBUTO, FLG_CONDICION, FLG_VISIBLE) VALUES (42, 512, 0, 1);
INSERT INTO BFP_CARTA_FIANZA.CON_ATRIBUTO(COD_CONSULTA, COD_ATRIBUTO, FLG_CONDICION, FLG_VISIBLE) VALUES (42, 513, 0, 1);
INSERT INTO BFP_CARTA_FIANZA.CON_ATRIBUTO(COD_CONSULTA, COD_ATRIBUTO, FLG_CONDICION, FLG_VISIBLE) VALUES (42, 514, 0, 1);
INSERT INTO BFP_CARTA_FIANZA.CON_ATRIBUTO(COD_CONSULTA, COD_ATRIBUTO, FLG_CONDICION, FLG_VISIBLE) VALUES (42, 515, 0, 1);
INSERT INTO BFP_CARTA_FIANZA.CON_ATRIBUTO(COD_CONSULTA, COD_ATRIBUTO, FLG_CONDICION, FLG_VISIBLE) VALUES (42, 517, 0, 1);
INSERT INTO BFP_CARTA_FIANZA.CON_ATRIBUTO(COD_CONSULTA, COD_ATRIBUTO, FLG_CONDICION, FLG_VISIBLE) VALUES (42, 519, 0, 1);
INSERT INTO BFP_CARTA_FIANZA.CON_ATRIBUTO(COD_CONSULTA, COD_ATRIBUTO, FLG_CONDICION, FLG_VISIBLE) VALUES (42, 520, 0, 1);
INSERT INTO BFP_CARTA_FIANZA.CON_ATRIBUTO(COD_CONSULTA, COD_ATRIBUTO, FLG_CONDICION, FLG_VISIBLE) VALUES (42, 521, 0, 1);
INSERT INTO BFP_CARTA_FIANZA.CON_ATRIBUTO(COD_CONSULTA, COD_ATRIBUTO, FLG_CONDICION, FLG_VISIBLE) VALUES (42, 522, 0, 1);
INSERT INTO BFP_CARTA_FIANZA.CON_ATRIBUTO(COD_CONSULTA, COD_ATRIBUTO, FLG_CONDICION, FLG_VISIBLE) VALUES (42, 523, 0, 1);
INSERT INTO BFP_CARTA_FIANZA.CON_ATRIBUTO(COD_CONSULTA, COD_ATRIBUTO, FLG_CONDICION, FLG_VISIBLE) VALUES (42, 92, 0, 1);
INSERT INTO BFP_CARTA_FIANZA.CON_ATRIBUTO(COD_CONSULTA, COD_ATRIBUTO, FLG_CONDICION, FLG_VISIBLE) VALUES (42, 93, 0, 1);
INSERT INTO BFP_CARTA_FIANZA.CON_ATRIBUTO(COD_CONSULTA, COD_ATRIBUTO, FLG_CONDICION, FLG_VISIBLE) VALUES (42, 800, 0, 1);
INSERT INTO BFP_CARTA_FIANZA.CON_ATRIBUTO(COD_CONSULTA, COD_ATRIBUTO, FLG_CONDICION, FLG_VISIBLE) VALUES (42, 801, 0, 1);
INSERT INTO BFP_CARTA_FIANZA.CON_ATRIBUTO(COD_CONSULTA, COD_ATRIBUTO, FLG_CONDICION, FLG_VISIBLE) VALUES (42, 802, 0, 1);
INSERT INTO BFP_CARTA_FIANZA.CON_ATRIBUTO(COD_CONSULTA, COD_ATRIBUTO, FLG_CONDICION, FLG_VISIBLE) VALUES (42, 804, 0, 1);
INSERT INTO BFP_CARTA_FIANZA.CON_ATRIBUTO(COD_CONSULTA, COD_ATRIBUTO, FLG_CONDICION, FLG_VISIBLE) VALUES (42, 805, 0, 1);
INSERT INTO BFP_CARTA_FIANZA.CON_ATRIBUTO(COD_CONSULTA, COD_ATRIBUTO, FLG_CONDICION, FLG_VISIBLE) VALUES (42, 806, 0, 1);
INSERT INTO BFP_CARTA_FIANZA.CON_ATRIBUTO(COD_CONSULTA, COD_ATRIBUTO, FLG_CONDICION, FLG_VISIBLE) VALUES (42, 815, 0, 1);
INSERT INTO BFP_CARTA_FIANZA.CON_ATRIBUTO(COD_CONSULTA, COD_ATRIBUTO, FLG_CONDICION, FLG_VISIBLE) VALUES (42, 816, 0, 1);
INSERT INTO BFP_CARTA_FIANZA.CON_ATRIBUTO(COD_CONSULTA, COD_ATRIBUTO, FLG_CONDICION, FLG_VISIBLE) VALUES (41, 500, 0, 1);
INSERT INTO BFP_CARTA_FIANZA.CON_ATRIBUTO(COD_CONSULTA, COD_ATRIBUTO, FLG_CONDICION, FLG_VISIBLE) VALUES (51, 1, 0, 1);
INSERT INTO BFP_CARTA_FIANZA.CON_ATRIBUTO(COD_CONSULTA, COD_ATRIBUTO, FLG_CONDICION, FLG_VISIBLE) VALUES (51, 2, 1, 1);
INSERT INTO BFP_CARTA_FIANZA.CON_ATRIBUTO(COD_CONSULTA, COD_ATRIBUTO, FLG_CONDICION, FLG_VISIBLE) VALUES (51, 5, 0, 1);
INSERT INTO BFP_CARTA_FIANZA.CON_ATRIBUTO(COD_CONSULTA, COD_ATRIBUTO, FLG_CONDICION, FLG_VISIBLE) VALUES (51, 18, 0, 1);
INSERT INTO BFP_CARTA_FIANZA.CON_ATRIBUTO(COD_CONSULTA, COD_ATRIBUTO, FLG_CONDICION, FLG_VISIBLE) VALUES (51, 71, 0, 1);
INSERT INTO BFP_CARTA_FIANZA.CON_ATRIBUTO(COD_CONSULTA, COD_ATRIBUTO, FLG_CONDICION, FLG_VISIBLE) VALUES (51, 74, 0, 1);
INSERT INTO BFP_CARTA_FIANZA.CON_ATRIBUTO(COD_CONSULTA, COD_ATRIBUTO, FLG_CONDICION, FLG_VISIBLE) VALUES (51, 79, 0, 1);
INSERT INTO BFP_CARTA_FIANZA.CON_ATRIBUTO(COD_CONSULTA, COD_ATRIBUTO, FLG_CONDICION, FLG_VISIBLE) VALUES (51, 97, 0, 1);
INSERT INTO BFP_CARTA_FIANZA.CON_ATRIBUTO(COD_CONSULTA, COD_ATRIBUTO, FLG_CONDICION, FLG_VISIBLE) VALUES (51, 500, 0, 1);
INSERT INTO BFP_CARTA_FIANZA.CON_ATRIBUTO(COD_CONSULTA, COD_ATRIBUTO, FLG_CONDICION, FLG_VISIBLE) VALUES (51, 501, 0, 1);
INSERT INTO BFP_CARTA_FIANZA.CON_ATRIBUTO(COD_CONSULTA, COD_ATRIBUTO, FLG_CONDICION, FLG_VISIBLE) VALUES (51, 502, 0, 1);
INSERT INTO BFP_CARTA_FIANZA.CON_ATRIBUTO(COD_CONSULTA, COD_ATRIBUTO, FLG_CONDICION, FLG_VISIBLE) VALUES (51, 506, 0, 1);
INSERT INTO BFP_CARTA_FIANZA.CON_ATRIBUTO(COD_CONSULTA, COD_ATRIBUTO, FLG_CONDICION, FLG_VISIBLE) VALUES (51, 508, 0, 1);
INSERT INTO BFP_CARTA_FIANZA.CON_ATRIBUTO(COD_CONSULTA, COD_ATRIBUTO, FLG_CONDICION, FLG_VISIBLE) VALUES (52, 1, 0, 1);
INSERT INTO BFP_CARTA_FIANZA.CON_ATRIBUTO(COD_CONSULTA, COD_ATRIBUTO, FLG_CONDICION, FLG_VISIBLE) VALUES (52, 2, 1, 1);
INSERT INTO BFP_CARTA_FIANZA.CON_ATRIBUTO(COD_CONSULTA, COD_ATRIBUTO, FLG_CONDICION, FLG_VISIBLE) VALUES (52, 3, 0, 1);
INSERT INTO BFP_CARTA_FIANZA.CON_ATRIBUTO(COD_CONSULTA, COD_ATRIBUTO, FLG_CONDICION, FLG_VISIBLE) VALUES (52, 4, 0, 1);
INSERT INTO BFP_CARTA_FIANZA.CON_ATRIBUTO(COD_CONSULTA, COD_ATRIBUTO, FLG_CONDICION, FLG_VISIBLE) VALUES (52, 5, 0, 1);
INSERT INTO BFP_CARTA_FIANZA.CON_ATRIBUTO(COD_CONSULTA, COD_ATRIBUTO, FLG_CONDICION, FLG_VISIBLE) VALUES (52, 92, 0, 1);
INSERT INTO BFP_CARTA_FIANZA.CON_ATRIBUTO(COD_CONSULTA, COD_ATRIBUTO, FLG_CONDICION, FLG_VISIBLE) VALUES (52, 93, 0, 1);
INSERT INTO BFP_CARTA_FIANZA.CON_ATRIBUTO(COD_CONSULTA, COD_ATRIBUTO, FLG_CONDICION, FLG_VISIBLE) VALUES (52, 96, 0, 1);
INSERT INTO BFP_CARTA_FIANZA.CON_ATRIBUTO(COD_CONSULTA, COD_ATRIBUTO, FLG_CONDICION, FLG_VISIBLE) VALUES (52, 97, 0, 1);
INSERT INTO BFP_CARTA_FIANZA.CON_ATRIBUTO(COD_CONSULTA, COD_ATRIBUTO, FLG_CONDICION, FLG_VISIBLE) VALUES (52, 500, 0, 1);
INSERT INTO BFP_CARTA_FIANZA.CON_ATRIBUTO(COD_CONSULTA, COD_ATRIBUTO, FLG_CONDICION, FLG_VISIBLE) VALUES (52, 502, 0, 1);
INSERT INTO BFP_CARTA_FIANZA.CON_ATRIBUTO(COD_CONSULTA, COD_ATRIBUTO, FLG_CONDICION, FLG_VISIBLE) VALUES (52, 503, 0, 1);
INSERT INTO BFP_CARTA_FIANZA.CON_ATRIBUTO(COD_CONSULTA, COD_ATRIBUTO, FLG_CONDICION, FLG_VISIBLE) VALUES (52, 506, 0, 1);
INSERT INTO BFP_CARTA_FIANZA.CON_ATRIBUTO(COD_CONSULTA, COD_ATRIBUTO, FLG_CONDICION, FLG_VISIBLE) VALUES (52, 508, 0, 1);
INSERT INTO BFP_CARTA_FIANZA.CON_ATRIBUTO(COD_CONSULTA, COD_ATRIBUTO, FLG_CONDICION, FLG_VISIBLE) VALUES (52, 509, 0, 1);
INSERT INTO BFP_CARTA_FIANZA.CON_ATRIBUTO(COD_CONSULTA, COD_ATRIBUTO, FLG_CONDICION, FLG_VISIBLE) VALUES (52, 512, 0, 1);
INSERT INTO BFP_CARTA_FIANZA.CON_ATRIBUTO(COD_CONSULTA, COD_ATRIBUTO, FLG_CONDICION, FLG_VISIBLE) VALUES (52, 513, 0, 1);
INSERT INTO BFP_CARTA_FIANZA.CON_ATRIBUTO(COD_CONSULTA, COD_ATRIBUTO, FLG_CONDICION, FLG_VISIBLE) VALUES (52, 514, 0, 1);
INSERT INTO BFP_CARTA_FIANZA.CON_ATRIBUTO(COD_CONSULTA, COD_ATRIBUTO, FLG_CONDICION, FLG_VISIBLE) VALUES (52, 515, 0, 1);
INSERT INTO BFP_CARTA_FIANZA.CON_ATRIBUTO(COD_CONSULTA, COD_ATRIBUTO, FLG_CONDICION, FLG_VISIBLE) VALUES (52, 517, 0, 1);
INSERT INTO BFP_CARTA_FIANZA.CON_ATRIBUTO(COD_CONSULTA, COD_ATRIBUTO, FLG_CONDICION, FLG_VISIBLE) VALUES (52, 519, 0, 1);
INSERT INTO BFP_CARTA_FIANZA.CON_ATRIBUTO(COD_CONSULTA, COD_ATRIBUTO, FLG_CONDICION, FLG_VISIBLE) VALUES (52, 520, 0, 1);
INSERT INTO BFP_CARTA_FIANZA.CON_ATRIBUTO(COD_CONSULTA, COD_ATRIBUTO, FLG_CONDICION, FLG_VISIBLE) VALUES (52, 521, 0, 1);
INSERT INTO BFP_CARTA_FIANZA.CON_ATRIBUTO(COD_CONSULTA, COD_ATRIBUTO, FLG_CONDICION, FLG_VISIBLE) VALUES (52, 522, 0, 1);
INSERT INTO BFP_CARTA_FIANZA.CON_ATRIBUTO(COD_CONSULTA, COD_ATRIBUTO, FLG_CONDICION, FLG_VISIBLE) VALUES (52, 523, 0, 1);
INSERT INTO BFP_CARTA_FIANZA.CON_ATRIBUTO(COD_CONSULTA, COD_ATRIBUTO, FLG_CONDICION, FLG_VISIBLE) VALUES (52, 1400, 0, 1);
INSERT INTO BFP_CARTA_FIANZA.CON_ATRIBUTO(COD_CONSULTA, COD_ATRIBUTO, FLG_CONDICION, FLG_VISIBLE) VALUES (52, 1401, 0, 1);
INSERT INTO BFP_CARTA_FIANZA.CON_ATRIBUTO(COD_CONSULTA, COD_ATRIBUTO, FLG_CONDICION, FLG_VISIBLE) VALUES (52, 1402, 0, 1);
INSERT INTO BFP_CARTA_FIANZA.CON_ATRIBUTO(COD_CONSULTA, COD_ATRIBUTO, FLG_CONDICION, FLG_VISIBLE) VALUES (52, 1403, 0, 1);
INSERT INTO BFP_CARTA_FIANZA.CON_ATRIBUTO(COD_CONSULTA, COD_ATRIBUTO, FLG_CONDICION, FLG_VISIBLE) VALUES (52, 1404, 0, 1);
INSERT INTO BFP_CARTA_FIANZA.CON_ATRIBUTO(COD_CONSULTA, COD_ATRIBUTO, FLG_CONDICION, FLG_VISIBLE) VALUES (52, 1405, 0, 1);
INSERT INTO BFP_CARTA_FIANZA.CON_ATRIBUTO(COD_CONSULTA, COD_ATRIBUTO, FLG_CONDICION, FLG_VISIBLE) VALUES (52, 1406, 0, 1);
INSERT INTO BFP_CARTA_FIANZA.CON_ATRIBUTO(COD_CONSULTA, COD_ATRIBUTO, FLG_CONDICION, FLG_VISIBLE) VALUES (52, 1407, 0, 1);
INSERT INTO BFP_CARTA_FIANZA.CON_ATRIBUTO(COD_CONSULTA, COD_ATRIBUTO, FLG_CONDICION, FLG_VISIBLE) VALUES (52, 1408, 0, 1);
INSERT INTO BFP_CARTA_FIANZA.CON_ATRIBUTO(COD_CONSULTA, COD_ATRIBUTO, FLG_CONDICION, FLG_VISIBLE) VALUES (52, 1409, 0, 1);
INSERT INTO BFP_CARTA_FIANZA.CON_ATRIBUTO(COD_CONSULTA, COD_ATRIBUTO, FLG_CONDICION, FLG_VISIBLE) VALUES (52, 1411, 0, 1);
INSERT INTO BFP_CARTA_FIANZA.CON_ATRIBUTO(COD_CONSULTA, COD_ATRIBUTO, FLG_CONDICION, FLG_VISIBLE) VALUES (52, 1412, 0, 1);
INSERT INTO BFP_CARTA_FIANZA.CON_ATRIBUTO(COD_CONSULTA, COD_ATRIBUTO, FLG_CONDICION, FLG_VISIBLE) VALUES (52, 1413, 0, 1);
INSERT INTO BFP_CARTA_FIANZA.CON_ATRIBUTO(COD_CONSULTA, COD_ATRIBUTO, FLG_CONDICION, FLG_VISIBLE) VALUES (52, 1414, 0, 1);
INSERT INTO BFP_CARTA_FIANZA.CON_ATRIBUTO(COD_CONSULTA, COD_ATRIBUTO, FLG_CONDICION, FLG_VISIBLE) VALUES (52, 1415, 0, 1);
INSERT INTO BFP_CARTA_FIANZA.CON_ATRIBUTO(COD_CONSULTA, COD_ATRIBUTO, FLG_CONDICION, FLG_VISIBLE) VALUES (52, 1416, 0, 1);
INSERT INTO BFP_CARTA_FIANZA.CON_ATRIBUTO(COD_CONSULTA, COD_ATRIBUTO, FLG_CONDICION, FLG_VISIBLE) VALUES (52, 1417, 0, 1);
INSERT INTO BFP_CARTA_FIANZA.CON_ATRIBUTO(COD_CONSULTA, COD_ATRIBUTO, FLG_CONDICION, FLG_VISIBLE) VALUES (52, 1418, 0, 1);
INSERT INTO BFP_CARTA_FIANZA.CON_ATRIBUTO(COD_CONSULTA, COD_ATRIBUTO, FLG_CONDICION, FLG_VISIBLE) VALUES (52, 1419, 0, 1);
INSERT INTO BFP_CARTA_FIANZA.CON_ATRIBUTO(COD_CONSULTA, COD_ATRIBUTO, FLG_CONDICION, FLG_VISIBLE) VALUES (52, 1420, 0, 1);
INSERT INTO BFP_CARTA_FIANZA.CON_ATRIBUTO(COD_CONSULTA, COD_ATRIBUTO, FLG_CONDICION, FLG_VISIBLE) VALUES (52, 1421, 0, 1);
INSERT INTO BFP_CARTA_FIANZA.CON_ATRIBUTO(COD_CONSULTA, COD_ATRIBUTO, FLG_CONDICION, FLG_VISIBLE) VALUES (52, 1422, 0, 1);
INSERT INTO BFP_CARTA_FIANZA.CON_ATRIBUTO(COD_CONSULTA, COD_ATRIBUTO, FLG_CONDICION, FLG_VISIBLE) VALUES (52, 1423, 0, 1);
INSERT INTO BFP_CARTA_FIANZA.CON_ATRIBUTO(COD_CONSULTA, COD_ATRIBUTO, FLG_CONDICION, FLG_VISIBLE) VALUES (52, 700, 0, 1);
INSERT INTO BFP_CARTA_FIANZA.CON_ATRIBUTO(COD_CONSULTA, COD_ATRIBUTO, FLG_CONDICION, FLG_VISIBLE) VALUES (52, 701, 0, 1);
INSERT INTO BFP_CARTA_FIANZA.CON_ATRIBUTO(COD_CONSULTA, COD_ATRIBUTO, FLG_CONDICION, FLG_VISIBLE) VALUES (52, 702, 0, 1);
INSERT INTO BFP_CARTA_FIANZA.CON_ATRIBUTO(COD_CONSULTA, COD_ATRIBUTO, FLG_CONDICION, FLG_VISIBLE) VALUES (52, 703, 0, 1);
INSERT INTO BFP_CARTA_FIANZA.CON_ATRIBUTO(COD_CONSULTA, COD_ATRIBUTO, FLG_CONDICION, FLG_VISIBLE) VALUES (52, 704, 0, 1);
INSERT INTO BFP_CARTA_FIANZA.CON_ATRIBUTO(COD_CONSULTA, COD_ATRIBUTO, FLG_CONDICION, FLG_VISIBLE) VALUES (52, 705, 0, 1);
INSERT INTO BFP_CARTA_FIANZA.CON_ATRIBUTO(COD_CONSULTA, COD_ATRIBUTO, FLG_CONDICION, FLG_VISIBLE) VALUES (52, 706, 0, 1);
INSERT INTO BFP_CARTA_FIANZA.CON_ATRIBUTO(COD_CONSULTA, COD_ATRIBUTO, FLG_CONDICION, FLG_VISIBLE) VALUES (52, 708, 0, 1);
INSERT INTO BFP_CARTA_FIANZA.CON_ATRIBUTO(COD_CONSULTA, COD_ATRIBUTO, FLG_CONDICION, FLG_VISIBLE) VALUES (52, 709, 0, 1);
INSERT INTO BFP_CARTA_FIANZA.CON_ATRIBUTO(COD_CONSULTA, COD_ATRIBUTO, FLG_CONDICION, FLG_VISIBLE) VALUES (52, 710, 0, 1);
INSERT INTO BFP_CARTA_FIANZA.CON_TABLA(COD_CONSULTA, COD_TABLA, FK, FLG_UNO_MUCHOS, COD_TAB_PADRE) VALUES (1, 1, 0, 0, 1);
INSERT INTO BFP_CARTA_FIANZA.CON_TABLA(COD_CONSULTA, COD_TABLA, FK, FLG_UNO_MUCHOS, COD_TAB_PADRE) VALUES (2, 5, 1, 0, 1);
INSERT INTO BFP_CARTA_FIANZA.CON_TABLA(COD_CONSULTA, COD_TABLA, FK, FLG_UNO_MUCHOS, COD_TAB_PADRE) VALUES (1, 5, 1, 0, 1);
INSERT INTO BFP_CARTA_FIANZA.CON_TABLA(COD_CONSULTA, COD_TABLA, FK, FLG_UNO_MUCHOS, COD_TAB_PADRE) VALUES (2, 1, 0, 0, 1);
INSERT INTO BFP_CARTA_FIANZA.CON_TABLA(COD_CONSULTA, COD_TABLA, FK, FLG_UNO_MUCHOS, COD_TAB_PADRE) VALUES (2, 3, 1, 0, 1);
INSERT INTO BFP_CARTA_FIANZA.CON_TABLA(COD_CONSULTA, COD_TABLA, FK, FLG_UNO_MUCHOS, COD_TAB_PADRE) VALUES (2, 4, 1, 1, 1);
INSERT INTO BFP_CARTA_FIANZA.CON_TABLA(COD_CONSULTA, COD_TABLA, FK, FLG_UNO_MUCHOS, COD_TAB_PADRE) VALUES (2, 7, 1, 0, 1);
INSERT INTO BFP_CARTA_FIANZA.CON_TABLA(COD_CONSULTA, COD_TABLA, FK, FLG_UNO_MUCHOS, COD_TAB_PADRE) VALUES (2, 8, 1, 1, 1);
INSERT INTO BFP_CARTA_FIANZA.CON_TABLA(COD_CONSULTA, COD_TABLA, FK, FLG_UNO_MUCHOS, COD_TAB_PADRE) VALUES (41, 1, 0, 0, 1);
INSERT INTO BFP_CARTA_FIANZA.CON_TABLA(COD_CONSULTA, COD_TABLA, FK, FLG_UNO_MUCHOS, COD_TAB_PADRE) VALUES (41, 5, 1, 0, 1);
INSERT INTO BFP_CARTA_FIANZA.CON_TABLA(COD_CONSULTA, COD_TABLA, FK, FLG_UNO_MUCHOS, COD_TAB_PADRE) VALUES (42, 1, 0, 0, 1);
INSERT INTO BFP_CARTA_FIANZA.CON_TABLA(COD_CONSULTA, COD_TABLA, FK, FLG_UNO_MUCHOS, COD_TAB_PADRE) VALUES (42, 5, 1, 0, 1);
INSERT INTO BFP_CARTA_FIANZA.CON_TABLA(COD_CONSULTA, COD_TABLA, FK, FLG_UNO_MUCHOS, COD_TAB_PADRE) VALUES (42, 8, 1, 1, 1);
INSERT INTO BFP_CARTA_FIANZA.CON_TABLA(COD_CONSULTA, COD_TABLA, FK, FLG_UNO_MUCHOS, COD_TAB_PADRE) VALUES (51, 1, 0, 0, 1);
INSERT INTO BFP_CARTA_FIANZA.CON_TABLA(COD_CONSULTA, COD_TABLA, FK, FLG_UNO_MUCHOS, COD_TAB_PADRE) VALUES (51, 5, 1, 0, 1);
INSERT INTO BFP_CARTA_FIANZA.CON_TABLA(COD_CONSULTA, COD_TABLA, FK, FLG_UNO_MUCHOS, COD_TAB_PADRE) VALUES (52, 1, 0, 0, 1);
INSERT INTO BFP_CARTA_FIANZA.CON_TABLA(COD_CONSULTA, COD_TABLA, FK, FLG_UNO_MUCHOS, COD_TAB_PADRE) VALUES (52, 5, 1, 0, 1);
INSERT INTO BFP_CARTA_FIANZA.CON_TABLA(COD_CONSULTA, COD_TABLA, FK, FLG_UNO_MUCHOS, COD_TAB_PADRE) VALUES (52, 14, 1, 0, 1);
INSERT INTO BFP_CARTA_FIANZA.CON_TABLA(COD_CONSULTA, COD_TABLA, FK, FLG_UNO_MUCHOS, COD_TAB_PADRE) VALUES (52, 7, 1, 0, 1);
INSERT INTO BFP_CARTA_FIANZA.EQUIPO(COD_PROYECTO, COD_USUARIO, ES_RESPONSABLE, CARPETA_DESTINO_WORKSPACE, CARPETA_DESTINO_PARCIAL) VALUES (1, 'OSCHUP', 1, 'D:\oscar\Compartido\generadoData', 'D:\oscar\Compartido\generadoData');
INSERT INTO BFP_CARTA_FIANZA.MAE_PRODUCTO(COD_PRODUCTO, COD_UNI_NEGOCIO, NOMBRE) VALUES ('CF', 'BE', 'CARTA FIANZA');
INSERT INTO BFP_CARTA_FIANZA.MAE_UNI_NEGOCIO(COD_UNI_NEGOCIO, NOMBRE) VALUES ('BE', 'BANCA EMPRESA');
INSERT INTO BFP_CARTA_FIANZA.OBJ_BPM(COD_OBJ_BPM, NOMBRE, COD_PROYECTO, FLG_PADRE, COD_TABLA) VALUES (1, 'solicitud', 1, 1, 1);
INSERT INTO BFP_CARTA_FIANZA.OBJ_BPM(COD_OBJ_BPM, NOMBRE, COD_PROYECTO, FLG_PADRE, COD_TABLA) VALUES (2, 'accion', 1, 1, 1);
INSERT INTO BFP_CARTA_FIANZA.OBJ_BPM(COD_OBJ_BPM, NOMBRE, COD_PROYECTO, FLG_PADRE, COD_TABLA) VALUES (3, 'linea', 1, 0, 3);
INSERT INTO BFP_CARTA_FIANZA.OBJ_BPM(COD_OBJ_BPM, NOMBRE, COD_PROYECTO, FLG_PADRE, COD_TABLA) VALUES (4, 'riesgo', 1, 0, 4);
INSERT INTO BFP_CARTA_FIANZA.OBJ_BPM(COD_OBJ_BPM, NOMBRE, COD_PROYECTO, FLG_PADRE, COD_TABLA) VALUES (5, 'cliente', 1, 0, 5);
INSERT INTO BFP_CARTA_FIANZA.OBJ_BPM(COD_OBJ_BPM, NOMBRE, COD_PROYECTO, FLG_PADRE, COD_TABLA) VALUES (7, 'cuenta', 1, 0, 7);
INSERT INTO BFP_CARTA_FIANZA.OBJ_BPM(COD_OBJ_BPM, NOMBRE, COD_PROYECTO, FLG_PADRE, COD_TABLA) VALUES (8, 'ComisionEvento', 1, 0, 8);
INSERT INTO BFP_CARTA_FIANZA.OBJ_BPM(COD_OBJ_BPM, NOMBRE, COD_PROYECTO, FLG_PADRE, COD_TABLA) VALUES (14, 'cartaFianza', 1, 0, 14);
INSERT INTO BFP_CARTA_FIANZA.PROCESO(COD_PROCESO, COD_PROYECTO, INF_NOMBRE, COD_UNI_NEGOCIO, COD_PRODUCTO, INF_SUFIJO, BPM_PLANTILLA, BPM_ACT_INICIO, JAV_PAQUETE, JAV_CLASE, JAV_ALE_PROCESO, JAV_DATASOURCE, COD_CON_RESUMEN, COD_CON_DETALLE, JAV_DOC_SEQUENCE) VALUES (1, 1, 'BE - EMISION DE CARTA FIANZA', 'BE', 'CF', 'BECFEM', 'BECF_Emision_v1', 0, 'pe.com.financiero.bpm.cf.procesos', 'EmisionCartaFianzaV1', 'EmisionCartaFianzaV1', 'jdbc/cartaFianza', 1, 2, 'SQ_BFCFT_DOCUMENTO_NUMERO_SECUENCIA');
INSERT INTO BFP_CARTA_FIANZA.PROCESO(COD_PROCESO, COD_PROYECTO, INF_NOMBRE, COD_UNI_NEGOCIO, COD_PRODUCTO, INF_SUFIJO, BPM_PLANTILLA, BPM_ACT_INICIO, JAV_PAQUETE, JAV_CLASE, JAV_ALE_PROCESO, JAV_DATASOURCE, COD_CON_RESUMEN, COD_CON_DETALLE, JAV_DOC_SEQUENCE) VALUES (4, 1, 'BE - CAMBIO DE ESTADO DE CARTA FIANZA', 'BE', 'CF', 'BECFCE', 'BECF_CambioEstado_v1', 0, 'pe.com.financiero.bpm.cf.procesos', 'CambioEstadoCartaFianzaV1', 'CambioEstadoCartaFianzaV1', 'jdbc/cartaFianza', 41, 42, 'SQ_BFCFT_DOCUMENTO_NUMERO_SECUENCIA');
INSERT INTO BFP_CARTA_FIANZA.PROCESO(COD_PROCESO, COD_PROYECTO, INF_NOMBRE, COD_UNI_NEGOCIO, COD_PRODUCTO, INF_SUFIJO, BPM_PLANTILLA, BPM_ACT_INICIO, JAV_PAQUETE, JAV_CLASE, JAV_ALE_PROCESO, JAV_DATASOURCE, COD_CON_RESUMEN, COD_CON_DETALLE, JAV_DOC_SEQUENCE) VALUES (2, 1, 'BE - MODIFICACIÓN DE CARTA FIANZA', 'BE', 'CF', 'BECFMO', 'BECF_Modificacion_v1', 0, 'pe.com.financiero.bpm.cf.procesos', 'ModificacionCartaFianzaV1', 'ModificacionCartaFianzaV1', 'jdbc/cartaFianza', 1, 2, 'SQ_BFCFT_DOCUMENTO_NUMERO_SECUENCIA');
INSERT INTO BFP_CARTA_FIANZA.PROCESO(COD_PROCESO, COD_PROYECTO, INF_NOMBRE, COD_UNI_NEGOCIO, COD_PRODUCTO, INF_SUFIJO, BPM_PLANTILLA, BPM_ACT_INICIO, JAV_PAQUETE, JAV_CLASE, JAV_ALE_PROCESO, JAV_DATASOURCE, COD_CON_RESUMEN, COD_CON_DETALLE, JAV_DOC_SEQUENCE) VALUES (3, 1, 'BE - RENOVACIÓN DE CARTA FIANZA', 'BE', 'CF', 'BECFRE', 'BECF_Renovacion_v1', 0, 'pe.com.financiero.bpm.cf.procesos', 'RenovacionCartaFianzaV1', 'RenovacionCartaFianzaV1', 'jdbc/cartaFianza', 1, 2, 'SQ_BFCFT_DOCUMENTO_NUMERO_SECUENCIA');
INSERT INTO BFP_CARTA_FIANZA.PROCESO(COD_PROCESO, COD_PROYECTO, INF_NOMBRE, COD_UNI_NEGOCIO, COD_PRODUCTO, INF_SUFIJO, BPM_PLANTILLA, BPM_ACT_INICIO, JAV_PAQUETE, JAV_CLASE, JAV_ALE_PROCESO, JAV_DATASOURCE, COD_CON_RESUMEN, COD_CON_DETALLE, JAV_DOC_SEQUENCE) VALUES (5, 1, 'BE - CANCELACIÓN DE CARTA FIANZA', 'BE', 'CF', 'BECFCA', 'BECF_Cancelacion_v1', 0, 'pe.com.financiero.bpm.cf.procesos', 'CancelacionCartaFianzaV1', 'CancelacionCartaFianzaV1', 'jdbc/cartaFianza', 1, 2, 'SQ_BFCFT_DOCUMENTO_NUMERO_SECUENCIA');
INSERT INTO BFP_CARTA_FIANZA.PROCESO(COD_PROCESO, COD_PROYECTO, INF_NOMBRE, COD_UNI_NEGOCIO, COD_PRODUCTO, INF_SUFIJO, BPM_PLANTILLA, BPM_ACT_INICIO, JAV_PAQUETE, JAV_CLASE, JAV_ALE_PROCESO, JAV_DATASOURCE, COD_CON_RESUMEN, COD_CON_DETALLE, JAV_DOC_SEQUENCE) VALUES (6, 1, 'BE - EJECUCIÓN DE CARTA FIANZA', 'BE', 'CF', 'BECFEJ', 'BECF_Ejecucion_v1', 0, 'pe.com.financiero.bpm.cf.procesos', 'EjecucionCartaFianzaV1', 'EjecucionCartaFianzaV1', 'jdbc/cartaFianza', 1, 2, 'SQ_BFCFT_DOCUMENTO_NUMERO_SECUENCIA');
INSERT INTO BFP_CARTA_FIANZA.PROYECTO(COD_PROYECTO, NOMBRE, JAV_PRO_LIBRERIA, JAV_PRO_EJB, JAV_PRO_CLI_EJB, JAV_PRO_WEB, JAV_PAQUETE, JAV_PAQ_CONTROLADOR, JAV_PRE_CONTROLADOR, JAV_PRO_EJB_EXT) VALUES (1, 'Workflow de Carta Fianza', 'CartaFianzaLib', 'CartaFianzaEJB', 'CartaFianzaEJBClient', 'CartaFianza', 'pe.com.financiero.bpm.cf', 'pe.com.financiero.bpm.cf.controller', 'CF', 'CartaFianzaEJBExt');
INSERT INTO BFP_CARTA_FIANZA.PRO_INI_ATRIBUTO(COD_PROCESO, COD_ATRIBUTO, BPM_FLG_ENTRADA, BPM_OBJ_REFERENCIA, BPM_FLG_PIID, WEB_FLG_REFERENCIA, WEB_FLG_VALIDACION, WEB_MEN_VALIDACION, WEB_VAL_OMISION, WEB_REQUERIDO, WEB_NOM_CAT_COMBO, SQL_FLG_AUTOGENERADO, SQL_NOM_SECUENCIAL, COD_PROYECTO) VALUES (1, 1, 1, null, 1, 0, 0, null, null, 0, null, 1, 'SQ_BFCFT_SOLICITUD_NUMERO_SECUENCIA', 1);
INSERT INTO BFP_CARTA_FIANZA.PRO_INI_ATRIBUTO(COD_PROCESO, COD_ATRIBUTO, BPM_FLG_ENTRADA, BPM_OBJ_REFERENCIA, BPM_FLG_PIID, WEB_FLG_REFERENCIA, WEB_FLG_VALIDACION, WEB_MEN_VALIDACION, WEB_VAL_OMISION, WEB_REQUERIDO, WEB_NOM_CAT_COMBO, SQL_FLG_AUTOGENERADO, SQL_NOM_SECUENCIAL, COD_PROYECTO) VALUES (1, 2, 0, null, 0, 0, 0, null, null, 0, null, 0, '', 1);
INSERT INTO BFP_CARTA_FIANZA.PRO_INI_ATRIBUTO(COD_PROCESO, COD_ATRIBUTO, BPM_FLG_ENTRADA, BPM_OBJ_REFERENCIA, BPM_FLG_PIID, WEB_FLG_REFERENCIA, WEB_FLG_VALIDACION, WEB_MEN_VALIDACION, WEB_VAL_OMISION, WEB_REQUERIDO, WEB_NOM_CAT_COMBO, SQL_FLG_AUTOGENERADO, SQL_NOM_SECUENCIAL, COD_PROYECTO) VALUES (1, 17, 1, null, 0, 0, 1, null, null, 0, null, 0, null, 1);
INSERT INTO BFP_CARTA_FIANZA.PRO_INI_ATRIBUTO(COD_PROCESO, COD_ATRIBUTO, BPM_FLG_ENTRADA, BPM_OBJ_REFERENCIA, BPM_FLG_PIID, WEB_FLG_REFERENCIA, WEB_FLG_VALIDACION, WEB_MEN_VALIDACION, WEB_VAL_OMISION, WEB_REQUERIDO, WEB_NOM_CAT_COMBO, SQL_FLG_AUTOGENERADO, SQL_NOM_SECUENCIAL, COD_PROYECTO) VALUES (1, 14, 1, null, 0, 0, 1, null, null, 0, null, 0, null, 1);
INSERT INTO BFP_CARTA_FIANZA.PRO_INI_ATRIBUTO(COD_PROCESO, COD_ATRIBUTO, BPM_FLG_ENTRADA, BPM_OBJ_REFERENCIA, BPM_FLG_PIID, WEB_FLG_REFERENCIA, WEB_FLG_VALIDACION, WEB_MEN_VALIDACION, WEB_VAL_OMISION, WEB_REQUERIDO, WEB_NOM_CAT_COMBO, SQL_FLG_AUTOGENERADO, SQL_NOM_SECUENCIAL, COD_PROYECTO) VALUES (1, 16, 1, null, 0, 0, 1, null, null, 0, null, 0, null, 1);
INSERT INTO BFP_CARTA_FIANZA.PRO_INI_ATRIBUTO(COD_PROCESO, COD_ATRIBUTO, BPM_FLG_ENTRADA, BPM_OBJ_REFERENCIA, BPM_FLG_PIID, WEB_FLG_REFERENCIA, WEB_FLG_VALIDACION, WEB_MEN_VALIDACION, WEB_VAL_OMISION, WEB_REQUERIDO, WEB_NOM_CAT_COMBO, SQL_FLG_AUTOGENERADO, SQL_NOM_SECUENCIAL, COD_PROYECTO) VALUES (1, 501, 1, null, 1, 0, 1, null, null, 0, null, 0, null, 1);
INSERT INTO BFP_CARTA_FIANZA.PRO_INI_ATRIBUTO(COD_PROCESO, COD_ATRIBUTO, BPM_FLG_ENTRADA, BPM_OBJ_REFERENCIA, BPM_FLG_PIID, WEB_FLG_REFERENCIA, WEB_FLG_VALIDACION, WEB_MEN_VALIDACION, WEB_VAL_OMISION, WEB_REQUERIDO, WEB_NOM_CAT_COMBO, SQL_FLG_AUTOGENERADO, SQL_NOM_SECUENCIAL, COD_PROYECTO) VALUES (1, 502, 1, null, 1, 0, 1, null, null, 0, null, 0, null, 1);
INSERT INTO BFP_CARTA_FIANZA.PRO_INI_ATRIBUTO(COD_PROCESO, COD_ATRIBUTO, BPM_FLG_ENTRADA, BPM_OBJ_REFERENCIA, BPM_FLG_PIID, WEB_FLG_REFERENCIA, WEB_FLG_VALIDACION, WEB_MEN_VALIDACION, WEB_VAL_OMISION, WEB_REQUERIDO, WEB_NOM_CAT_COMBO, SQL_FLG_AUTOGENERADO, SQL_NOM_SECUENCIAL, COD_PROYECTO) VALUES (1, 503, 1, null, 0, 0, 1, null, null, 0, null, 0, null, 1);
INSERT INTO BFP_CARTA_FIANZA.PRO_INI_ATRIBUTO(COD_PROCESO, COD_ATRIBUTO, BPM_FLG_ENTRADA, BPM_OBJ_REFERENCIA, BPM_FLG_PIID, WEB_FLG_REFERENCIA, WEB_FLG_VALIDACION, WEB_MEN_VALIDACION, WEB_VAL_OMISION, WEB_REQUERIDO, WEB_NOM_CAT_COMBO, SQL_FLG_AUTOGENERADO, SQL_NOM_SECUENCIAL, COD_PROYECTO) VALUES (1, 301, 1, null, 0, 0, 1, null, null, 0, null, 0, null, 1);
INSERT INTO BFP_CARTA_FIANZA.PRO_INI_ATRIBUTO(COD_PROCESO, COD_ATRIBUTO, BPM_FLG_ENTRADA, BPM_OBJ_REFERENCIA, BPM_FLG_PIID, WEB_FLG_REFERENCIA, WEB_FLG_VALIDACION, WEB_MEN_VALIDACION, WEB_VAL_OMISION, WEB_REQUERIDO, WEB_NOM_CAT_COMBO, SQL_FLG_AUTOGENERADO, SQL_NOM_SECUENCIAL, COD_PROYECTO) VALUES (1, 303, 1, null, 0, 0, 1, null, null, 0, null, 0, null, 1);
INSERT INTO BFP_CARTA_FIANZA.PRO_INI_ATRIBUTO(COD_PROCESO, COD_ATRIBUTO, BPM_FLG_ENTRADA, BPM_OBJ_REFERENCIA, BPM_FLG_PIID, WEB_FLG_REFERENCIA, WEB_FLG_VALIDACION, WEB_MEN_VALIDACION, WEB_VAL_OMISION, WEB_REQUERIDO, WEB_NOM_CAT_COMBO, SQL_FLG_AUTOGENERADO, SQL_NOM_SECUENCIAL, COD_PROYECTO) VALUES (1, 304, 1, null, 0, 0, 1, null, null, 0, null, 0, null, 1);
INSERT INTO BFP_CARTA_FIANZA.PRO_INI_ATRIBUTO(COD_PROCESO, COD_ATRIBUTO, BPM_FLG_ENTRADA, BPM_OBJ_REFERENCIA, BPM_FLG_PIID, WEB_FLG_REFERENCIA, WEB_FLG_VALIDACION, WEB_MEN_VALIDACION, WEB_VAL_OMISION, WEB_REQUERIDO, WEB_NOM_CAT_COMBO, SQL_FLG_AUTOGENERADO, SQL_NOM_SECUENCIAL, COD_PROYECTO) VALUES (1, 305, 1, null, 0, 0, 1, null, null, 0, null, 0, null, 1);
INSERT INTO BFP_CARTA_FIANZA.PRO_INI_ATRIBUTO(COD_PROCESO, COD_ATRIBUTO, BPM_FLG_ENTRADA, BPM_OBJ_REFERENCIA, BPM_FLG_PIID, WEB_FLG_REFERENCIA, WEB_FLG_VALIDACION, WEB_MEN_VALIDACION, WEB_VAL_OMISION, WEB_REQUERIDO, WEB_NOM_CAT_COMBO, SQL_FLG_AUTOGENERADO, SQL_NOM_SECUENCIAL, COD_PROYECTO) VALUES (1, 309, 1, null, 0, 0, 1, null, null, 0, null, 0, null, 1);
INSERT INTO BFP_CARTA_FIANZA.PRO_INI_ATRIBUTO(COD_PROCESO, COD_ATRIBUTO, BPM_FLG_ENTRADA, BPM_OBJ_REFERENCIA, BPM_FLG_PIID, WEB_FLG_REFERENCIA, WEB_FLG_VALIDACION, WEB_MEN_VALIDACION, WEB_VAL_OMISION, WEB_REQUERIDO, WEB_NOM_CAT_COMBO, SQL_FLG_AUTOGENERADO, SQL_NOM_SECUENCIAL, COD_PROYECTO) VALUES (1, 310, 1, null, 0, 0, 1, null, null, 0, null, 0, null, 1);
INSERT INTO BFP_CARTA_FIANZA.PRO_INI_ATRIBUTO(COD_PROCESO, COD_ATRIBUTO, BPM_FLG_ENTRADA, BPM_OBJ_REFERENCIA, BPM_FLG_PIID, WEB_FLG_REFERENCIA, WEB_FLG_VALIDACION, WEB_MEN_VALIDACION, WEB_VAL_OMISION, WEB_REQUERIDO, WEB_NOM_CAT_COMBO, SQL_FLG_AUTOGENERADO, SQL_NOM_SECUENCIAL, COD_PROYECTO) VALUES (1, 500, 0, null, 0, 0, 0, null, null, 0, null, 0, null, 1);
INSERT INTO BFP_CARTA_FIANZA.PRO_INI_ATRIBUTO(COD_PROCESO, COD_ATRIBUTO, BPM_FLG_ENTRADA, BPM_OBJ_REFERENCIA, BPM_FLG_PIID, WEB_FLG_REFERENCIA, WEB_FLG_VALIDACION, WEB_MEN_VALIDACION, WEB_VAL_OMISION, WEB_REQUERIDO, WEB_NOM_CAT_COMBO, SQL_FLG_AUTOGENERADO, SQL_NOM_SECUENCIAL, COD_PROYECTO) VALUES (1, 300, 0, null, 0, 0, 0, null, null, 0, null, 0, null, 1);
INSERT INTO BFP_CARTA_FIANZA.PRO_INI_ATRIBUTO(COD_PROCESO, COD_ATRIBUTO, BPM_FLG_ENTRADA, BPM_OBJ_REFERENCIA, BPM_FLG_PIID, WEB_FLG_REFERENCIA, WEB_FLG_VALIDACION, WEB_MEN_VALIDACION, WEB_VAL_OMISION, WEB_REQUERIDO, WEB_NOM_CAT_COMBO, SQL_FLG_AUTOGENERADO, SQL_NOM_SECUENCIAL, COD_PROYECTO) VALUES (1, 4, 0, null, 0, 0, 0, null, '"ING"', 0, null, 0, null, 1);
INSERT INTO BFP_CARTA_FIANZA.PRO_INI_ATRIBUTO(COD_PROCESO, COD_ATRIBUTO, BPM_FLG_ENTRADA, BPM_OBJ_REFERENCIA, BPM_FLG_PIID, WEB_FLG_REFERENCIA, WEB_FLG_VALIDACION, WEB_MEN_VALIDACION, WEB_VAL_OMISION, WEB_REQUERIDO, WEB_NOM_CAT_COMBO, SQL_FLG_AUTOGENERADO, SQL_NOM_SECUENCIAL, COD_PROYECTO) VALUES (1, 506, 0, null, 0, 0, 1, 'Por favor ingrese la razon social del cliente', null, 1, null, 0, null, 1);
INSERT INTO BFP_CARTA_FIANZA.PRO_INI_ATRIBUTO(COD_PROCESO, COD_ATRIBUTO, BPM_FLG_ENTRADA, BPM_OBJ_REFERENCIA, BPM_FLG_PIID, WEB_FLG_REFERENCIA, WEB_FLG_VALIDACION, WEB_MEN_VALIDACION, WEB_VAL_OMISION, WEB_REQUERIDO, WEB_NOM_CAT_COMBO, SQL_FLG_AUTOGENERADO, SQL_NOM_SECUENCIAL, COD_PROYECTO) VALUES (1, 96, 0, null, 0, 0, 0, null, 'obtenerUsuario(request).getCodigo()', 0, null, 0, null, 1);
INSERT INTO BFP_CARTA_FIANZA.PRO_INI_ATRIBUTO(COD_PROCESO, COD_ATRIBUTO, BPM_FLG_ENTRADA, BPM_OBJ_REFERENCIA, BPM_FLG_PIID, WEB_FLG_REFERENCIA, WEB_FLG_VALIDACION, WEB_MEN_VALIDACION, WEB_VAL_OMISION, WEB_REQUERIDO, WEB_NOM_CAT_COMBO, SQL_FLG_AUTOGENERADO, SQL_NOM_SECUENCIAL, COD_PROYECTO) VALUES (1, 97, 0, null, 0, 0, 0, null, 'new java.sql.Timestamp(new java.util.Date().getTime())', 0, null, 0, null, 1);
INSERT INTO BFP_CARTA_FIANZA.PRO_INI_ATRIBUTO(COD_PROCESO, COD_ATRIBUTO, BPM_FLG_ENTRADA, BPM_OBJ_REFERENCIA, BPM_FLG_PIID, WEB_FLG_REFERENCIA, WEB_FLG_VALIDACION, WEB_MEN_VALIDACION, WEB_VAL_OMISION, WEB_REQUERIDO, WEB_NOM_CAT_COMBO, SQL_FLG_AUTOGENERADO, SQL_NOM_SECUENCIAL, COD_PROYECTO) VALUES (1, 78, 0, null, 0, 0, 1, 'Por favor ingrese la agencia de origen', null, 1, null, 0, null, 1);
INSERT INTO BFP_CARTA_FIANZA.PRO_INI_ATRIBUTO(COD_PROCESO, COD_ATRIBUTO, BPM_FLG_ENTRADA, BPM_OBJ_REFERENCIA, BPM_FLG_PIID, WEB_FLG_REFERENCIA, WEB_FLG_VALIDACION, WEB_MEN_VALIDACION, WEB_VAL_OMISION, WEB_REQUERIDO, WEB_NOM_CAT_COMBO, SQL_FLG_AUTOGENERADO, SQL_NOM_SECUENCIAL, COD_PROYECTO) VALUES (1, 3, 0, null, 0, 0, 0, null, '"EMI"', 0, null, 0, null, 1);
INSERT INTO BFP_CARTA_FIANZA.PRO_INI_ATRIBUTO(COD_PROCESO, COD_ATRIBUTO, BPM_FLG_ENTRADA, BPM_OBJ_REFERENCIA, BPM_FLG_PIID, WEB_FLG_REFERENCIA, WEB_FLG_VALIDACION, WEB_MEN_VALIDACION, WEB_VAL_OMISION, WEB_REQUERIDO, WEB_NOM_CAT_COMBO, SQL_FLG_AUTOGENERADO, SQL_NOM_SECUENCIAL, COD_PROYECTO) VALUES (1, 98, 0, null, 0, 0, 0, null, 'obtenerUsuario(request).getCodigo()', 0, null, 0, null, 1);
INSERT INTO BFP_CARTA_FIANZA.PRO_INI_ATRIBUTO(COD_PROCESO, COD_ATRIBUTO, BPM_FLG_ENTRADA, BPM_OBJ_REFERENCIA, BPM_FLG_PIID, WEB_FLG_REFERENCIA, WEB_FLG_VALIDACION, WEB_MEN_VALIDACION, WEB_VAL_OMISION, WEB_REQUERIDO, WEB_NOM_CAT_COMBO, SQL_FLG_AUTOGENERADO, SQL_NOM_SECUENCIAL, COD_PROYECTO) VALUES (1, 99, 0, null, 0, 0, 0, null, 'new java.sql.Timestamp(new java.util.Date().getTime())', 0, null, 0, null, 1);
INSERT INTO BFP_CARTA_FIANZA.PRO_INI_ATRIBUTO(COD_PROCESO, COD_ATRIBUTO, BPM_FLG_ENTRADA, BPM_OBJ_REFERENCIA, BPM_FLG_PIID, WEB_FLG_REFERENCIA, WEB_FLG_VALIDACION, WEB_MEN_VALIDACION, WEB_VAL_OMISION, WEB_REQUERIDO, WEB_NOM_CAT_COMBO, SQL_FLG_AUTOGENERADO, SQL_NOM_SECUENCIAL, COD_PROYECTO) VALUES (1, 308, 0, null, 0, 0, 1, '', null, 1, null, 0, null, 1);
INSERT INTO BFP_CARTA_FIANZA.PRO_INI_ATRIBUTO(COD_PROCESO, COD_ATRIBUTO, BPM_FLG_ENTRADA, BPM_OBJ_REFERENCIA, BPM_FLG_PIID, WEB_FLG_REFERENCIA, WEB_FLG_VALIDACION, WEB_MEN_VALIDACION, WEB_VAL_OMISION, WEB_REQUERIDO, WEB_NOM_CAT_COMBO, SQL_FLG_AUTOGENERADO, SQL_NOM_SECUENCIAL, COD_PROYECTO) VALUES (1, 58, 0, null, 0, 0, 1, null, null, 1, null, 0, null, 1);
INSERT INTO BFP_CARTA_FIANZA.PRO_INI_ATRIBUTO(COD_PROCESO, COD_ATRIBUTO, BPM_FLG_ENTRADA, BPM_OBJ_REFERENCIA, BPM_FLG_PIID, WEB_FLG_REFERENCIA, WEB_FLG_VALIDACION, WEB_MEN_VALIDACION, WEB_VAL_OMISION, WEB_REQUERIDO, WEB_NOM_CAT_COMBO, SQL_FLG_AUTOGENERADO, SQL_NOM_SECUENCIAL, COD_PROYECTO) VALUES (1, 700, 0, null, 0, 0, 0, null, null, 0, null, 0, null, 1);
INSERT INTO BFP_CARTA_FIANZA.PRO_INI_ATRIBUTO(COD_PROCESO, COD_ATRIBUTO, BPM_FLG_ENTRADA, BPM_OBJ_REFERENCIA, BPM_FLG_PIID, WEB_FLG_REFERENCIA, WEB_FLG_VALIDACION, WEB_MEN_VALIDACION, WEB_VAL_OMISION, WEB_REQUERIDO, WEB_NOM_CAT_COMBO, SQL_FLG_AUTOGENERADO, SQL_NOM_SECUENCIAL, COD_PROYECTO) VALUES (1, 95, 0, null, 0, 0, 0, null, '"EmisionCartaFianzaV1"', 0, null, 0, null, 1);
INSERT INTO BFP_CARTA_FIANZA.PRO_INI_ATRIBUTO(COD_PROCESO, COD_ATRIBUTO, BPM_FLG_ENTRADA, BPM_OBJ_REFERENCIA, BPM_FLG_PIID, WEB_FLG_REFERENCIA, WEB_FLG_VALIDACION, WEB_MEN_VALIDACION, WEB_VAL_OMISION, WEB_REQUERIDO, WEB_NOM_CAT_COMBO, SQL_FLG_AUTOGENERADO, SQL_NOM_SECUENCIAL, COD_PROYECTO) VALUES (4, 1, 1, null, 1, 0, 0, null, null, 0, null, 1, 'SQ_BFCFT_SOLICITUD_NUMERO_SECUENCIA', 1);
INSERT INTO BFP_CARTA_FIANZA.PRO_INI_ATRIBUTO(COD_PROCESO, COD_ATRIBUTO, BPM_FLG_ENTRADA, BPM_OBJ_REFERENCIA, BPM_FLG_PIID, WEB_FLG_REFERENCIA, WEB_FLG_VALIDACION, WEB_MEN_VALIDACION, WEB_VAL_OMISION, WEB_REQUERIDO, WEB_NOM_CAT_COMBO, SQL_FLG_AUTOGENERADO, SQL_NOM_SECUENCIAL, COD_PROYECTO) VALUES (4, 2, 0, null, 0, 0, 0, null, null, 0, null, 0, '', 1);
INSERT INTO BFP_CARTA_FIANZA.PRO_INI_ATRIBUTO(COD_PROCESO, COD_ATRIBUTO, BPM_FLG_ENTRADA, BPM_OBJ_REFERENCIA, BPM_FLG_PIID, WEB_FLG_REFERENCIA, WEB_FLG_VALIDACION, WEB_MEN_VALIDACION, WEB_VAL_OMISION, WEB_REQUERIDO, WEB_NOM_CAT_COMBO, SQL_FLG_AUTOGENERADO, SQL_NOM_SECUENCIAL, COD_PROYECTO) VALUES (4, 3, 0, null, 0, 0, 0, null, '"CES"', 0, null, 0, null, 1);
INSERT INTO BFP_CARTA_FIANZA.PRO_INI_ATRIBUTO(COD_PROCESO, COD_ATRIBUTO, BPM_FLG_ENTRADA, BPM_OBJ_REFERENCIA, BPM_FLG_PIID, WEB_FLG_REFERENCIA, WEB_FLG_VALIDACION, WEB_MEN_VALIDACION, WEB_VAL_OMISION, WEB_REQUERIDO, WEB_NOM_CAT_COMBO, SQL_FLG_AUTOGENERADO, SQL_NOM_SECUENCIAL, COD_PROYECTO) VALUES (4, 4, 0, null, 0, 0, 0, null, '"ING"', 0, null, 0, null, 1);
INSERT INTO BFP_CARTA_FIANZA.PRO_INI_ATRIBUTO(COD_PROCESO, COD_ATRIBUTO, BPM_FLG_ENTRADA, BPM_OBJ_REFERENCIA, BPM_FLG_PIID, WEB_FLG_REFERENCIA, WEB_FLG_VALIDACION, WEB_MEN_VALIDACION, WEB_VAL_OMISION, WEB_REQUERIDO, WEB_NOM_CAT_COMBO, SQL_FLG_AUTOGENERADO, SQL_NOM_SECUENCIAL, COD_PROYECTO) VALUES (4, 78, 0, null, 0, 0, 1, 'Por favor ingrese la agencia de origen', null, 1, null, 0, null, 1);
INSERT INTO BFP_CARTA_FIANZA.PRO_INI_ATRIBUTO(COD_PROCESO, COD_ATRIBUTO, BPM_FLG_ENTRADA, BPM_OBJ_REFERENCIA, BPM_FLG_PIID, WEB_FLG_REFERENCIA, WEB_FLG_VALIDACION, WEB_MEN_VALIDACION, WEB_VAL_OMISION, WEB_REQUERIDO, WEB_NOM_CAT_COMBO, SQL_FLG_AUTOGENERADO, SQL_NOM_SECUENCIAL, COD_PROYECTO) VALUES (4, 95, 0, null, 0, 0, 0, null, '"BECF_CambioEstado_v1"', 0, null, 0, null, 1);
INSERT INTO BFP_CARTA_FIANZA.PRO_INI_ATRIBUTO(COD_PROCESO, COD_ATRIBUTO, BPM_FLG_ENTRADA, BPM_OBJ_REFERENCIA, BPM_FLG_PIID, WEB_FLG_REFERENCIA, WEB_FLG_VALIDACION, WEB_MEN_VALIDACION, WEB_VAL_OMISION, WEB_REQUERIDO, WEB_NOM_CAT_COMBO, SQL_FLG_AUTOGENERADO, SQL_NOM_SECUENCIAL, COD_PROYECTO) VALUES (4, 96, 0, null, 0, 0, 0, null, 'obtenerUsuario(request).getCodigo()', 0, null, 0, null, 1);
INSERT INTO BFP_CARTA_FIANZA.PRO_INI_ATRIBUTO(COD_PROCESO, COD_ATRIBUTO, BPM_FLG_ENTRADA, BPM_OBJ_REFERENCIA, BPM_FLG_PIID, WEB_FLG_REFERENCIA, WEB_FLG_VALIDACION, WEB_MEN_VALIDACION, WEB_VAL_OMISION, WEB_REQUERIDO, WEB_NOM_CAT_COMBO, SQL_FLG_AUTOGENERADO, SQL_NOM_SECUENCIAL, COD_PROYECTO) VALUES (4, 97, 0, null, 0, 0, 0, null, 'new java.sql.Timestamp(new java.util.Date().getTime())', 0, null, 0, null, 1);
INSERT INTO BFP_CARTA_FIANZA.PRO_INI_ATRIBUTO(COD_PROCESO, COD_ATRIBUTO, BPM_FLG_ENTRADA, BPM_OBJ_REFERENCIA, BPM_FLG_PIID, WEB_FLG_REFERENCIA, WEB_FLG_VALIDACION, WEB_MEN_VALIDACION, WEB_VAL_OMISION, WEB_REQUERIDO, WEB_NOM_CAT_COMBO, SQL_FLG_AUTOGENERADO, SQL_NOM_SECUENCIAL, COD_PROYECTO) VALUES (4, 98, 0, null, 0, 0, 0, null, 'obtenerUsuario(request).getCodigo()', 0, null, 0, null, 1);
INSERT INTO BFP_CARTA_FIANZA.PRO_INI_ATRIBUTO(COD_PROCESO, COD_ATRIBUTO, BPM_FLG_ENTRADA, BPM_OBJ_REFERENCIA, BPM_FLG_PIID, WEB_FLG_REFERENCIA, WEB_FLG_VALIDACION, WEB_MEN_VALIDACION, WEB_VAL_OMISION, WEB_REQUERIDO, WEB_NOM_CAT_COMBO, SQL_FLG_AUTOGENERADO, SQL_NOM_SECUENCIAL, COD_PROYECTO) VALUES (4, 99, 0, null, 0, 0, 0, null, 'new java.sql.Timestamp(new java.util.Date().getTime())', 0, null, 0, null, 1);
INSERT INTO BFP_CARTA_FIANZA.PRO_INI_ATRIBUTO(COD_PROCESO, COD_ATRIBUTO, BPM_FLG_ENTRADA, BPM_OBJ_REFERENCIA, BPM_FLG_PIID, WEB_FLG_REFERENCIA, WEB_FLG_VALIDACION, WEB_MEN_VALIDACION, WEB_VAL_OMISION, WEB_REQUERIDO, WEB_NOM_CAT_COMBO, SQL_FLG_AUTOGENERADO, SQL_NOM_SECUENCIAL, COD_PROYECTO) VALUES (4, 500, 0, null, 0, 0, 0, null, null, 0, null, 0, null, 1);
INSERT INTO BFP_CARTA_FIANZA.PRO_INI_ATRIBUTO(COD_PROCESO, COD_ATRIBUTO, BPM_FLG_ENTRADA, BPM_OBJ_REFERENCIA, BPM_FLG_PIID, WEB_FLG_REFERENCIA, WEB_FLG_VALIDACION, WEB_MEN_VALIDACION, WEB_VAL_OMISION, WEB_REQUERIDO, WEB_NOM_CAT_COMBO, SQL_FLG_AUTOGENERADO, SQL_NOM_SECUENCIAL, COD_PROYECTO) VALUES (3, 97, 0, null, 0, 0, 0, null, 'new java.sql.Timestamp(new java.util.Date().getTime())', 0, null, 0, null, 1);
INSERT INTO BFP_CARTA_FIANZA.PRO_INI_ATRIBUTO(COD_PROCESO, COD_ATRIBUTO, BPM_FLG_ENTRADA, BPM_OBJ_REFERENCIA, BPM_FLG_PIID, WEB_FLG_REFERENCIA, WEB_FLG_VALIDACION, WEB_MEN_VALIDACION, WEB_VAL_OMISION, WEB_REQUERIDO, WEB_NOM_CAT_COMBO, SQL_FLG_AUTOGENERADO, SQL_NOM_SECUENCIAL, COD_PROYECTO) VALUES (2, 1, 1, null, 1, 0, 0, null, null, 0, null, 1, 'SQ_BFCFT_SOLICITUD_NUMERO_SECUENCIA', 1);
INSERT INTO BFP_CARTA_FIANZA.PRO_INI_ATRIBUTO(COD_PROCESO, COD_ATRIBUTO, BPM_FLG_ENTRADA, BPM_OBJ_REFERENCIA, BPM_FLG_PIID, WEB_FLG_REFERENCIA, WEB_FLG_VALIDACION, WEB_MEN_VALIDACION, WEB_VAL_OMISION, WEB_REQUERIDO, WEB_NOM_CAT_COMBO, SQL_FLG_AUTOGENERADO, SQL_NOM_SECUENCIAL, COD_PROYECTO) VALUES (2, 2, 0, null, 0, 0, 0, null, null, 0, null, 0, '', 1);
INSERT INTO BFP_CARTA_FIANZA.PRO_INI_ATRIBUTO(COD_PROCESO, COD_ATRIBUTO, BPM_FLG_ENTRADA, BPM_OBJ_REFERENCIA, BPM_FLG_PIID, WEB_FLG_REFERENCIA, WEB_FLG_VALIDACION, WEB_MEN_VALIDACION, WEB_VAL_OMISION, WEB_REQUERIDO, WEB_NOM_CAT_COMBO, SQL_FLG_AUTOGENERADO, SQL_NOM_SECUENCIAL, COD_PROYECTO) VALUES (2, 3, 0, null, 0, 0, 0, null, '"MOD"', 0, null, 0, null, 1);
INSERT INTO BFP_CARTA_FIANZA.PRO_INI_ATRIBUTO(COD_PROCESO, COD_ATRIBUTO, BPM_FLG_ENTRADA, BPM_OBJ_REFERENCIA, BPM_FLG_PIID, WEB_FLG_REFERENCIA, WEB_FLG_VALIDACION, WEB_MEN_VALIDACION, WEB_VAL_OMISION, WEB_REQUERIDO, WEB_NOM_CAT_COMBO, SQL_FLG_AUTOGENERADO, SQL_NOM_SECUENCIAL, COD_PROYECTO) VALUES (2, 4, 0, null, 0, 0, 0, null, '"ING"', 0, null, 0, null, 1);
INSERT INTO BFP_CARTA_FIANZA.PRO_INI_ATRIBUTO(COD_PROCESO, COD_ATRIBUTO, BPM_FLG_ENTRADA, BPM_OBJ_REFERENCIA, BPM_FLG_PIID, WEB_FLG_REFERENCIA, WEB_FLG_VALIDACION, WEB_MEN_VALIDACION, WEB_VAL_OMISION, WEB_REQUERIDO, WEB_NOM_CAT_COMBO, SQL_FLG_AUTOGENERADO, SQL_NOM_SECUENCIAL, COD_PROYECTO) VALUES (2, 78, 0, null, 0, 0, 1, 'Por favor ingrese la agencia de origen', null, 1, null, 0, null, 1);
INSERT INTO BFP_CARTA_FIANZA.PRO_INI_ATRIBUTO(COD_PROCESO, COD_ATRIBUTO, BPM_FLG_ENTRADA, BPM_OBJ_REFERENCIA, BPM_FLG_PIID, WEB_FLG_REFERENCIA, WEB_FLG_VALIDACION, WEB_MEN_VALIDACION, WEB_VAL_OMISION, WEB_REQUERIDO, WEB_NOM_CAT_COMBO, SQL_FLG_AUTOGENERADO, SQL_NOM_SECUENCIAL, COD_PROYECTO) VALUES (2, 95, 0, null, 0, 0, 0, null, '"BECF_Modificacion_v1"', 0, null, 0, null, 1);
INSERT INTO BFP_CARTA_FIANZA.PRO_INI_ATRIBUTO(COD_PROCESO, COD_ATRIBUTO, BPM_FLG_ENTRADA, BPM_OBJ_REFERENCIA, BPM_FLG_PIID, WEB_FLG_REFERENCIA, WEB_FLG_VALIDACION, WEB_MEN_VALIDACION, WEB_VAL_OMISION, WEB_REQUERIDO, WEB_NOM_CAT_COMBO, SQL_FLG_AUTOGENERADO, SQL_NOM_SECUENCIAL, COD_PROYECTO) VALUES (2, 96, 0, null, 0, 0, 0, null, 'obtenerUsuario(request).getCodigo()', 0, null, 0, null, 1);
INSERT INTO BFP_CARTA_FIANZA.PRO_INI_ATRIBUTO(COD_PROCESO, COD_ATRIBUTO, BPM_FLG_ENTRADA, BPM_OBJ_REFERENCIA, BPM_FLG_PIID, WEB_FLG_REFERENCIA, WEB_FLG_VALIDACION, WEB_MEN_VALIDACION, WEB_VAL_OMISION, WEB_REQUERIDO, WEB_NOM_CAT_COMBO, SQL_FLG_AUTOGENERADO, SQL_NOM_SECUENCIAL, COD_PROYECTO) VALUES (2, 97, 0, null, 0, 0, 0, null, 'new java.sql.Timestamp(new java.util.Date().getTime())', 0, null, 0, null, 1);
INSERT INTO BFP_CARTA_FIANZA.PRO_INI_ATRIBUTO(COD_PROCESO, COD_ATRIBUTO, BPM_FLG_ENTRADA, BPM_OBJ_REFERENCIA, BPM_FLG_PIID, WEB_FLG_REFERENCIA, WEB_FLG_VALIDACION, WEB_MEN_VALIDACION, WEB_VAL_OMISION, WEB_REQUERIDO, WEB_NOM_CAT_COMBO, SQL_FLG_AUTOGENERADO, SQL_NOM_SECUENCIAL, COD_PROYECTO) VALUES (2, 98, 0, null, 0, 0, 0, null, 'obtenerUsuario(request).getCodigo()', 0, null, 0, null, 1);
INSERT INTO BFP_CARTA_FIANZA.PRO_INI_ATRIBUTO(COD_PROCESO, COD_ATRIBUTO, BPM_FLG_ENTRADA, BPM_OBJ_REFERENCIA, BPM_FLG_PIID, WEB_FLG_REFERENCIA, WEB_FLG_VALIDACION, WEB_MEN_VALIDACION, WEB_VAL_OMISION, WEB_REQUERIDO, WEB_NOM_CAT_COMBO, SQL_FLG_AUTOGENERADO, SQL_NOM_SECUENCIAL, COD_PROYECTO) VALUES (2, 99, 0, null, 0, 0, 0, null, 'new java.sql.Timestamp(new java.util.Date().getTime())', 0, null, 0, null, 1);
INSERT INTO BFP_CARTA_FIANZA.PRO_INI_ATRIBUTO(COD_PROCESO, COD_ATRIBUTO, BPM_FLG_ENTRADA, BPM_OBJ_REFERENCIA, BPM_FLG_PIID, WEB_FLG_REFERENCIA, WEB_FLG_VALIDACION, WEB_MEN_VALIDACION, WEB_VAL_OMISION, WEB_REQUERIDO, WEB_NOM_CAT_COMBO, SQL_FLG_AUTOGENERADO, SQL_NOM_SECUENCIAL, COD_PROYECTO) VALUES (2, 500, 0, null, 0, 0, 0, null, null, 0, null, 0, null, 1);
INSERT INTO BFP_CARTA_FIANZA.PRO_INI_ATRIBUTO(COD_PROCESO, COD_ATRIBUTO, BPM_FLG_ENTRADA, BPM_OBJ_REFERENCIA, BPM_FLG_PIID, WEB_FLG_REFERENCIA, WEB_FLG_VALIDACION, WEB_MEN_VALIDACION, WEB_VAL_OMISION, WEB_REQUERIDO, WEB_NOM_CAT_COMBO, SQL_FLG_AUTOGENERADO, SQL_NOM_SECUENCIAL, COD_PROYECTO) VALUES (3, 1, 1, null, 1, 0, 0, null, null, 0, null, 1, 'SQ_BFCFT_SOLICITUD_NUMERO_SECUENCIA', 1);
INSERT INTO BFP_CARTA_FIANZA.PRO_INI_ATRIBUTO(COD_PROCESO, COD_ATRIBUTO, BPM_FLG_ENTRADA, BPM_OBJ_REFERENCIA, BPM_FLG_PIID, WEB_FLG_REFERENCIA, WEB_FLG_VALIDACION, WEB_MEN_VALIDACION, WEB_VAL_OMISION, WEB_REQUERIDO, WEB_NOM_CAT_COMBO, SQL_FLG_AUTOGENERADO, SQL_NOM_SECUENCIAL, COD_PROYECTO) VALUES (3, 2, 0, null, 0, 0, 0, null, null, 0, null, 0, '', 1);
INSERT INTO BFP_CARTA_FIANZA.PRO_INI_ATRIBUTO(COD_PROCESO, COD_ATRIBUTO, BPM_FLG_ENTRADA, BPM_OBJ_REFERENCIA, BPM_FLG_PIID, WEB_FLG_REFERENCIA, WEB_FLG_VALIDACION, WEB_MEN_VALIDACION, WEB_VAL_OMISION, WEB_REQUERIDO, WEB_NOM_CAT_COMBO, SQL_FLG_AUTOGENERADO, SQL_NOM_SECUENCIAL, COD_PROYECTO) VALUES (3, 3, 0, null, 0, 0, 0, null, '"REN"', 0, null, 0, null, 1);
INSERT INTO BFP_CARTA_FIANZA.PRO_INI_ATRIBUTO(COD_PROCESO, COD_ATRIBUTO, BPM_FLG_ENTRADA, BPM_OBJ_REFERENCIA, BPM_FLG_PIID, WEB_FLG_REFERENCIA, WEB_FLG_VALIDACION, WEB_MEN_VALIDACION, WEB_VAL_OMISION, WEB_REQUERIDO, WEB_NOM_CAT_COMBO, SQL_FLG_AUTOGENERADO, SQL_NOM_SECUENCIAL, COD_PROYECTO) VALUES (3, 4, 0, null, 0, 0, 0, null, '"ING"', 0, null, 0, null, 1);
INSERT INTO BFP_CARTA_FIANZA.PRO_INI_ATRIBUTO(COD_PROCESO, COD_ATRIBUTO, BPM_FLG_ENTRADA, BPM_OBJ_REFERENCIA, BPM_FLG_PIID, WEB_FLG_REFERENCIA, WEB_FLG_VALIDACION, WEB_MEN_VALIDACION, WEB_VAL_OMISION, WEB_REQUERIDO, WEB_NOM_CAT_COMBO, SQL_FLG_AUTOGENERADO, SQL_NOM_SECUENCIAL, COD_PROYECTO) VALUES (3, 78, 0, null, 0, 0, 1, 'Por favor ingrese la agencia de origen', null, 1, null, 0, null, 1);
INSERT INTO BFP_CARTA_FIANZA.PRO_INI_ATRIBUTO(COD_PROCESO, COD_ATRIBUTO, BPM_FLG_ENTRADA, BPM_OBJ_REFERENCIA, BPM_FLG_PIID, WEB_FLG_REFERENCIA, WEB_FLG_VALIDACION, WEB_MEN_VALIDACION, WEB_VAL_OMISION, WEB_REQUERIDO, WEB_NOM_CAT_COMBO, SQL_FLG_AUTOGENERADO, SQL_NOM_SECUENCIAL, COD_PROYECTO) VALUES (3, 95, 0, null, 0, 0, 0, null, '"BECF_Renovacion_v1"', 0, null, 0, null, 1);
INSERT INTO BFP_CARTA_FIANZA.PRO_INI_ATRIBUTO(COD_PROCESO, COD_ATRIBUTO, BPM_FLG_ENTRADA, BPM_OBJ_REFERENCIA, BPM_FLG_PIID, WEB_FLG_REFERENCIA, WEB_FLG_VALIDACION, WEB_MEN_VALIDACION, WEB_VAL_OMISION, WEB_REQUERIDO, WEB_NOM_CAT_COMBO, SQL_FLG_AUTOGENERADO, SQL_NOM_SECUENCIAL, COD_PROYECTO) VALUES (3, 96, 0, null, 0, 0, 0, null, 'obtenerUsuario(request).getCodigo()', 0, null, 0, null, 1);
INSERT INTO BFP_CARTA_FIANZA.PRO_INI_ATRIBUTO(COD_PROCESO, COD_ATRIBUTO, BPM_FLG_ENTRADA, BPM_OBJ_REFERENCIA, BPM_FLG_PIID, WEB_FLG_REFERENCIA, WEB_FLG_VALIDACION, WEB_MEN_VALIDACION, WEB_VAL_OMISION, WEB_REQUERIDO, WEB_NOM_CAT_COMBO, SQL_FLG_AUTOGENERADO, SQL_NOM_SECUENCIAL, COD_PROYECTO) VALUES (3, 98, 0, null, 0, 0, 0, null, 'obtenerUsuario(request).getCodigo()', 0, null, 0, null, 1);
INSERT INTO BFP_CARTA_FIANZA.PRO_INI_ATRIBUTO(COD_PROCESO, COD_ATRIBUTO, BPM_FLG_ENTRADA, BPM_OBJ_REFERENCIA, BPM_FLG_PIID, WEB_FLG_REFERENCIA, WEB_FLG_VALIDACION, WEB_MEN_VALIDACION, WEB_VAL_OMISION, WEB_REQUERIDO, WEB_NOM_CAT_COMBO, SQL_FLG_AUTOGENERADO, SQL_NOM_SECUENCIAL, COD_PROYECTO) VALUES (3, 99, 0, null, 0, 0, 0, null, 'new java.sql.Timestamp(new java.util.Date().getTime())', 0, null, 0, null, 1);
INSERT INTO BFP_CARTA_FIANZA.PRO_INI_ATRIBUTO(COD_PROCESO, COD_ATRIBUTO, BPM_FLG_ENTRADA, BPM_OBJ_REFERENCIA, BPM_FLG_PIID, WEB_FLG_REFERENCIA, WEB_FLG_VALIDACION, WEB_MEN_VALIDACION, WEB_VAL_OMISION, WEB_REQUERIDO, WEB_NOM_CAT_COMBO, SQL_FLG_AUTOGENERADO, SQL_NOM_SECUENCIAL, COD_PROYECTO) VALUES (3, 500, 0, null, 0, 0, 0, null, null, 0, null, 0, null, 1);
INSERT INTO BFP_CARTA_FIANZA.PRO_INI_ATRIBUTO(COD_PROCESO, COD_ATRIBUTO, BPM_FLG_ENTRADA, BPM_OBJ_REFERENCIA, BPM_FLG_PIID, WEB_FLG_REFERENCIA, WEB_FLG_VALIDACION, WEB_MEN_VALIDACION, WEB_VAL_OMISION, WEB_REQUERIDO, WEB_NOM_CAT_COMBO, SQL_FLG_AUTOGENERADO, SQL_NOM_SECUENCIAL, COD_PROYECTO) VALUES (5, 1, 1, null, 1, 0, 0, null, null, 0, null, 1, 'SQ_BFCFT_SOLICITUD_NUMERO_SECUENCIA', 1);
INSERT INTO BFP_CARTA_FIANZA.PRO_INI_ATRIBUTO(COD_PROCESO, COD_ATRIBUTO, BPM_FLG_ENTRADA, BPM_OBJ_REFERENCIA, BPM_FLG_PIID, WEB_FLG_REFERENCIA, WEB_FLG_VALIDACION, WEB_MEN_VALIDACION, WEB_VAL_OMISION, WEB_REQUERIDO, WEB_NOM_CAT_COMBO, SQL_FLG_AUTOGENERADO, SQL_NOM_SECUENCIAL, COD_PROYECTO) VALUES (5, 2, 0, null, 0, 0, 0, null, null, 0, null, 0, '', 1);
INSERT INTO BFP_CARTA_FIANZA.PRO_INI_ATRIBUTO(COD_PROCESO, COD_ATRIBUTO, BPM_FLG_ENTRADA, BPM_OBJ_REFERENCIA, BPM_FLG_PIID, WEB_FLG_REFERENCIA, WEB_FLG_VALIDACION, WEB_MEN_VALIDACION, WEB_VAL_OMISION, WEB_REQUERIDO, WEB_NOM_CAT_COMBO, SQL_FLG_AUTOGENERADO, SQL_NOM_SECUENCIAL, COD_PROYECTO) VALUES (5, 3, 0, null, 0, 0, 0, null, '"CAN"', 0, null, 0, null, 1);
INSERT INTO BFP_CARTA_FIANZA.PRO_INI_ATRIBUTO(COD_PROCESO, COD_ATRIBUTO, BPM_FLG_ENTRADA, BPM_OBJ_REFERENCIA, BPM_FLG_PIID, WEB_FLG_REFERENCIA, WEB_FLG_VALIDACION, WEB_MEN_VALIDACION, WEB_VAL_OMISION, WEB_REQUERIDO, WEB_NOM_CAT_COMBO, SQL_FLG_AUTOGENERADO, SQL_NOM_SECUENCIAL, COD_PROYECTO) VALUES (5, 4, 0, null, 0, 0, 0, null, '"ING"', 0, null, 0, null, 1);
INSERT INTO BFP_CARTA_FIANZA.PRO_INI_ATRIBUTO(COD_PROCESO, COD_ATRIBUTO, BPM_FLG_ENTRADA, BPM_OBJ_REFERENCIA, BPM_FLG_PIID, WEB_FLG_REFERENCIA, WEB_FLG_VALIDACION, WEB_MEN_VALIDACION, WEB_VAL_OMISION, WEB_REQUERIDO, WEB_NOM_CAT_COMBO, SQL_FLG_AUTOGENERADO, SQL_NOM_SECUENCIAL, COD_PROYECTO) VALUES (5, 78, 0, null, 0, 0, 1, 'Por favor ingrese la agencia de origen', null, 1, null, 0, null, 1);
INSERT INTO BFP_CARTA_FIANZA.PRO_INI_ATRIBUTO(COD_PROCESO, COD_ATRIBUTO, BPM_FLG_ENTRADA, BPM_OBJ_REFERENCIA, BPM_FLG_PIID, WEB_FLG_REFERENCIA, WEB_FLG_VALIDACION, WEB_MEN_VALIDACION, WEB_VAL_OMISION, WEB_REQUERIDO, WEB_NOM_CAT_COMBO, SQL_FLG_AUTOGENERADO, SQL_NOM_SECUENCIAL, COD_PROYECTO) VALUES (5, 95, 0, null, 0, 0, 0, null, '"BECF_Cancelacion_v1"', 0, null, 0, null, 1);
INSERT INTO BFP_CARTA_FIANZA.PRO_INI_ATRIBUTO(COD_PROCESO, COD_ATRIBUTO, BPM_FLG_ENTRADA, BPM_OBJ_REFERENCIA, BPM_FLG_PIID, WEB_FLG_REFERENCIA, WEB_FLG_VALIDACION, WEB_MEN_VALIDACION, WEB_VAL_OMISION, WEB_REQUERIDO, WEB_NOM_CAT_COMBO, SQL_FLG_AUTOGENERADO, SQL_NOM_SECUENCIAL, COD_PROYECTO) VALUES (5, 96, 0, null, 0, 0, 0, null, 'obtenerUsuario(request).getCodigo()', 0, null, 0, null, 1);
INSERT INTO BFP_CARTA_FIANZA.PRO_INI_ATRIBUTO(COD_PROCESO, COD_ATRIBUTO, BPM_FLG_ENTRADA, BPM_OBJ_REFERENCIA, BPM_FLG_PIID, WEB_FLG_REFERENCIA, WEB_FLG_VALIDACION, WEB_MEN_VALIDACION, WEB_VAL_OMISION, WEB_REQUERIDO, WEB_NOM_CAT_COMBO, SQL_FLG_AUTOGENERADO, SQL_NOM_SECUENCIAL, COD_PROYECTO) VALUES (5, 97, 0, null, 0, 0, 0, null, 'new java.sql.Timestamp(new java.util.Date().getTime())', 0, null, 0, null, 1);
INSERT INTO BFP_CARTA_FIANZA.PRO_INI_ATRIBUTO(COD_PROCESO, COD_ATRIBUTO, BPM_FLG_ENTRADA, BPM_OBJ_REFERENCIA, BPM_FLG_PIID, WEB_FLG_REFERENCIA, WEB_FLG_VALIDACION, WEB_MEN_VALIDACION, WEB_VAL_OMISION, WEB_REQUERIDO, WEB_NOM_CAT_COMBO, SQL_FLG_AUTOGENERADO, SQL_NOM_SECUENCIAL, COD_PROYECTO) VALUES (5, 98, 0, null, 0, 0, 0, null, 'obtenerUsuario(request).getCodigo()', 0, null, 0, null, 1);
INSERT INTO BFP_CARTA_FIANZA.PRO_INI_ATRIBUTO(COD_PROCESO, COD_ATRIBUTO, BPM_FLG_ENTRADA, BPM_OBJ_REFERENCIA, BPM_FLG_PIID, WEB_FLG_REFERENCIA, WEB_FLG_VALIDACION, WEB_MEN_VALIDACION, WEB_VAL_OMISION, WEB_REQUERIDO, WEB_NOM_CAT_COMBO, SQL_FLG_AUTOGENERADO, SQL_NOM_SECUENCIAL, COD_PROYECTO) VALUES (5, 99, 0, null, 0, 0, 0, null, 'new java.sql.Timestamp(new java.util.Date().getTime())', 0, null, 0, null, 1);
INSERT INTO BFP_CARTA_FIANZA.PRO_INI_ATRIBUTO(COD_PROCESO, COD_ATRIBUTO, BPM_FLG_ENTRADA, BPM_OBJ_REFERENCIA, BPM_FLG_PIID, WEB_FLG_REFERENCIA, WEB_FLG_VALIDACION, WEB_MEN_VALIDACION, WEB_VAL_OMISION, WEB_REQUERIDO, WEB_NOM_CAT_COMBO, SQL_FLG_AUTOGENERADO, SQL_NOM_SECUENCIAL, COD_PROYECTO) VALUES (5, 500, 0, null, 0, 0, 0, null, null, 0, null, 0, null, 1);
INSERT INTO BFP_CARTA_FIANZA.PRO_INI_ATRIBUTO(COD_PROCESO, COD_ATRIBUTO, BPM_FLG_ENTRADA, BPM_OBJ_REFERENCIA, BPM_FLG_PIID, WEB_FLG_REFERENCIA, WEB_FLG_VALIDACION, WEB_MEN_VALIDACION, WEB_VAL_OMISION, WEB_REQUERIDO, WEB_NOM_CAT_COMBO, SQL_FLG_AUTOGENERADO, SQL_NOM_SECUENCIAL, COD_PROYECTO) VALUES (6, 1, 1, null, 1, 0, 0, null, null, 0, null, 1, 'SQ_BFCFT_SOLICITUD_NUMERO_SECUENCIA', 1);
INSERT INTO BFP_CARTA_FIANZA.PRO_INI_ATRIBUTO(COD_PROCESO, COD_ATRIBUTO, BPM_FLG_ENTRADA, BPM_OBJ_REFERENCIA, BPM_FLG_PIID, WEB_FLG_REFERENCIA, WEB_FLG_VALIDACION, WEB_MEN_VALIDACION, WEB_VAL_OMISION, WEB_REQUERIDO, WEB_NOM_CAT_COMBO, SQL_FLG_AUTOGENERADO, SQL_NOM_SECUENCIAL, COD_PROYECTO) VALUES (6, 2, 0, null, 0, 0, 0, null, null, 0, null, 0, '', 1);
INSERT INTO BFP_CARTA_FIANZA.PRO_INI_ATRIBUTO(COD_PROCESO, COD_ATRIBUTO, BPM_FLG_ENTRADA, BPM_OBJ_REFERENCIA, BPM_FLG_PIID, WEB_FLG_REFERENCIA, WEB_FLG_VALIDACION, WEB_MEN_VALIDACION, WEB_VAL_OMISION, WEB_REQUERIDO, WEB_NOM_CAT_COMBO, SQL_FLG_AUTOGENERADO, SQL_NOM_SECUENCIAL, COD_PROYECTO) VALUES (6, 3, 0, null, 0, 0, 0, null, '"EJE"', 0, null, 0, null, 1);
INSERT INTO BFP_CARTA_FIANZA.PRO_INI_ATRIBUTO(COD_PROCESO, COD_ATRIBUTO, BPM_FLG_ENTRADA, BPM_OBJ_REFERENCIA, BPM_FLG_PIID, WEB_FLG_REFERENCIA, WEB_FLG_VALIDACION, WEB_MEN_VALIDACION, WEB_VAL_OMISION, WEB_REQUERIDO, WEB_NOM_CAT_COMBO, SQL_FLG_AUTOGENERADO, SQL_NOM_SECUENCIAL, COD_PROYECTO) VALUES (6, 4, 0, null, 0, 0, 0, null, '"ING"', 0, null, 0, null, 1);
INSERT INTO BFP_CARTA_FIANZA.PRO_INI_ATRIBUTO(COD_PROCESO, COD_ATRIBUTO, BPM_FLG_ENTRADA, BPM_OBJ_REFERENCIA, BPM_FLG_PIID, WEB_FLG_REFERENCIA, WEB_FLG_VALIDACION, WEB_MEN_VALIDACION, WEB_VAL_OMISION, WEB_REQUERIDO, WEB_NOM_CAT_COMBO, SQL_FLG_AUTOGENERADO, SQL_NOM_SECUENCIAL, COD_PROYECTO) VALUES (6, 78, 0, null, 0, 0, 1, 'Por favor ingrese la agencia de origen', null, 1, null, 0, null, 1);
INSERT INTO BFP_CARTA_FIANZA.PRO_INI_ATRIBUTO(COD_PROCESO, COD_ATRIBUTO, BPM_FLG_ENTRADA, BPM_OBJ_REFERENCIA, BPM_FLG_PIID, WEB_FLG_REFERENCIA, WEB_FLG_VALIDACION, WEB_MEN_VALIDACION, WEB_VAL_OMISION, WEB_REQUERIDO, WEB_NOM_CAT_COMBO, SQL_FLG_AUTOGENERADO, SQL_NOM_SECUENCIAL, COD_PROYECTO) VALUES (6, 95, 0, null, 0, 0, 0, null, '"BECF_Ejecucion_v1"', 0, null, 0, null, 1);
INSERT INTO BFP_CARTA_FIANZA.PRO_INI_ATRIBUTO(COD_PROCESO, COD_ATRIBUTO, BPM_FLG_ENTRADA, BPM_OBJ_REFERENCIA, BPM_FLG_PIID, WEB_FLG_REFERENCIA, WEB_FLG_VALIDACION, WEB_MEN_VALIDACION, WEB_VAL_OMISION, WEB_REQUERIDO, WEB_NOM_CAT_COMBO, SQL_FLG_AUTOGENERADO, SQL_NOM_SECUENCIAL, COD_PROYECTO) VALUES (6, 96, 0, null, 0, 0, 0, null, 'obtenerUsuario(request).getCodigo()', 0, null, 0, null, 1);
INSERT INTO BFP_CARTA_FIANZA.PRO_INI_ATRIBUTO(COD_PROCESO, COD_ATRIBUTO, BPM_FLG_ENTRADA, BPM_OBJ_REFERENCIA, BPM_FLG_PIID, WEB_FLG_REFERENCIA, WEB_FLG_VALIDACION, WEB_MEN_VALIDACION, WEB_VAL_OMISION, WEB_REQUERIDO, WEB_NOM_CAT_COMBO, SQL_FLG_AUTOGENERADO, SQL_NOM_SECUENCIAL, COD_PROYECTO) VALUES (6, 97, 0, null, 0, 0, 0, null, 'new java.sql.Timestamp(new java.util.Date().getTime())', 0, null, 0, null, 1);
INSERT INTO BFP_CARTA_FIANZA.PRO_INI_ATRIBUTO(COD_PROCESO, COD_ATRIBUTO, BPM_FLG_ENTRADA, BPM_OBJ_REFERENCIA, BPM_FLG_PIID, WEB_FLG_REFERENCIA, WEB_FLG_VALIDACION, WEB_MEN_VALIDACION, WEB_VAL_OMISION, WEB_REQUERIDO, WEB_NOM_CAT_COMBO, SQL_FLG_AUTOGENERADO, SQL_NOM_SECUENCIAL, COD_PROYECTO) VALUES (6, 98, 0, null, 0, 0, 0, null, 'obtenerUsuario(request).getCodigo()', 0, null, 0, null, 1);
INSERT INTO BFP_CARTA_FIANZA.PRO_INI_ATRIBUTO(COD_PROCESO, COD_ATRIBUTO, BPM_FLG_ENTRADA, BPM_OBJ_REFERENCIA, BPM_FLG_PIID, WEB_FLG_REFERENCIA, WEB_FLG_VALIDACION, WEB_MEN_VALIDACION, WEB_VAL_OMISION, WEB_REQUERIDO, WEB_NOM_CAT_COMBO, SQL_FLG_AUTOGENERADO, SQL_NOM_SECUENCIAL, COD_PROYECTO) VALUES (6, 99, 0, null, 0, 0, 0, null, 'new java.sql.Timestamp(new java.util.Date().getTime())', 0, null, 0, null, 1);
INSERT INTO BFP_CARTA_FIANZA.PRO_INI_ATRIBUTO(COD_PROCESO, COD_ATRIBUTO, BPM_FLG_ENTRADA, BPM_OBJ_REFERENCIA, BPM_FLG_PIID, WEB_FLG_REFERENCIA, WEB_FLG_VALIDACION, WEB_MEN_VALIDACION, WEB_VAL_OMISION, WEB_REQUERIDO, WEB_NOM_CAT_COMBO, SQL_FLG_AUTOGENERADO, SQL_NOM_SECUENCIAL, COD_PROYECTO) VALUES (6, 500, 0, null, 0, 0, 0, null, null, 0, null, 0, null, 1);
INSERT INTO BFP_CARTA_FIANZA.PRO_INI_ATRIBUTO(COD_PROCESO, COD_ATRIBUTO, BPM_FLG_ENTRADA, BPM_OBJ_REFERENCIA, BPM_FLG_PIID, WEB_FLG_REFERENCIA, WEB_FLG_VALIDACION, WEB_MEN_VALIDACION, WEB_VAL_OMISION, WEB_REQUERIDO, WEB_NOM_CAT_COMBO, SQL_FLG_AUTOGENERADO, SQL_NOM_SECUENCIAL, COD_PROYECTO) VALUES (2, 86, 0, null, 0, 0, 1, 'Por favor ingrese el número de la carta fianza', null, 1, null, 0, null, 1);
INSERT INTO BFP_CARTA_FIANZA.PRO_INI_ATRIBUTO(COD_PROCESO, COD_ATRIBUTO, BPM_FLG_ENTRADA, BPM_OBJ_REFERENCIA, BPM_FLG_PIID, WEB_FLG_REFERENCIA, WEB_FLG_VALIDACION, WEB_MEN_VALIDACION, WEB_VAL_OMISION, WEB_REQUERIDO, WEB_NOM_CAT_COMBO, SQL_FLG_AUTOGENERADO, SQL_NOM_SECUENCIAL, COD_PROYECTO) VALUES (2, 501, 1, null, 1, 0, 1, null, null, 0, null, 0, null, 1);
INSERT INTO BFP_CARTA_FIANZA.PRO_INI_ATRIBUTO(COD_PROCESO, COD_ATRIBUTO, BPM_FLG_ENTRADA, BPM_OBJ_REFERENCIA, BPM_FLG_PIID, WEB_FLG_REFERENCIA, WEB_FLG_VALIDACION, WEB_MEN_VALIDACION, WEB_VAL_OMISION, WEB_REQUERIDO, WEB_NOM_CAT_COMBO, SQL_FLG_AUTOGENERADO, SQL_NOM_SECUENCIAL, COD_PROYECTO) VALUES (2, 502, 1, null, 1, 0, 1, null, null, 0, null, 0, null, 1);
INSERT INTO BFP_CARTA_FIANZA.PRO_INI_ATRIBUTO(COD_PROCESO, COD_ATRIBUTO, BPM_FLG_ENTRADA, BPM_OBJ_REFERENCIA, BPM_FLG_PIID, WEB_FLG_REFERENCIA, WEB_FLG_VALIDACION, WEB_MEN_VALIDACION, WEB_VAL_OMISION, WEB_REQUERIDO, WEB_NOM_CAT_COMBO, SQL_FLG_AUTOGENERADO, SQL_NOM_SECUENCIAL, COD_PROYECTO) VALUES (2, 503, 1, null, 0, 0, 1, null, null, 0, null, 0, null, 1);
INSERT INTO BFP_CARTA_FIANZA.PRO_INI_ATRIBUTO(COD_PROCESO, COD_ATRIBUTO, BPM_FLG_ENTRADA, BPM_OBJ_REFERENCIA, BPM_FLG_PIID, WEB_FLG_REFERENCIA, WEB_FLG_VALIDACION, WEB_MEN_VALIDACION, WEB_VAL_OMISION, WEB_REQUERIDO, WEB_NOM_CAT_COMBO, SQL_FLG_AUTOGENERADO, SQL_NOM_SECUENCIAL, COD_PROYECTO) VALUES (2, 506, 0, null, 0, 0, 1, 'Por favor ingrese la razon social del cliente', null, 1, null, 0, null, 1);
INSERT INTO BFP_CARTA_FIANZA.PRO_INI_ATRIBUTO(COD_PROCESO, COD_ATRIBUTO, BPM_FLG_ENTRADA, BPM_OBJ_REFERENCIA, BPM_FLG_PIID, WEB_FLG_REFERENCIA, WEB_FLG_VALIDACION, WEB_MEN_VALIDACION, WEB_VAL_OMISION, WEB_REQUERIDO, WEB_NOM_CAT_COMBO, SQL_FLG_AUTOGENERADO, SQL_NOM_SECUENCIAL, COD_PROYECTO) VALUES (3, 86, 0, null, 0, 0, 1, 'Por favor ingrese el número de la carta fianza', null, 1, null, 0, null, 1);
INSERT INTO BFP_CARTA_FIANZA.PRO_INI_ATRIBUTO(COD_PROCESO, COD_ATRIBUTO, BPM_FLG_ENTRADA, BPM_OBJ_REFERENCIA, BPM_FLG_PIID, WEB_FLG_REFERENCIA, WEB_FLG_VALIDACION, WEB_MEN_VALIDACION, WEB_VAL_OMISION, WEB_REQUERIDO, WEB_NOM_CAT_COMBO, SQL_FLG_AUTOGENERADO, SQL_NOM_SECUENCIAL, COD_PROYECTO) VALUES (3, 501, 1, null, 1, 0, 1, null, null, 0, null, 0, null, 1);
INSERT INTO BFP_CARTA_FIANZA.PRO_INI_ATRIBUTO(COD_PROCESO, COD_ATRIBUTO, BPM_FLG_ENTRADA, BPM_OBJ_REFERENCIA, BPM_FLG_PIID, WEB_FLG_REFERENCIA, WEB_FLG_VALIDACION, WEB_MEN_VALIDACION, WEB_VAL_OMISION, WEB_REQUERIDO, WEB_NOM_CAT_COMBO, SQL_FLG_AUTOGENERADO, SQL_NOM_SECUENCIAL, COD_PROYECTO) VALUES (3, 502, 1, null, 1, 0, 1, null, null, 0, null, 0, null, 1);
INSERT INTO BFP_CARTA_FIANZA.PRO_INI_ATRIBUTO(COD_PROCESO, COD_ATRIBUTO, BPM_FLG_ENTRADA, BPM_OBJ_REFERENCIA, BPM_FLG_PIID, WEB_FLG_REFERENCIA, WEB_FLG_VALIDACION, WEB_MEN_VALIDACION, WEB_VAL_OMISION, WEB_REQUERIDO, WEB_NOM_CAT_COMBO, SQL_FLG_AUTOGENERADO, SQL_NOM_SECUENCIAL, COD_PROYECTO) VALUES (3, 503, 1, null, 0, 0, 1, null, null, 0, null, 0, null, 1);
INSERT INTO BFP_CARTA_FIANZA.PRO_INI_ATRIBUTO(COD_PROCESO, COD_ATRIBUTO, BPM_FLG_ENTRADA, BPM_OBJ_REFERENCIA, BPM_FLG_PIID, WEB_FLG_REFERENCIA, WEB_FLG_VALIDACION, WEB_MEN_VALIDACION, WEB_VAL_OMISION, WEB_REQUERIDO, WEB_NOM_CAT_COMBO, SQL_FLG_AUTOGENERADO, SQL_NOM_SECUENCIAL, COD_PROYECTO) VALUES (3, 506, 0, null, 0, 0, 1, 'Por favor ingrese la razon social del cliente', null, 1, null, 0, null, 1);
INSERT INTO BFP_CARTA_FIANZA.PRO_INI_ATRIBUTO(COD_PROCESO, COD_ATRIBUTO, BPM_FLG_ENTRADA, BPM_OBJ_REFERENCIA, BPM_FLG_PIID, WEB_FLG_REFERENCIA, WEB_FLG_VALIDACION, WEB_MEN_VALIDACION, WEB_VAL_OMISION, WEB_REQUERIDO, WEB_NOM_CAT_COMBO, SQL_FLG_AUTOGENERADO, SQL_NOM_SECUENCIAL, COD_PROYECTO) VALUES (4, 86, 0, null, 0, 0, 1, 'Por favor ingrese el número de la carta fianza', null, 1, null, 0, null, 1);
INSERT INTO BFP_CARTA_FIANZA.PRO_INI_ATRIBUTO(COD_PROCESO, COD_ATRIBUTO, BPM_FLG_ENTRADA, BPM_OBJ_REFERENCIA, BPM_FLG_PIID, WEB_FLG_REFERENCIA, WEB_FLG_VALIDACION, WEB_MEN_VALIDACION, WEB_VAL_OMISION, WEB_REQUERIDO, WEB_NOM_CAT_COMBO, SQL_FLG_AUTOGENERADO, SQL_NOM_SECUENCIAL, COD_PROYECTO) VALUES (4, 501, 1, null, 1, 0, 1, null, null, 0, null, 0, null, 1);
INSERT INTO BFP_CARTA_FIANZA.PRO_INI_ATRIBUTO(COD_PROCESO, COD_ATRIBUTO, BPM_FLG_ENTRADA, BPM_OBJ_REFERENCIA, BPM_FLG_PIID, WEB_FLG_REFERENCIA, WEB_FLG_VALIDACION, WEB_MEN_VALIDACION, WEB_VAL_OMISION, WEB_REQUERIDO, WEB_NOM_CAT_COMBO, SQL_FLG_AUTOGENERADO, SQL_NOM_SECUENCIAL, COD_PROYECTO) VALUES (4, 502, 1, null, 1, 0, 1, null, null, 0, null, 0, null, 1);
INSERT INTO BFP_CARTA_FIANZA.PRO_INI_ATRIBUTO(COD_PROCESO, COD_ATRIBUTO, BPM_FLG_ENTRADA, BPM_OBJ_REFERENCIA, BPM_FLG_PIID, WEB_FLG_REFERENCIA, WEB_FLG_VALIDACION, WEB_MEN_VALIDACION, WEB_VAL_OMISION, WEB_REQUERIDO, WEB_NOM_CAT_COMBO, SQL_FLG_AUTOGENERADO, SQL_NOM_SECUENCIAL, COD_PROYECTO) VALUES (4, 503, 1, null, 0, 0, 1, null, null, 0, null, 0, null, 1);
INSERT INTO BFP_CARTA_FIANZA.PRO_INI_ATRIBUTO(COD_PROCESO, COD_ATRIBUTO, BPM_FLG_ENTRADA, BPM_OBJ_REFERENCIA, BPM_FLG_PIID, WEB_FLG_REFERENCIA, WEB_FLG_VALIDACION, WEB_MEN_VALIDACION, WEB_VAL_OMISION, WEB_REQUERIDO, WEB_NOM_CAT_COMBO, SQL_FLG_AUTOGENERADO, SQL_NOM_SECUENCIAL, COD_PROYECTO) VALUES (4, 506, 0, null, 0, 0, 1, 'Por favor ingrese la razon social del cliente', null, 1, null, 0, null, 1);
INSERT INTO BFP_CARTA_FIANZA.PRO_INI_ATRIBUTO(COD_PROCESO, COD_ATRIBUTO, BPM_FLG_ENTRADA, BPM_OBJ_REFERENCIA, BPM_FLG_PIID, WEB_FLG_REFERENCIA, WEB_FLG_VALIDACION, WEB_MEN_VALIDACION, WEB_VAL_OMISION, WEB_REQUERIDO, WEB_NOM_CAT_COMBO, SQL_FLG_AUTOGENERADO, SQL_NOM_SECUENCIAL, COD_PROYECTO) VALUES (5, 86, 0, null, 0, 0, 1, 'Por favor ingrese el número de la carta fianza', null, 1, null, 0, null, 1);
INSERT INTO BFP_CARTA_FIANZA.PRO_INI_ATRIBUTO(COD_PROCESO, COD_ATRIBUTO, BPM_FLG_ENTRADA, BPM_OBJ_REFERENCIA, BPM_FLG_PIID, WEB_FLG_REFERENCIA, WEB_FLG_VALIDACION, WEB_MEN_VALIDACION, WEB_VAL_OMISION, WEB_REQUERIDO, WEB_NOM_CAT_COMBO, SQL_FLG_AUTOGENERADO, SQL_NOM_SECUENCIAL, COD_PROYECTO) VALUES (5, 501, 1, null, 1, 0, 1, null, null, 0, null, 0, null, 1);
INSERT INTO BFP_CARTA_FIANZA.PRO_INI_ATRIBUTO(COD_PROCESO, COD_ATRIBUTO, BPM_FLG_ENTRADA, BPM_OBJ_REFERENCIA, BPM_FLG_PIID, WEB_FLG_REFERENCIA, WEB_FLG_VALIDACION, WEB_MEN_VALIDACION, WEB_VAL_OMISION, WEB_REQUERIDO, WEB_NOM_CAT_COMBO, SQL_FLG_AUTOGENERADO, SQL_NOM_SECUENCIAL, COD_PROYECTO) VALUES (5, 502, 1, null, 1, 0, 1, null, null, 0, null, 0, null, 1);
INSERT INTO BFP_CARTA_FIANZA.PRO_INI_ATRIBUTO(COD_PROCESO, COD_ATRIBUTO, BPM_FLG_ENTRADA, BPM_OBJ_REFERENCIA, BPM_FLG_PIID, WEB_FLG_REFERENCIA, WEB_FLG_VALIDACION, WEB_MEN_VALIDACION, WEB_VAL_OMISION, WEB_REQUERIDO, WEB_NOM_CAT_COMBO, SQL_FLG_AUTOGENERADO, SQL_NOM_SECUENCIAL, COD_PROYECTO) VALUES (5, 503, 1, null, 0, 0, 1, null, null, 0, null, 0, null, 1);
INSERT INTO BFP_CARTA_FIANZA.PRO_INI_ATRIBUTO(COD_PROCESO, COD_ATRIBUTO, BPM_FLG_ENTRADA, BPM_OBJ_REFERENCIA, BPM_FLG_PIID, WEB_FLG_REFERENCIA, WEB_FLG_VALIDACION, WEB_MEN_VALIDACION, WEB_VAL_OMISION, WEB_REQUERIDO, WEB_NOM_CAT_COMBO, SQL_FLG_AUTOGENERADO, SQL_NOM_SECUENCIAL, COD_PROYECTO) VALUES (5, 506, 0, null, 0, 0, 1, 'Por favor ingrese la razon social del cliente', null, 1, null, 0, null, 1);
INSERT INTO BFP_CARTA_FIANZA.PRO_INI_ATRIBUTO(COD_PROCESO, COD_ATRIBUTO, BPM_FLG_ENTRADA, BPM_OBJ_REFERENCIA, BPM_FLG_PIID, WEB_FLG_REFERENCIA, WEB_FLG_VALIDACION, WEB_MEN_VALIDACION, WEB_VAL_OMISION, WEB_REQUERIDO, WEB_NOM_CAT_COMBO, SQL_FLG_AUTOGENERADO, SQL_NOM_SECUENCIAL, COD_PROYECTO) VALUES (6, 86, 0, null, 0, 0, 1, 'Por favor ingrese el número de la carta fianza', null, 1, null, 0, null, 1);
INSERT INTO BFP_CARTA_FIANZA.PRO_INI_ATRIBUTO(COD_PROCESO, COD_ATRIBUTO, BPM_FLG_ENTRADA, BPM_OBJ_REFERENCIA, BPM_FLG_PIID, WEB_FLG_REFERENCIA, WEB_FLG_VALIDACION, WEB_MEN_VALIDACION, WEB_VAL_OMISION, WEB_REQUERIDO, WEB_NOM_CAT_COMBO, SQL_FLG_AUTOGENERADO, SQL_NOM_SECUENCIAL, COD_PROYECTO) VALUES (6, 501, 1, null, 1, 0, 1, null, null, 0, null, 0, null, 1);
INSERT INTO BFP_CARTA_FIANZA.PRO_INI_ATRIBUTO(COD_PROCESO, COD_ATRIBUTO, BPM_FLG_ENTRADA, BPM_OBJ_REFERENCIA, BPM_FLG_PIID, WEB_FLG_REFERENCIA, WEB_FLG_VALIDACION, WEB_MEN_VALIDACION, WEB_VAL_OMISION, WEB_REQUERIDO, WEB_NOM_CAT_COMBO, SQL_FLG_AUTOGENERADO, SQL_NOM_SECUENCIAL, COD_PROYECTO) VALUES (6, 502, 1, null, 1, 0, 1, null, null, 0, null, 0, null, 1);
INSERT INTO BFP_CARTA_FIANZA.PRO_INI_ATRIBUTO(COD_PROCESO, COD_ATRIBUTO, BPM_FLG_ENTRADA, BPM_OBJ_REFERENCIA, BPM_FLG_PIID, WEB_FLG_REFERENCIA, WEB_FLG_VALIDACION, WEB_MEN_VALIDACION, WEB_VAL_OMISION, WEB_REQUERIDO, WEB_NOM_CAT_COMBO, SQL_FLG_AUTOGENERADO, SQL_NOM_SECUENCIAL, COD_PROYECTO) VALUES (6, 503, 1, null, 0, 0, 1, null, null, 0, null, 0, null, 1);
INSERT INTO BFP_CARTA_FIANZA.PRO_INI_ATRIBUTO(COD_PROCESO, COD_ATRIBUTO, BPM_FLG_ENTRADA, BPM_OBJ_REFERENCIA, BPM_FLG_PIID, WEB_FLG_REFERENCIA, WEB_FLG_VALIDACION, WEB_MEN_VALIDACION, WEB_VAL_OMISION, WEB_REQUERIDO, WEB_NOM_CAT_COMBO, SQL_FLG_AUTOGENERADO, SQL_NOM_SECUENCIAL, COD_PROYECTO) VALUES (6, 506, 0, null, 0, 0, 1, 'Por favor ingrese la razon social del cliente', null, 1, null, 0, null, 1);
INSERT INTO BFP_CARTA_FIANZA.PRO_INI_ATRIBUTO(COD_PROCESO, COD_ATRIBUTO, BPM_FLG_ENTRADA, BPM_OBJ_REFERENCIA, BPM_FLG_PIID, WEB_FLG_REFERENCIA, WEB_FLG_VALIDACION, WEB_MEN_VALIDACION, WEB_VAL_OMISION, WEB_REQUERIDO, WEB_NOM_CAT_COMBO, SQL_FLG_AUTOGENERADO, SQL_NOM_SECUENCIAL, COD_PROYECTO) VALUES (2, 1400, 0, null, 0, 0, 0, null, null, 0, null, 0, null, 1);
INSERT INTO BFP_CARTA_FIANZA.PRO_INI_ATRIBUTO(COD_PROCESO, COD_ATRIBUTO, BPM_FLG_ENTRADA, BPM_OBJ_REFERENCIA, BPM_FLG_PIID, WEB_FLG_REFERENCIA, WEB_FLG_VALIDACION, WEB_MEN_VALIDACION, WEB_VAL_OMISION, WEB_REQUERIDO, WEB_NOM_CAT_COMBO, SQL_FLG_AUTOGENERADO, SQL_NOM_SECUENCIAL, COD_PROYECTO) VALUES (2, 300, 0, null, 0, 0, 0, null, null, 0, null, 0, null, 1);
INSERT INTO BFP_CARTA_FIANZA.PRO_INI_ATRIBUTO(COD_PROCESO, COD_ATRIBUTO, BPM_FLG_ENTRADA, BPM_OBJ_REFERENCIA, BPM_FLG_PIID, WEB_FLG_REFERENCIA, WEB_FLG_VALIDACION, WEB_MEN_VALIDACION, WEB_VAL_OMISION, WEB_REQUERIDO, WEB_NOM_CAT_COMBO, SQL_FLG_AUTOGENERADO, SQL_NOM_SECUENCIAL, COD_PROYECTO) VALUES (2, 700, 0, null, 0, 0, 0, null, null, 0, null, 0, null, 1);
INSERT INTO BFP_CARTA_FIANZA.PRO_INI_ATRIBUTO(COD_PROCESO, COD_ATRIBUTO, BPM_FLG_ENTRADA, BPM_OBJ_REFERENCIA, BPM_FLG_PIID, WEB_FLG_REFERENCIA, WEB_FLG_VALIDACION, WEB_MEN_VALIDACION, WEB_VAL_OMISION, WEB_REQUERIDO, WEB_NOM_CAT_COMBO, SQL_FLG_AUTOGENERADO, SQL_NOM_SECUENCIAL, COD_PROYECTO) VALUES (3, 1400, 0, null, 0, 0, 0, null, null, 0, null, 0, null, 1);
INSERT INTO BFP_CARTA_FIANZA.PRO_INI_ATRIBUTO(COD_PROCESO, COD_ATRIBUTO, BPM_FLG_ENTRADA, BPM_OBJ_REFERENCIA, BPM_FLG_PIID, WEB_FLG_REFERENCIA, WEB_FLG_VALIDACION, WEB_MEN_VALIDACION, WEB_VAL_OMISION, WEB_REQUERIDO, WEB_NOM_CAT_COMBO, SQL_FLG_AUTOGENERADO, SQL_NOM_SECUENCIAL, COD_PROYECTO) VALUES (3, 300, 0, null, 0, 0, 0, null, null, 0, null, 0, null, 1);
INSERT INTO BFP_CARTA_FIANZA.PRO_INI_ATRIBUTO(COD_PROCESO, COD_ATRIBUTO, BPM_FLG_ENTRADA, BPM_OBJ_REFERENCIA, BPM_FLG_PIID, WEB_FLG_REFERENCIA, WEB_FLG_VALIDACION, WEB_MEN_VALIDACION, WEB_VAL_OMISION, WEB_REQUERIDO, WEB_NOM_CAT_COMBO, SQL_FLG_AUTOGENERADO, SQL_NOM_SECUENCIAL, COD_PROYECTO) VALUES (3, 700, 0, null, 0, 0, 0, null, null, 0, null, 0, null, 1);
INSERT INTO BFP_CARTA_FIANZA.PRO_INI_ATRIBUTO(COD_PROCESO, COD_ATRIBUTO, BPM_FLG_ENTRADA, BPM_OBJ_REFERENCIA, BPM_FLG_PIID, WEB_FLG_REFERENCIA, WEB_FLG_VALIDACION, WEB_MEN_VALIDACION, WEB_VAL_OMISION, WEB_REQUERIDO, WEB_NOM_CAT_COMBO, SQL_FLG_AUTOGENERADO, SQL_NOM_SECUENCIAL, COD_PROYECTO) VALUES (4, 300, 0, null, 0, 0, 0, null, null, 0, null, 0, null, 1);
INSERT INTO BFP_CARTA_FIANZA.PRO_INI_ATRIBUTO(COD_PROCESO, COD_ATRIBUTO, BPM_FLG_ENTRADA, BPM_OBJ_REFERENCIA, BPM_FLG_PIID, WEB_FLG_REFERENCIA, WEB_FLG_VALIDACION, WEB_MEN_VALIDACION, WEB_VAL_OMISION, WEB_REQUERIDO, WEB_NOM_CAT_COMBO, SQL_FLG_AUTOGENERADO, SQL_NOM_SECUENCIAL, COD_PROYECTO) VALUES (4, 700, 0, null, 0, 0, 0, null, null, 0, null, 0, null, 1);
INSERT INTO BFP_CARTA_FIANZA.PRO_INI_ATRIBUTO(COD_PROCESO, COD_ATRIBUTO, BPM_FLG_ENTRADA, BPM_OBJ_REFERENCIA, BPM_FLG_PIID, WEB_FLG_REFERENCIA, WEB_FLG_VALIDACION, WEB_MEN_VALIDACION, WEB_VAL_OMISION, WEB_REQUERIDO, WEB_NOM_CAT_COMBO, SQL_FLG_AUTOGENERADO, SQL_NOM_SECUENCIAL, COD_PROYECTO) VALUES (4, 1400, 0, null, 0, 0, 0, null, null, 0, null, 0, null, 1);
INSERT INTO BFP_CARTA_FIANZA.PRO_INI_ATRIBUTO(COD_PROCESO, COD_ATRIBUTO, BPM_FLG_ENTRADA, BPM_OBJ_REFERENCIA, BPM_FLG_PIID, WEB_FLG_REFERENCIA, WEB_FLG_VALIDACION, WEB_MEN_VALIDACION, WEB_VAL_OMISION, WEB_REQUERIDO, WEB_NOM_CAT_COMBO, SQL_FLG_AUTOGENERADO, SQL_NOM_SECUENCIAL, COD_PROYECTO) VALUES (5, 300, 0, null, 0, 0, 0, null, null, 0, null, 0, null, 1);
INSERT INTO BFP_CARTA_FIANZA.PRO_INI_ATRIBUTO(COD_PROCESO, COD_ATRIBUTO, BPM_FLG_ENTRADA, BPM_OBJ_REFERENCIA, BPM_FLG_PIID, WEB_FLG_REFERENCIA, WEB_FLG_VALIDACION, WEB_MEN_VALIDACION, WEB_VAL_OMISION, WEB_REQUERIDO, WEB_NOM_CAT_COMBO, SQL_FLG_AUTOGENERADO, SQL_NOM_SECUENCIAL, COD_PROYECTO) VALUES (5, 700, 0, null, 0, 0, 0, null, null, 0, null, 0, null, 1);
INSERT INTO BFP_CARTA_FIANZA.PRO_INI_ATRIBUTO(COD_PROCESO, COD_ATRIBUTO, BPM_FLG_ENTRADA, BPM_OBJ_REFERENCIA, BPM_FLG_PIID, WEB_FLG_REFERENCIA, WEB_FLG_VALIDACION, WEB_MEN_VALIDACION, WEB_VAL_OMISION, WEB_REQUERIDO, WEB_NOM_CAT_COMBO, SQL_FLG_AUTOGENERADO, SQL_NOM_SECUENCIAL, COD_PROYECTO) VALUES (5, 1400, 0, null, 0, 0, 0, null, null, 0, null, 0, null, 1);
INSERT INTO BFP_CARTA_FIANZA.PRO_INI_ATRIBUTO(COD_PROCESO, COD_ATRIBUTO, BPM_FLG_ENTRADA, BPM_OBJ_REFERENCIA, BPM_FLG_PIID, WEB_FLG_REFERENCIA, WEB_FLG_VALIDACION, WEB_MEN_VALIDACION, WEB_VAL_OMISION, WEB_REQUERIDO, WEB_NOM_CAT_COMBO, SQL_FLG_AUTOGENERADO, SQL_NOM_SECUENCIAL, COD_PROYECTO) VALUES (6, 300, 0, null, 0, 0, 0, null, null, 0, null, 0, null, 1);
INSERT INTO BFP_CARTA_FIANZA.PRO_INI_ATRIBUTO(COD_PROCESO, COD_ATRIBUTO, BPM_FLG_ENTRADA, BPM_OBJ_REFERENCIA, BPM_FLG_PIID, WEB_FLG_REFERENCIA, WEB_FLG_VALIDACION, WEB_MEN_VALIDACION, WEB_VAL_OMISION, WEB_REQUERIDO, WEB_NOM_CAT_COMBO, SQL_FLG_AUTOGENERADO, SQL_NOM_SECUENCIAL, COD_PROYECTO) VALUES (6, 700, 0, null, 0, 0, 0, null, null, 0, null, 0, null, 1);
INSERT INTO BFP_CARTA_FIANZA.PRO_INI_ATRIBUTO(COD_PROCESO, COD_ATRIBUTO, BPM_FLG_ENTRADA, BPM_OBJ_REFERENCIA, BPM_FLG_PIID, WEB_FLG_REFERENCIA, WEB_FLG_VALIDACION, WEB_MEN_VALIDACION, WEB_VAL_OMISION, WEB_REQUERIDO, WEB_NOM_CAT_COMBO, SQL_FLG_AUTOGENERADO, SQL_NOM_SECUENCIAL, COD_PROYECTO) VALUES (6, 1400, 0, null, 0, 0, 0, null, null, 0, null, 0, null, 1);
INSERT INTO BFP_CARTA_FIANZA.TABLA(COD_TABLA, ESQUEMA, NOMBRE, COD_PROYECTO, ORDEN) VALUES (1, 'BFP_CARTA_FIANZA', 'SOLICITUD', 1, 1);
INSERT INTO BFP_CARTA_FIANZA.TABLA(COD_TABLA, ESQUEMA, NOMBRE, COD_PROYECTO, ORDEN) VALUES (5, 'BFP_CARTA_FIANZA', 'CLIENTE', 1, 2);
INSERT INTO BFP_CARTA_FIANZA.TABLA(COD_TABLA, ESQUEMA, NOMBRE, COD_PROYECTO, ORDEN) VALUES (3, 'BFP_CARTA_FIANZA', 'LINEA', 1, 2);
INSERT INTO BFP_CARTA_FIANZA.TABLA(COD_TABLA, ESQUEMA, NOMBRE, COD_PROYECTO, ORDEN) VALUES (4, 'BFP_CARTA_FIANZA', 'RIESGO', 1, 2);
INSERT INTO BFP_CARTA_FIANZA.TABLA(COD_TABLA, ESQUEMA, NOMBRE, COD_PROYECTO, ORDEN) VALUES (13, 'BFP_CARTA_FIANZA', 'MAE_CONTRATO_MARCO', 1, 3);
INSERT INTO BFP_CARTA_FIANZA.TABLA(COD_TABLA, ESQUEMA, NOMBRE, COD_PROYECTO, ORDEN) VALUES (7, 'BFP_CARTA_FIANZA', 'CUENTA', 1, 2);
INSERT INTO BFP_CARTA_FIANZA.TABLA(COD_TABLA, ESQUEMA, NOMBRE, COD_PROYECTO, ORDEN) VALUES (6, 'BFP_CARTA_FIANZA', 'MAE_FUNCIONARIO', 1, 2);
INSERT INTO BFP_CARTA_FIANZA.TABLA(COD_TABLA, ESQUEMA, NOMBRE, COD_PROYECTO, ORDEN) VALUES (8, 'BFP_CARTA_FIANZA', 'COMISION', 1, 2);
INSERT INTO BFP_CARTA_FIANZA.TABLA(COD_TABLA, ESQUEMA, NOMBRE, COD_PROYECTO, ORDEN) VALUES (10, 'BFP_CARTA_FIANZA', 'LIS_VERIFICACION', 1, 2);
INSERT INTO BFP_CARTA_FIANZA.TABLA(COD_TABLA, ESQUEMA, NOMBRE, COD_PROYECTO, ORDEN) VALUES (11, 'BFP_CARTA_FIANZA', 'MAE_PLANTILLA', 1, 2);
INSERT INTO BFP_CARTA_FIANZA.TABLA(COD_TABLA, ESQUEMA, NOMBRE, COD_PROYECTO, ORDEN) VALUES (14, 'BFP_CARTA_FIANZA', 'CARTA_FIANZA', 1, 2);
INSERT INTO BFP_CARTA_FIANZA.TAREA(COD_TAREA, COD_PROCESO, COD_PROYECTO, NOMBRE, VERSION, COD_CON_TRABAJAR, COD_CON_COMPLETAR, SQL_ALEAS, SQL_DATASOURCE, BPM_NOMBRE, JAV_PAQUETE, JAV_CLASE, WEB_ACC_COMPLETAR, WEB_ACC_GRABAR, WEB_ACC_CANCELAR, WEB_ACC_RECHAZAR, WEB_ACC_OBSERVAR, WEB_ACC_SALIR, WEB_ACC_SUBSANAR, WEB_PAR_HIS_COMENTARIO, WEB_PAR_HIS_ACCION, WEB_TIE_ROJO, WEB_TIE_AMARILLO, WEB_FLG_ARC_ADJUNTOS, WEB_FLG_ARC_ADICIONALES, WEB_NOM_CONFIGURACION) VALUES (1, 1, 1, 'COMPLETAR SOLICITUD', '1.0.0', 2, 2, 'BE_EMI_COM_SOL', 'jdbc/cartaFianza', 'BECF_Emision_v1_CompletarSolicitud', 'pe.com.financiero.bpm.cf.tareas.emision', 'EmisionCompletarSolicitudV1', 1, 1, 1, 0, 0, 1, 0, 'solicitud.comentarioHistorial', 'solicitud.estado', 200, 100, 1, 1, 'completarsolicitudv1');
INSERT INTO BFP_CARTA_FIANZA.TAREA(COD_TAREA, COD_PROCESO, COD_PROYECTO, NOMBRE, VERSION, COD_CON_TRABAJAR, COD_CON_COMPLETAR, SQL_ALEAS, SQL_DATASOURCE, BPM_NOMBRE, JAV_PAQUETE, JAV_CLASE, WEB_ACC_COMPLETAR, WEB_ACC_GRABAR, WEB_ACC_CANCELAR, WEB_ACC_RECHAZAR, WEB_ACC_OBSERVAR, WEB_ACC_SALIR, WEB_ACC_SUBSANAR, WEB_PAR_HIS_COMENTARIO, WEB_PAR_HIS_ACCION, WEB_TIE_ROJO, WEB_TIE_AMARILLO, WEB_FLG_ARC_ADJUNTOS, WEB_FLG_ARC_ADICIONALES, WEB_NOM_CONFIGURACION) VALUES (2, 1, 1, 'EVALUAR SOLICITUD', '1.0.0', 2, 2, 'BE_EMI_EVA_SOL', 'jdbc/cartaFianza', 'BECF_Emision_v1_EvaluarSolicitud', 'pe.com.financiero.bpm.cf.tareas.emision', 'EmisionEvaluarSolicitudV1', 1, 1, 1, 0, 0, 1, 0, 'solicitud.comentarioHistorial', 'solicitud.estado', 200, 100, 1, 1, 'evaluarsolicitudv1');
INSERT INTO BFP_CARTA_FIANZA.TAREA(COD_TAREA, COD_PROCESO, COD_PROYECTO, NOMBRE, VERSION, COD_CON_TRABAJAR, COD_CON_COMPLETAR, SQL_ALEAS, SQL_DATASOURCE, BPM_NOMBRE, JAV_PAQUETE, JAV_CLASE, WEB_ACC_COMPLETAR, WEB_ACC_GRABAR, WEB_ACC_CANCELAR, WEB_ACC_RECHAZAR, WEB_ACC_OBSERVAR, WEB_ACC_SALIR, WEB_ACC_SUBSANAR, WEB_PAR_HIS_COMENTARIO, WEB_PAR_HIS_ACCION, WEB_TIE_ROJO, WEB_TIE_AMARILLO, WEB_FLG_ARC_ADJUNTOS, WEB_FLG_ARC_ADICIONALES, WEB_NOM_CONFIGURACION) VALUES (3, 1, 1, 'APROBAR SOLICITUD', '1.0.0', 2, 2, 'BE_EMI_APR_SOL', 'jdbc/cartaFianza', 'BECF_Emision_v1_AprobarSolicitud', 'pe.com.financiero.bpm.cf.tareas.emision', 'EmisionAprobarSolicitudV1', 1, 1, 1, 0, 0, 1, 0, 'solicitud.comentarioHistorial', 'solicitud.estado', 200, 100, 1, 1, 'aprobarsolicitudv1');
INSERT INTO BFP_CARTA_FIANZA.TAREA(COD_TAREA, COD_PROCESO, COD_PROYECTO, NOMBRE, VERSION, COD_CON_TRABAJAR, COD_CON_COMPLETAR, SQL_ALEAS, SQL_DATASOURCE, BPM_NOMBRE, JAV_PAQUETE, JAV_CLASE, WEB_ACC_COMPLETAR, WEB_ACC_GRABAR, WEB_ACC_CANCELAR, WEB_ACC_RECHAZAR, WEB_ACC_OBSERVAR, WEB_ACC_SALIR, WEB_ACC_SUBSANAR, WEB_PAR_HIS_COMENTARIO, WEB_PAR_HIS_ACCION, WEB_TIE_ROJO, WEB_TIE_AMARILLO, WEB_FLG_ARC_ADJUNTOS, WEB_FLG_ARC_ADICIONALES, WEB_NOM_CONFIGURACION) VALUES (4, 1, 1, 'AUTORIZAR VISADO', '1.0.0', 2, 2, 'BE_EMI_AUT_VIS', 'jdbc/cartaFianza', 'BECF_Emision_v1_AutorizarVisado', 'pe.com.financiero.bpm.cf.tareas.emision', 'EmisionAutorizarVisadoV1', 1, 1, 1, 0, 0, 1, 0, 'solicitud.comentarioHistorial', 'solicitud.estado', 200, 100, 1, 1, 'autorizarvisadov1');
INSERT INTO BFP_CARTA_FIANZA.TAREA(COD_TAREA, COD_PROCESO, COD_PROYECTO, NOMBRE, VERSION, COD_CON_TRABAJAR, COD_CON_COMPLETAR, SQL_ALEAS, SQL_DATASOURCE, BPM_NOMBRE, JAV_PAQUETE, JAV_CLASE, WEB_ACC_COMPLETAR, WEB_ACC_GRABAR, WEB_ACC_CANCELAR, WEB_ACC_RECHAZAR, WEB_ACC_OBSERVAR, WEB_ACC_SALIR, WEB_ACC_SUBSANAR, WEB_PAR_HIS_COMENTARIO, WEB_PAR_HIS_ACCION, WEB_TIE_ROJO, WEB_TIE_AMARILLO, WEB_FLG_ARC_ADJUNTOS, WEB_FLG_ARC_ADICIONALES, WEB_NOM_CONFIGURACION) VALUES (5, 1, 1, 'VISAR SOLICITUD', '1.0.0', 2, 2, 'BE_EMI_VIS_SOL', 'jdbc/cartaFianza', 'BECF_Emision_v1_VisarSolicitud', 'pe.com.financiero.bpm.cf.tareas.emision', 'EmisionVisarSolicitudV1', 1, 1, 1, 0, 0, 1, 0, 'solicitud.comentarioHistorial', 'solicitud.estado', 200, 100, 1, 1, 'visarsolicitudv1');
INSERT INTO BFP_CARTA_FIANZA.TAREA(COD_TAREA, COD_PROCESO, COD_PROYECTO, NOMBRE, VERSION, COD_CON_TRABAJAR, COD_CON_COMPLETAR, SQL_ALEAS, SQL_DATASOURCE, BPM_NOMBRE, JAV_PAQUETE, JAV_CLASE, WEB_ACC_COMPLETAR, WEB_ACC_GRABAR, WEB_ACC_CANCELAR, WEB_ACC_RECHAZAR, WEB_ACC_OBSERVAR, WEB_ACC_SALIR, WEB_ACC_SUBSANAR, WEB_PAR_HIS_COMENTARIO, WEB_PAR_HIS_ACCION, WEB_TIE_ROJO, WEB_TIE_AMARILLO, WEB_FLG_ARC_ADJUNTOS, WEB_FLG_ARC_ADICIONALES, WEB_NOM_CONFIGURACION) VALUES (6, 1, 1, 'AUTORIZAR OPERACION', '1.0.0', 2, 2, 'BE_EMI_AUT_OPE', 'jdbc/cartaFianza', 'BECF_Emision_v1_AutorizarOperacion', 'pe.com.financiero.bpm.cf.tareas.emision', 'EmisionAutorizarOperacionV1', 1, 1, 1, 0, 0, 1, 0, 'solicitud.comentarioHistorial', 'solicitud.estado', 200, 100, 1, 1, 'autorizaroperacionv1');
INSERT INTO BFP_CARTA_FIANZA.TAREA(COD_TAREA, COD_PROCESO, COD_PROYECTO, NOMBRE, VERSION, COD_CON_TRABAJAR, COD_CON_COMPLETAR, SQL_ALEAS, SQL_DATASOURCE, BPM_NOMBRE, JAV_PAQUETE, JAV_CLASE, WEB_ACC_COMPLETAR, WEB_ACC_GRABAR, WEB_ACC_CANCELAR, WEB_ACC_RECHAZAR, WEB_ACC_OBSERVAR, WEB_ACC_SALIR, WEB_ACC_SUBSANAR, WEB_PAR_HIS_COMENTARIO, WEB_PAR_HIS_ACCION, WEB_TIE_ROJO, WEB_TIE_AMARILLO, WEB_FLG_ARC_ADJUNTOS, WEB_FLG_ARC_ADICIONALES, WEB_NOM_CONFIGURACION) VALUES (7, 1, 1, 'IMPRIMIR VALORADO', '1.0.0', 2, 2, 'BE_EMI_IMP_VAL', 'jdbc/cartaFianza', 'BECF_Emision_v1_ImprimirValorado', 'pe.com.financiero.bpm.cf.tareas.emision', 'EmisionImprimirValoradoV1', 1, 1, 1, 0, 0, 1, 0, 'solicitud.comentarioHistorial', 'solicitud.estado', 200, 100, 1, 1, 'imprimirvaloradov1');
INSERT INTO BFP_CARTA_FIANZA.TAREA(COD_TAREA, COD_PROCESO, COD_PROYECTO, NOMBRE, VERSION, COD_CON_TRABAJAR, COD_CON_COMPLETAR, SQL_ALEAS, SQL_DATASOURCE, BPM_NOMBRE, JAV_PAQUETE, JAV_CLASE, WEB_ACC_COMPLETAR, WEB_ACC_GRABAR, WEB_ACC_CANCELAR, WEB_ACC_RECHAZAR, WEB_ACC_OBSERVAR, WEB_ACC_SALIR, WEB_ACC_SUBSANAR, WEB_PAR_HIS_COMENTARIO, WEB_PAR_HIS_ACCION, WEB_TIE_ROJO, WEB_TIE_AMARILLO, WEB_FLG_ARC_ADJUNTOS, WEB_FLG_ARC_ADICIONALES, WEB_NOM_CONFIGURACION) VALUES (8, 1, 1, 'ENTREGAR CARTA FIANZA', '1.0.0', 2, 2, 'BE_EMI_ENT_CAR', 'jdbc/cartaFianza', 'BECF_Emision_v1_EntregarCartaFianza', 'pe.com.financiero.bpm.cf.tareas.emision', 'EmisionEntregarCartaFianzaV1', 1, 1, 1, 0, 0, 1, 0, 'solicitud.comentarioHistorial', 'solicitud.estado', 200, 100, 1, 1, 'entregarcartafianzav1');
INSERT INTO BFP_CARTA_FIANZA.TAREA(COD_TAREA, COD_PROCESO, COD_PROYECTO, NOMBRE, VERSION, COD_CON_TRABAJAR, COD_CON_COMPLETAR, SQL_ALEAS, SQL_DATASOURCE, BPM_NOMBRE, JAV_PAQUETE, JAV_CLASE, WEB_ACC_COMPLETAR, WEB_ACC_GRABAR, WEB_ACC_CANCELAR, WEB_ACC_RECHAZAR, WEB_ACC_OBSERVAR, WEB_ACC_SALIR, WEB_ACC_SUBSANAR, WEB_PAR_HIS_COMENTARIO, WEB_PAR_HIS_ACCION, WEB_TIE_ROJO, WEB_TIE_AMARILLO, WEB_FLG_ARC_ADJUNTOS, WEB_FLG_ARC_ADICIONALES, WEB_NOM_CONFIGURACION) VALUES (9, 1, 1, 'AUTORIZAR REIMPRESION', '1.0.0', 2, 2, 'BE_EMI_AUT_IMP', 'jdbc/cartaFianza', 'BECF_Emision_v1_AutorizarReimpresion', 'pe.com.financiero.bpm.cf.tareas.emision', 'EmisionAutorizarReimpresionV1', 1, 1, 1, 0, 0, 1, 0, 'solicitud.comentarioHistorial', 'solicitud.estado', 200, 100, 1, 1, 'autorizarreimpresionv1');
INSERT INTO BFP_CARTA_FIANZA.TAREA(COD_TAREA, COD_PROCESO, COD_PROYECTO, NOMBRE, VERSION, COD_CON_TRABAJAR, COD_CON_COMPLETAR, SQL_ALEAS, SQL_DATASOURCE, BPM_NOMBRE, JAV_PAQUETE, JAV_CLASE, WEB_ACC_COMPLETAR, WEB_ACC_GRABAR, WEB_ACC_CANCELAR, WEB_ACC_RECHAZAR, WEB_ACC_OBSERVAR, WEB_ACC_SALIR, WEB_ACC_SUBSANAR, WEB_PAR_HIS_COMENTARIO, WEB_PAR_HIS_ACCION, WEB_TIE_ROJO, WEB_TIE_AMARILLO, WEB_FLG_ARC_ADJUNTOS, WEB_FLG_ARC_ADICIONALES, WEB_NOM_CONFIGURACION) VALUES (10, 1, 1, 'SUBSANAR OBSERVACIONES APROBACION', '1.0.0', 2, 2, 'BE_EMI_SUB_APR', 'jdbc/cartaFianza', 'BECF_Emision_v1_SubsanarObservacionesGerenteGrupo', 'pe.com.financiero.bpm.cf.tareas.emision', 'EmisionSubsanarObservacionesGerenteGrupoV1', 1, 1, 1, 0, 0, 1, 0, 'solicitud.comentarioHistorial', 'solicitud.estado', 200, 100, 1, 1, 'subsanarobservacionesgerentegrupov1');
INSERT INTO BFP_CARTA_FIANZA.TAREA(COD_TAREA, COD_PROCESO, COD_PROYECTO, NOMBRE, VERSION, COD_CON_TRABAJAR, COD_CON_COMPLETAR, SQL_ALEAS, SQL_DATASOURCE, BPM_NOMBRE, JAV_PAQUETE, JAV_CLASE, WEB_ACC_COMPLETAR, WEB_ACC_GRABAR, WEB_ACC_CANCELAR, WEB_ACC_RECHAZAR, WEB_ACC_OBSERVAR, WEB_ACC_SALIR, WEB_ACC_SUBSANAR, WEB_PAR_HIS_COMENTARIO, WEB_PAR_HIS_ACCION, WEB_TIE_ROJO, WEB_TIE_AMARILLO, WEB_FLG_ARC_ADJUNTOS, WEB_FLG_ARC_ADICIONALES, WEB_NOM_CONFIGURACION) VALUES (11, 1, 1, 'SUBSANAR OBSERVACIONES VISADO', '1.0.0', 2, 2, 'BE_EMI_SUB_VIS', 'jdbc/cartaFianza', 'BECF_Emision_v1_SubsanarObservacionesVisado', 'pe.com.financiero.bpm.cf.tareas.emision', 'EmisionSubsanarObservacionesVisadoGrupoV1', 1, 1, 1, 0, 0, 1, 0, 'solicitud.comentarioHistorial', 'solicitud.estado', 200, 100, 1, 1, 'subsanarobservacionesvisadov1');
INSERT INTO BFP_CARTA_FIANZA.TAREA(COD_TAREA, COD_PROCESO, COD_PROYECTO, NOMBRE, VERSION, COD_CON_TRABAJAR, COD_CON_COMPLETAR, SQL_ALEAS, SQL_DATASOURCE, BPM_NOMBRE, JAV_PAQUETE, JAV_CLASE, WEB_ACC_COMPLETAR, WEB_ACC_GRABAR, WEB_ACC_CANCELAR, WEB_ACC_RECHAZAR, WEB_ACC_OBSERVAR, WEB_ACC_SALIR, WEB_ACC_SUBSANAR, WEB_PAR_HIS_COMENTARIO, WEB_PAR_HIS_ACCION, WEB_TIE_ROJO, WEB_TIE_AMARILLO, WEB_FLG_ARC_ADJUNTOS, WEB_FLG_ARC_ADICIONALES, WEB_NOM_CONFIGURACION) VALUES (12, 1, 1, 'SUBSANAR OBSERVACIONES AUTORIZACION', '1.0.0', 2, 2, 'BE_EMI_SUB_AUT', 'jdbc/cartaFianza', 'BECF_Emision_v1_SubsanarObservacionesAutorizacion', 'pe.com.financiero.bpm.cf.tareas.emision', 'EmisionSubsanarObservacionesAutorizacionV1', 1, 1, 1, 0, 0, 1, 0, 'solicitud.comentarioHistorial', 'solicitud.estado', 200, 100, 1, 1, 'subsanarobservacionesautorizacionv1');
INSERT INTO BFP_CARTA_FIANZA.TAREA(COD_TAREA, COD_PROCESO, COD_PROYECTO, NOMBRE, VERSION, COD_CON_TRABAJAR, COD_CON_COMPLETAR, SQL_ALEAS, SQL_DATASOURCE, BPM_NOMBRE, JAV_PAQUETE, JAV_CLASE, WEB_ACC_COMPLETAR, WEB_ACC_GRABAR, WEB_ACC_CANCELAR, WEB_ACC_RECHAZAR, WEB_ACC_OBSERVAR, WEB_ACC_SALIR, WEB_ACC_SUBSANAR, WEB_PAR_HIS_COMENTARIO, WEB_PAR_HIS_ACCION, WEB_TIE_ROJO, WEB_TIE_AMARILLO, WEB_FLG_ARC_ADJUNTOS, WEB_FLG_ARC_ADICIONALES, WEB_NOM_CONFIGURACION) VALUES (401, 4, 1, 'COMPLETAR SOLICITUD', '1.0.0', 42, 42, 'BE_CES_COM_SOL', 'jdbc/cartaFianza', 'BECF_CambioEstado_v1_CompletarSolicitud', 'pe.com.financiero.bpm.cf.tareas.cambioEstado', 'CambioEstadoCompletarSolicitudV1', 1, 1, 1, 0, 0, 1, 0, 'solicitud.comentarioHistorial', 'solicitud.estado', 200, 100, 1, 1, 'completarsolicitudv1');
INSERT INTO BFP_CARTA_FIANZA.TAREA(COD_TAREA, COD_PROCESO, COD_PROYECTO, NOMBRE, VERSION, COD_CON_TRABAJAR, COD_CON_COMPLETAR, SQL_ALEAS, SQL_DATASOURCE, BPM_NOMBRE, JAV_PAQUETE, JAV_CLASE, WEB_ACC_COMPLETAR, WEB_ACC_GRABAR, WEB_ACC_CANCELAR, WEB_ACC_RECHAZAR, WEB_ACC_OBSERVAR, WEB_ACC_SALIR, WEB_ACC_SUBSANAR, WEB_PAR_HIS_COMENTARIO, WEB_PAR_HIS_ACCION, WEB_TIE_ROJO, WEB_TIE_AMARILLO, WEB_FLG_ARC_ADJUNTOS, WEB_FLG_ARC_ADICIONALES, WEB_NOM_CONFIGURACION) VALUES (402, 4, 1, 'AUTORIZAR OPERACION', '1.0.0', 42, 42, 'BE_CES_AUT_OPE', 'jdbc/cartaFianza', 'BECF_CambioEstado_v1_AutorizarOperacion', 'pe.com.financiero.bpm.cf.tareas.cambioEstado', 'CambioEstadoAutorizarOperacionV1', 1, 1, 1, 0, 0, 1, 0, 'solicitud.comentarioHistorial', 'solicitud.estado', 200, 100, 1, 1, 'autorizaroperacionv1');
INSERT INTO BFP_CARTA_FIANZA.TAREA(COD_TAREA, COD_PROCESO, COD_PROYECTO, NOMBRE, VERSION, COD_CON_TRABAJAR, COD_CON_COMPLETAR, SQL_ALEAS, SQL_DATASOURCE, BPM_NOMBRE, JAV_PAQUETE, JAV_CLASE, WEB_ACC_COMPLETAR, WEB_ACC_GRABAR, WEB_ACC_CANCELAR, WEB_ACC_RECHAZAR, WEB_ACC_OBSERVAR, WEB_ACC_SALIR, WEB_ACC_SUBSANAR, WEB_PAR_HIS_COMENTARIO, WEB_PAR_HIS_ACCION, WEB_TIE_ROJO, WEB_TIE_AMARILLO, WEB_FLG_ARC_ADJUNTOS, WEB_FLG_ARC_ADICIONALES, WEB_NOM_CONFIGURACION) VALUES (403, 4, 1, 'NOTIFICAR RENOVACION', '1.0.0', 42, 42, 'BE_CES_NOT_REN', 'jdbc/cartaFianza', 'BECF_CambioEstado_v1_NotificarRenovacion', 'pe.com.financiero.bpm.cf.tareas.cambioEstado', 'CambioEstadoNotificarRenovacionV1', 1, 1, 1, 0, 0, 1, 0, 'solicitud.comentarioHistorial', 'solicitud.estado', 200, 100, 1, 1, 'notificarrenovacionv1');
INSERT INTO BFP_CARTA_FIANZA.TAREA(COD_TAREA, COD_PROCESO, COD_PROYECTO, NOMBRE, VERSION, COD_CON_TRABAJAR, COD_CON_COMPLETAR, SQL_ALEAS, SQL_DATASOURCE, BPM_NOMBRE, JAV_PAQUETE, JAV_CLASE, WEB_ACC_COMPLETAR, WEB_ACC_GRABAR, WEB_ACC_CANCELAR, WEB_ACC_RECHAZAR, WEB_ACC_OBSERVAR, WEB_ACC_SALIR, WEB_ACC_SUBSANAR, WEB_PAR_HIS_COMENTARIO, WEB_PAR_HIS_ACCION, WEB_TIE_ROJO, WEB_TIE_AMARILLO, WEB_FLG_ARC_ADJUNTOS, WEB_FLG_ARC_ADICIONALES, WEB_NOM_CONFIGURACION) VALUES (404, 4, 1, 'NOTIFICAR REQUERIMIENTO', '1.0.0', 42, 42, 'BE_CES_NOT_REQ', 'jdbc/cartaFianza', 'BECF_CambioEstado_v1_NotificarRequerimiento', 'pe.com.financiero.bpm.cf.tareas.cambioEstado', 'CambioEstadoNotificarRequerimientoV1', 1, 1, 1, 0, 0, 1, 0, 'solicitud.comentarioHistorial', 'solicitud.estado', 200, 100, 1, 1, 'notificarrequerimientov1');
INSERT INTO BFP_CARTA_FIANZA.TAREA(COD_TAREA, COD_PROCESO, COD_PROYECTO, NOMBRE, VERSION, COD_CON_TRABAJAR, COD_CON_COMPLETAR, SQL_ALEAS, SQL_DATASOURCE, BPM_NOMBRE, JAV_PAQUETE, JAV_CLASE, WEB_ACC_COMPLETAR, WEB_ACC_GRABAR, WEB_ACC_CANCELAR, WEB_ACC_RECHAZAR, WEB_ACC_OBSERVAR, WEB_ACC_SALIR, WEB_ACC_SUBSANAR, WEB_PAR_HIS_COMENTARIO, WEB_PAR_HIS_ACCION, WEB_TIE_ROJO, WEB_TIE_AMARILLO, WEB_FLG_ARC_ADJUNTOS, WEB_FLG_ARC_ADICIONALES, WEB_NOM_CONFIGURACION) VALUES (501, 5, 1, 'COMPLETAR SOLICITUD', '1.0.0', 52, 52, 'BE_CAN_COM_SOL', 'jdbc/cartaFianza', 'BECF_Cancelacion_v1_CompletarSolicitud', 'pe.com.financiero.bpm.cf.tareas.cancelacion', 'CancelacionCompletarSolicitudV1', 1, 1, 1, 0, 0, 1, 0, 'solicitud.comentarioHistorial', 'solicitud.estado', 200, 100, 1, 1, 'completarsolicitudv1');
INSERT INTO BFP_CARTA_FIANZA.TAREA(COD_TAREA, COD_PROCESO, COD_PROYECTO, NOMBRE, VERSION, COD_CON_TRABAJAR, COD_CON_COMPLETAR, SQL_ALEAS, SQL_DATASOURCE, BPM_NOMBRE, JAV_PAQUETE, JAV_CLASE, WEB_ACC_COMPLETAR, WEB_ACC_GRABAR, WEB_ACC_CANCELAR, WEB_ACC_RECHAZAR, WEB_ACC_OBSERVAR, WEB_ACC_SALIR, WEB_ACC_SUBSANAR, WEB_PAR_HIS_COMENTARIO, WEB_PAR_HIS_ACCION, WEB_TIE_ROJO, WEB_TIE_AMARILLO, WEB_FLG_ARC_ADJUNTOS, WEB_FLG_ARC_ADICIONALES, WEB_NOM_CONFIGURACION) VALUES (502, 5, 1, 'AUTORIZAR OPERACION', '1.0.0', 52, 52, 'BE_CAN_AUT_OPE', 'jdbc/cartaFianza', 'BECF_Cancelacion_v1_AutorizarOperacion', 'pe.com.financiero.bpm.cf.tareas.cancelacion', 'CancelacionAutorizarOperacionV1', 1, 1, 1, 0, 1, 1, 0, 'solicitud.comentarioHistorial', 'solicitud.estado', 200, 100, 1, 1, 'autorizaroperacionv1');
INSERT INTO BFP_CARTA_FIANZA.TAREA(COD_TAREA, COD_PROCESO, COD_PROYECTO, NOMBRE, VERSION, COD_CON_TRABAJAR, COD_CON_COMPLETAR, SQL_ALEAS, SQL_DATASOURCE, BPM_NOMBRE, JAV_PAQUETE, JAV_CLASE, WEB_ACC_COMPLETAR, WEB_ACC_GRABAR, WEB_ACC_CANCELAR, WEB_ACC_RECHAZAR, WEB_ACC_OBSERVAR, WEB_ACC_SALIR, WEB_ACC_SUBSANAR, WEB_PAR_HIS_COMENTARIO, WEB_PAR_HIS_ACCION, WEB_TIE_ROJO, WEB_TIE_AMARILLO, WEB_FLG_ARC_ADJUNTOS, WEB_FLG_ARC_ADICIONALES, WEB_NOM_CONFIGURACION) VALUES (503, 5, 1, 'SUBSANAR OBSERVACIONES AUTORIZACION', '1.0.0', 52, 52, 'BE_CAN_SUB_AUT', 'jdbc/cartaFianza', 'BECF_Cancelacion_v1_SubsanarObservacionesAutorizacion', 'pe.com.financiero.bpm.cf.tareas.cancelacion', 'CancelacionSubsanarObservacionesAutorizacionV1', 1, 1, 1, 0, 0, 1, 0, 'solicitud.comentarioHistorial', 'solicitud.estado', 200, 100, 1, 1, 'subsanarobservacionesautorizacionv1');
INSERT INTO BFP_CARTA_FIANZA.TAREA_ATR_CANCELAR(COD_PROCESO, COD_PROYECTO, COD_TAREA, COD_ATRIBUTO, JAV_VAL_OMISION, WEB_FLG_VALIDACION) VALUES (1, 1, 1, 4, '"CAN"', 0);
INSERT INTO BFP_CARTA_FIANZA.TAREA_ATR_CANCELAR(COD_PROCESO, COD_PROYECTO, COD_TAREA, COD_ATRIBUTO, JAV_VAL_OMISION, WEB_FLG_VALIDACION) VALUES (1, 1, 2, 4, '"CAN"', 0);
INSERT INTO BFP_CARTA_FIANZA.TAREA_ATR_COMPLETAR(COD_PROCESO, COD_PROYECTO, COD_TAREA, COD_ATRIBUTO, JAV_VAL_OMISION, WEB_FLG_VALIDACION, WEB_TAB_CAMPO, WEB_ORD_VALIDACION) VALUES (1, 1, 1, 508, null, 1, 0, 2);
INSERT INTO BFP_CARTA_FIANZA.TAREA_ATR_COMPLETAR(COD_PROCESO, COD_PROYECTO, COD_TAREA, COD_ATRIBUTO, JAV_VAL_OMISION, WEB_FLG_VALIDACION, WEB_TAB_CAMPO, WEB_ORD_VALIDACION) VALUES (1, 1, 1, 509, null, 1, 0, 3);
INSERT INTO BFP_CARTA_FIANZA.TAREA_ATR_COMPLETAR(COD_PROCESO, COD_PROYECTO, COD_TAREA, COD_ATRIBUTO, JAV_VAL_OMISION, WEB_FLG_VALIDACION, WEB_TAB_CAMPO, WEB_ORD_VALIDACION) VALUES (1, 1, 1, 70, null, 1, 0, 1);
INSERT INTO BFP_CARTA_FIANZA.TAREA_ATR_COMPLETAR(COD_PROCESO, COD_PROYECTO, COD_TAREA, COD_ATRIBUTO, JAV_VAL_OMISION, WEB_FLG_VALIDACION, WEB_TAB_CAMPO, WEB_ORD_VALIDACION) VALUES (1, 1, 1, 71, null, 1, 0, null);
INSERT INTO BFP_CARTA_FIANZA.TAREA_ATR_COMPLETAR(COD_PROCESO, COD_PROYECTO, COD_TAREA, COD_ATRIBUTO, JAV_VAL_OMISION, WEB_FLG_VALIDACION, WEB_TAB_CAMPO, WEB_ORD_VALIDACION) VALUES (1, 1, 1, 72, null, 1, 0, null);
INSERT INTO BFP_CARTA_FIANZA.TAREA_ATR_COMPLETAR(COD_PROCESO, COD_PROYECTO, COD_TAREA, COD_ATRIBUTO, JAV_VAL_OMISION, WEB_FLG_VALIDACION, WEB_TAB_CAMPO, WEB_ORD_VALIDACION) VALUES (1, 1, 1, 73, null, 1, 0, null);
INSERT INTO BFP_CARTA_FIANZA.TAREA_ATR_COMPLETAR(COD_PROCESO, COD_PROYECTO, COD_TAREA, COD_ATRIBUTO, JAV_VAL_OMISION, WEB_FLG_VALIDACION, WEB_TAB_CAMPO, WEB_ORD_VALIDACION) VALUES (1, 1, 1, 75, null, 1, 0, null);
INSERT INTO BFP_CARTA_FIANZA.TAREA_ATR_COMPLETAR(COD_PROCESO, COD_PROYECTO, COD_TAREA, COD_ATRIBUTO, JAV_VAL_OMISION, WEB_FLG_VALIDACION, WEB_TAB_CAMPO, WEB_ORD_VALIDACION) VALUES (1, 1, 1, 76, null, 1, 0, null);
INSERT INTO BFP_CARTA_FIANZA.TAREA_ATR_COMPLETAR(COD_PROCESO, COD_PROYECTO, COD_TAREA, COD_ATRIBUTO, JAV_VAL_OMISION, WEB_FLG_VALIDACION, WEB_TAB_CAMPO, WEB_ORD_VALIDACION) VALUES (1, 1, 1, 74, null, 1, 0, null);
INSERT INTO BFP_CARTA_FIANZA.TAREA_ATR_COMPLETAR(COD_PROCESO, COD_PROYECTO, COD_TAREA, COD_ATRIBUTO, JAV_VAL_OMISION, WEB_FLG_VALIDACION, WEB_TAB_CAMPO, WEB_ORD_VALIDACION) VALUES (1, 1, 1, 500, null, 0, 0, null);
INSERT INTO BFP_CARTA_FIANZA.TAREA_ATR_COMPLETAR(COD_PROCESO, COD_PROYECTO, COD_TAREA, COD_ATRIBUTO, JAV_VAL_OMISION, WEB_FLG_VALIDACION, WEB_TAB_CAMPO, WEB_ORD_VALIDACION) VALUES (1, 1, 1, 1, null, 0, 0, null);
INSERT INTO BFP_CARTA_FIANZA.TAREA_ATR_COMPLETAR(COD_PROCESO, COD_PROYECTO, COD_TAREA, COD_ATRIBUTO, JAV_VAL_OMISION, WEB_FLG_VALIDACION, WEB_TAB_CAMPO, WEB_ORD_VALIDACION) VALUES (1, 1, 1, 4, '"PEN"', 0, 0, null);
INSERT INTO BFP_CARTA_FIANZA.TAREA_ATR_COMPLETAR(COD_PROCESO, COD_PROYECTO, COD_TAREA, COD_ATRIBUTO, JAV_VAL_OMISION, WEB_FLG_VALIDACION, WEB_TAB_CAMPO, WEB_ORD_VALIDACION) VALUES (1, 1, 1, 98, 'usuarioPortal.getCodigo()', 0, 0, null);
INSERT INTO BFP_CARTA_FIANZA.TAREA_ATR_COMPLETAR(COD_PROCESO, COD_PROYECTO, COD_TAREA, COD_ATRIBUTO, JAV_VAL_OMISION, WEB_FLG_VALIDACION, WEB_TAB_CAMPO, WEB_ORD_VALIDACION) VALUES (1, 1, 1, 99, 'new java.sql.Timestamp(new java.util.Date().getTime())', 0, 0, null);
INSERT INTO BFP_CARTA_FIANZA.TAREA_ATR_COMPLETAR(COD_PROCESO, COD_PROYECTO, COD_TAREA, COD_ATRIBUTO, JAV_VAL_OMISION, WEB_FLG_VALIDACION, WEB_TAB_CAMPO, WEB_ORD_VALIDACION) VALUES (1, 1, 2, 4, '"APR"', 0, 0, null);
INSERT INTO BFP_CARTA_FIANZA.TAREA_ATR_COMPLETAR(COD_PROCESO, COD_PROYECTO, COD_TAREA, COD_ATRIBUTO, JAV_VAL_OMISION, WEB_FLG_VALIDACION, WEB_TAB_CAMPO, WEB_ORD_VALIDACION) VALUES (1, 1, 1, 6, null, 1, 1, 16);
INSERT INTO BFP_CARTA_FIANZA.TAREA_ATR_COMPLETAR(COD_PROCESO, COD_PROYECTO, COD_TAREA, COD_ATRIBUTO, JAV_VAL_OMISION, WEB_FLG_VALIDACION, WEB_TAB_CAMPO, WEB_ORD_VALIDACION) VALUES (1, 1, 1, 7, null, 1, 1, 17);
INSERT INTO BFP_CARTA_FIANZA.TAREA_ATR_COMPLETAR(COD_PROCESO, COD_PROYECTO, COD_TAREA, COD_ATRIBUTO, JAV_VAL_OMISION, WEB_FLG_VALIDACION, WEB_TAB_CAMPO, WEB_ORD_VALIDACION) VALUES (1, 1, 1, 8, null, 1, 1, 18);
INSERT INTO BFP_CARTA_FIANZA.TAREA_ATR_COMPLETAR(COD_PROCESO, COD_PROYECTO, COD_TAREA, COD_ATRIBUTO, JAV_VAL_OMISION, WEB_FLG_VALIDACION, WEB_TAB_CAMPO, WEB_ORD_VALIDACION) VALUES (1, 1, 1, 9, null, 1, 1, 4);
INSERT INTO BFP_CARTA_FIANZA.TAREA_ATR_COMPLETAR(COD_PROCESO, COD_PROYECTO, COD_TAREA, COD_ATRIBUTO, JAV_VAL_OMISION, WEB_FLG_VALIDACION, WEB_TAB_CAMPO, WEB_ORD_VALIDACION) VALUES (1, 1, 1, 10, null, 0, 0, null);
INSERT INTO BFP_CARTA_FIANZA.TAREA_ATR_COMPLETAR(COD_PROCESO, COD_PROYECTO, COD_TAREA, COD_ATRIBUTO, JAV_VAL_OMISION, WEB_FLG_VALIDACION, WEB_TAB_CAMPO, WEB_ORD_VALIDACION) VALUES (1, 1, 1, 11, null, 0, 0, null);
INSERT INTO BFP_CARTA_FIANZA.TAREA_ATR_COMPLETAR(COD_PROCESO, COD_PROYECTO, COD_TAREA, COD_ATRIBUTO, JAV_VAL_OMISION, WEB_FLG_VALIDACION, WEB_TAB_CAMPO, WEB_ORD_VALIDACION) VALUES (1, 1, 1, 13, null, 1, 1, 5);
INSERT INTO BFP_CARTA_FIANZA.TAREA_ATR_COMPLETAR(COD_PROCESO, COD_PROYECTO, COD_TAREA, COD_ATRIBUTO, JAV_VAL_OMISION, WEB_FLG_VALIDACION, WEB_TAB_CAMPO, WEB_ORD_VALIDACION) VALUES (1, 1, 1, 19, null, 1, 0, null);
INSERT INTO BFP_CARTA_FIANZA.TAREA_ATR_COMPLETAR(COD_PROCESO, COD_PROYECTO, COD_TAREA, COD_ATRIBUTO, JAV_VAL_OMISION, WEB_FLG_VALIDACION, WEB_TAB_CAMPO, WEB_ORD_VALIDACION) VALUES (1, 1, 1, 20, null, 1, 1, 6);
INSERT INTO BFP_CARTA_FIANZA.TAREA_ATR_COMPLETAR(COD_PROCESO, COD_PROYECTO, COD_TAREA, COD_ATRIBUTO, JAV_VAL_OMISION, WEB_FLG_VALIDACION, WEB_TAB_CAMPO, WEB_ORD_VALIDACION) VALUES (1, 1, 1, 21, null, 1, 1, 7);
INSERT INTO BFP_CARTA_FIANZA.TAREA_ATR_COMPLETAR(COD_PROCESO, COD_PROYECTO, COD_TAREA, COD_ATRIBUTO, JAV_VAL_OMISION, WEB_FLG_VALIDACION, WEB_TAB_CAMPO, WEB_ORD_VALIDACION) VALUES (1, 1, 1, 22, null, 1, 0, null);
INSERT INTO BFP_CARTA_FIANZA.TAREA_ATR_COMPLETAR(COD_PROCESO, COD_PROYECTO, COD_TAREA, COD_ATRIBUTO, JAV_VAL_OMISION, WEB_FLG_VALIDACION, WEB_TAB_CAMPO, WEB_ORD_VALIDACION) VALUES (1, 1, 1, 23, null, 1, 1, 8);
INSERT INTO BFP_CARTA_FIANZA.TAREA_ATR_COMPLETAR(COD_PROCESO, COD_PROYECTO, COD_TAREA, COD_ATRIBUTO, JAV_VAL_OMISION, WEB_FLG_VALIDACION, WEB_TAB_CAMPO, WEB_ORD_VALIDACION) VALUES (1, 1, 1, 24, null, 0, 1, 9);
INSERT INTO BFP_CARTA_FIANZA.TAREA_ATR_COMPLETAR(COD_PROCESO, COD_PROYECTO, COD_TAREA, COD_ATRIBUTO, JAV_VAL_OMISION, WEB_FLG_VALIDACION, WEB_TAB_CAMPO, WEB_ORD_VALIDACION) VALUES (1, 1, 1, 26, null, 0, 1, 10);
INSERT INTO BFP_CARTA_FIANZA.TAREA_ATR_COMPLETAR(COD_PROCESO, COD_PROYECTO, COD_TAREA, COD_ATRIBUTO, JAV_VAL_OMISION, WEB_FLG_VALIDACION, WEB_TAB_CAMPO, WEB_ORD_VALIDACION) VALUES (1, 1, 1, 36, null, 1, 1, 13);
INSERT INTO BFP_CARTA_FIANZA.TAREA_ATR_COMPLETAR(COD_PROCESO, COD_PROYECTO, COD_TAREA, COD_ATRIBUTO, JAV_VAL_OMISION, WEB_FLG_VALIDACION, WEB_TAB_CAMPO, WEB_ORD_VALIDACION) VALUES (1, 1, 1, 37, null, 0, 1, 14);
INSERT INTO BFP_CARTA_FIANZA.TAREA_ATR_COMPLETAR(COD_PROCESO, COD_PROYECTO, COD_TAREA, COD_ATRIBUTO, JAV_VAL_OMISION, WEB_FLG_VALIDACION, WEB_TAB_CAMPO, WEB_ORD_VALIDACION) VALUES (1, 1, 1, 38, null, 0, 1, 15);
INSERT INTO BFP_CARTA_FIANZA.TAREA_ATR_COMPLETAR(COD_PROCESO, COD_PROYECTO, COD_TAREA, COD_ATRIBUTO, JAV_VAL_OMISION, WEB_FLG_VALIDACION, WEB_TAB_CAMPO, WEB_ORD_VALIDACION) VALUES (1, 1, 1, 39, null, 1, 1, 12);
INSERT INTO BFP_CARTA_FIANZA.TAREA_ATR_COMPLETAR(COD_PROCESO, COD_PROYECTO, COD_TAREA, COD_ATRIBUTO, JAV_VAL_OMISION, WEB_FLG_VALIDACION, WEB_TAB_CAMPO, WEB_ORD_VALIDACION) VALUES (1, 1, 2, 43, null, 1, 1, 1);
INSERT INTO BFP_CARTA_FIANZA.TAREA_ATR_COMPLETAR(COD_PROCESO, COD_PROYECTO, COD_TAREA, COD_ATRIBUTO, JAV_VAL_OMISION, WEB_FLG_VALIDACION, WEB_TAB_CAMPO, WEB_ORD_VALIDACION) VALUES (1, 1, 2, 45, null, 1, 1, 2);
INSERT INTO BFP_CARTA_FIANZA.TAREA_ATR_COMPLETAR(COD_PROCESO, COD_PROYECTO, COD_TAREA, COD_ATRIBUTO, JAV_VAL_OMISION, WEB_FLG_VALIDACION, WEB_TAB_CAMPO, WEB_ORD_VALIDACION) VALUES (1, 1, 2, 47, null, 1, 3, 2);
INSERT INTO BFP_CARTA_FIANZA.TAREA_ATR_COMPLETAR(COD_PROCESO, COD_PROYECTO, COD_TAREA, COD_ATRIBUTO, JAV_VAL_OMISION, WEB_FLG_VALIDACION, WEB_TAB_CAMPO, WEB_ORD_VALIDACION) VALUES (1, 1, 2, 50, null, 1, 1, 5);
INSERT INTO BFP_CARTA_FIANZA.TAREA_ATR_COMPLETAR(COD_PROCESO, COD_PROYECTO, COD_TAREA, COD_ATRIBUTO, JAV_VAL_OMISION, WEB_FLG_VALIDACION, WEB_TAB_CAMPO, WEB_ORD_VALIDACION) VALUES (1, 1, 2, 53, null, 1, 1, 4);
INSERT INTO BFP_CARTA_FIANZA.TAREA_ATR_COMPLETAR(COD_PROCESO, COD_PROYECTO, COD_TAREA, COD_ATRIBUTO, JAV_VAL_OMISION, WEB_FLG_VALIDACION, WEB_TAB_CAMPO, WEB_ORD_VALIDACION) VALUES (1, 1, 3, 4, '"APR"', 0, 0, null);
INSERT INTO BFP_CARTA_FIANZA.TAREA_ATR_COMPLETAR(COD_PROCESO, COD_PROYECTO, COD_TAREA, COD_ATRIBUTO, JAV_VAL_OMISION, WEB_FLG_VALIDACION, WEB_TAB_CAMPO, WEB_ORD_VALIDACION) VALUES (1, 1, 3, 98, 'usuarioPortal.getCodigo()', 0, 0, null);
INSERT INTO BFP_CARTA_FIANZA.TAREA_ATR_COMPLETAR(COD_PROCESO, COD_PROYECTO, COD_TAREA, COD_ATRIBUTO, JAV_VAL_OMISION, WEB_FLG_VALIDACION, WEB_TAB_CAMPO, WEB_ORD_VALIDACION) VALUES (1, 1, 3, 99, 'new java.sql.Timestamp(new java.util.Date().getTime())', 0, 0, null);
INSERT INTO BFP_CARTA_FIANZA.TAREA_ATR_COMPLETAR(COD_PROCESO, COD_PROYECTO, COD_TAREA, COD_ATRIBUTO, JAV_VAL_OMISION, WEB_FLG_VALIDACION, WEB_TAB_CAMPO, WEB_ORD_VALIDACION) VALUES (1, 1, 4, 4, '"APR"', 0, 0, null);
INSERT INTO BFP_CARTA_FIANZA.TAREA_ATR_COMPLETAR(COD_PROCESO, COD_PROYECTO, COD_TAREA, COD_ATRIBUTO, JAV_VAL_OMISION, WEB_FLG_VALIDACION, WEB_TAB_CAMPO, WEB_ORD_VALIDACION) VALUES (1, 1, 5, 4, '"APR"', 0, 0, null);
INSERT INTO BFP_CARTA_FIANZA.TAREA_ATR_COMPLETAR(COD_PROCESO, COD_PROYECTO, COD_TAREA, COD_ATRIBUTO, JAV_VAL_OMISION, WEB_FLG_VALIDACION, WEB_TAB_CAMPO, WEB_ORD_VALIDACION) VALUES (1, 1, 6, 4, '"APR"', 0, 0, null);
INSERT INTO BFP_CARTA_FIANZA.TAREA_ATR_COMPLETAR(COD_PROCESO, COD_PROYECTO, COD_TAREA, COD_ATRIBUTO, JAV_VAL_OMISION, WEB_FLG_VALIDACION, WEB_TAB_CAMPO, WEB_ORD_VALIDACION) VALUES (1, 1, 7, 4, '"APR"', 0, 0, null);
INSERT INTO BFP_CARTA_FIANZA.TAREA_ATR_COMPLETAR(COD_PROCESO, COD_PROYECTO, COD_TAREA, COD_ATRIBUTO, JAV_VAL_OMISION, WEB_FLG_VALIDACION, WEB_TAB_CAMPO, WEB_ORD_VALIDACION) VALUES (1, 1, 8, 4, '"APR"', 0, 0, null);
INSERT INTO BFP_CARTA_FIANZA.TAREA_ATR_COMPLETAR(COD_PROCESO, COD_PROYECTO, COD_TAREA, COD_ATRIBUTO, JAV_VAL_OMISION, WEB_FLG_VALIDACION, WEB_TAB_CAMPO, WEB_ORD_VALIDACION) VALUES (1, 1, 9, 4, '"APR"', 0, 0, null);
INSERT INTO BFP_CARTA_FIANZA.TAREA_ATR_COMPLETAR(COD_PROCESO, COD_PROYECTO, COD_TAREA, COD_ATRIBUTO, JAV_VAL_OMISION, WEB_FLG_VALIDACION, WEB_TAB_CAMPO, WEB_ORD_VALIDACION) VALUES (1, 1, 10, 4, '"APR"', 0, 0, null);
INSERT INTO BFP_CARTA_FIANZA.TAREA_ATR_COMPLETAR(COD_PROCESO, COD_PROYECTO, COD_TAREA, COD_ATRIBUTO, JAV_VAL_OMISION, WEB_FLG_VALIDACION, WEB_TAB_CAMPO, WEB_ORD_VALIDACION) VALUES (1, 1, 11, 4, '"APR"', 0, 0, null);
INSERT INTO BFP_CARTA_FIANZA.TAREA_ATR_COMPLETAR(COD_PROCESO, COD_PROYECTO, COD_TAREA, COD_ATRIBUTO, JAV_VAL_OMISION, WEB_FLG_VALIDACION, WEB_TAB_CAMPO, WEB_ORD_VALIDACION) VALUES (1, 1, 12, 4, '"APR"', 0, 0, null);
INSERT INTO BFP_CARTA_FIANZA.TAREA_ATR_COMPLETAR(COD_PROCESO, COD_PROYECTO, COD_TAREA, COD_ATRIBUTO, JAV_VAL_OMISION, WEB_FLG_VALIDACION, WEB_TAB_CAMPO, WEB_ORD_VALIDACION) VALUES (1, 1, 1, 34, null, 1, 1, 11);
INSERT INTO BFP_CARTA_FIANZA.TAREA_ATR_COMPLETAR(COD_PROCESO, COD_PROYECTO, COD_TAREA, COD_ATRIBUTO, JAV_VAL_OMISION, WEB_FLG_VALIDACION, WEB_TAB_CAMPO, WEB_ORD_VALIDACION) VALUES (1, 1, 1, 512, null, 1, 0, 4);
INSERT INTO BFP_CARTA_FIANZA.TAREA_ATR_COMPLETAR(COD_PROCESO, COD_PROYECTO, COD_TAREA, COD_ATRIBUTO, JAV_VAL_OMISION, WEB_FLG_VALIDACION, WEB_TAB_CAMPO, WEB_ORD_VALIDACION) VALUES (1, 1, 2, 701, null, 1, 1, 4);
INSERT INTO BFP_CARTA_FIANZA.TAREA_ATR_COMPLETAR(COD_PROCESO, COD_PROYECTO, COD_TAREA, COD_ATRIBUTO, JAV_VAL_OMISION, WEB_FLG_VALIDACION, WEB_TAB_CAMPO, WEB_ORD_VALIDACION) VALUES (1, 1, 2, 702, null, 1, 1, 6);
INSERT INTO BFP_CARTA_FIANZA.TAREA_ATR_COMPLETAR(COD_PROCESO, COD_PROYECTO, COD_TAREA, COD_ATRIBUTO, JAV_VAL_OMISION, WEB_FLG_VALIDACION, WEB_TAB_CAMPO, WEB_ORD_VALIDACION) VALUES (1, 1, 2, 703, null, 1, 1, 7);
INSERT INTO BFP_CARTA_FIANZA.TAREA_ATR_COMPLETAR(COD_PROCESO, COD_PROYECTO, COD_TAREA, COD_ATRIBUTO, JAV_VAL_OMISION, WEB_FLG_VALIDACION, WEB_TAB_CAMPO, WEB_ORD_VALIDACION) VALUES (1, 1, 2, 704, null, 1, 1, 8);
INSERT INTO BFP_CARTA_FIANZA.TAREA_ATR_COMPLETAR(COD_PROCESO, COD_PROYECTO, COD_TAREA, COD_ATRIBUTO, JAV_VAL_OMISION, WEB_FLG_VALIDACION, WEB_TAB_CAMPO, WEB_ORD_VALIDACION) VALUES (1, 1, 2, 705, null, 1, 1, 9);
INSERT INTO BFP_CARTA_FIANZA.TAREA_ATR_COMPLETAR(COD_PROCESO, COD_PROYECTO, COD_TAREA, COD_ATRIBUTO, JAV_VAL_OMISION, WEB_FLG_VALIDACION, WEB_TAB_CAMPO, WEB_ORD_VALIDACION) VALUES (1, 1, 2, 706, null, 1, 1, 10);
INSERT INTO BFP_CARTA_FIANZA.TAREA_ATR_COMPLETAR(COD_PROCESO, COD_PROYECTO, COD_TAREA, COD_ATRIBUTO, JAV_VAL_OMISION, WEB_FLG_VALIDACION, WEB_TAB_CAMPO, WEB_ORD_VALIDACION) VALUES (1, 1, 2, 708, null, 1, 1, 12);
INSERT INTO BFP_CARTA_FIANZA.TAREA_ATR_COMPLETAR(COD_PROCESO, COD_PROYECTO, COD_TAREA, COD_ATRIBUTO, JAV_VAL_OMISION, WEB_FLG_VALIDACION, WEB_TAB_CAMPO, WEB_ORD_VALIDACION) VALUES (1, 1, 2, 709, null, 1, 1, 13);
INSERT INTO BFP_CARTA_FIANZA.TAREA_ATR_COMPLETAR(COD_PROCESO, COD_PROYECTO, COD_TAREA, COD_ATRIBUTO, JAV_VAL_OMISION, WEB_FLG_VALIDACION, WEB_TAB_CAMPO, WEB_ORD_VALIDACION) VALUES (1, 1, 2, 84, null, 1, 1, 14);
INSERT INTO BFP_CARTA_FIANZA.TAREA_ATR_COMPLETAR(COD_PROCESO, COD_PROYECTO, COD_TAREA, COD_ATRIBUTO, JAV_VAL_OMISION, WEB_FLG_VALIDACION, WEB_TAB_CAMPO, WEB_ORD_VALIDACION) VALUES (1, 1, 2, 85, null, 1, 1, 15);
INSERT INTO BFP_CARTA_FIANZA.TAREA_ATR_COMPLETAR(COD_PROCESO, COD_PROYECTO, COD_TAREA, COD_ATRIBUTO, JAV_VAL_OMISION, WEB_FLG_VALIDACION, WEB_TAB_CAMPO, WEB_ORD_VALIDACION) VALUES (1, 1, 2, 49, null, 1, 1, 16);
INSERT INTO BFP_CARTA_FIANZA.TAREA_ATR_COMPLETAR(COD_PROCESO, COD_PROYECTO, COD_TAREA, COD_ATRIBUTO, JAV_VAL_OMISION, WEB_FLG_VALIDACION, WEB_TAB_CAMPO, WEB_ORD_VALIDACION) VALUES (1, 1, 5, 89, null, 1, 1, 16);
INSERT INTO BFP_CARTA_FIANZA.TAREA_ATR_COMPLETAR(COD_PROCESO, COD_PROYECTO, COD_TAREA, COD_ATRIBUTO, JAV_VAL_OMISION, WEB_FLG_VALIDACION, WEB_TAB_CAMPO, WEB_ORD_VALIDACION) VALUES (1, 1, 6, 34, null, 1, 3, 1);
INSERT INTO BFP_CARTA_FIANZA.TAREA_ATR_COMPLETAR(COD_PROCESO, COD_PROYECTO, COD_TAREA, COD_ATRIBUTO, JAV_VAL_OMISION, WEB_FLG_VALIDACION, WEB_TAB_CAMPO, WEB_ORD_VALIDACION) VALUES (1, 1, 6, 24, null, 1, 3, null);
INSERT INTO BFP_CARTA_FIANZA.TAREA_ATR_COMPLETAR(COD_PROCESO, COD_PROYECTO, COD_TAREA, COD_ATRIBUTO, JAV_VAL_OMISION, WEB_FLG_VALIDACION, WEB_TAB_CAMPO, WEB_ORD_VALIDACION) VALUES (1, 1, 8, 6, null, 1, 1, 3);
INSERT INTO BFP_CARTA_FIANZA.TAREA_ATR_COMPLETAR(COD_PROCESO, COD_PROYECTO, COD_TAREA, COD_ATRIBUTO, JAV_VAL_OMISION, WEB_FLG_VALIDACION, WEB_TAB_CAMPO, WEB_ORD_VALIDACION) VALUES (1, 1, 8, 7, null, 1, 1, 1);
INSERT INTO BFP_CARTA_FIANZA.TAREA_ATR_COMPLETAR(COD_PROCESO, COD_PROYECTO, COD_TAREA, COD_ATRIBUTO, JAV_VAL_OMISION, WEB_FLG_VALIDACION, WEB_TAB_CAMPO, WEB_ORD_VALIDACION) VALUES (1, 1, 8, 8, null, 1, 1, 2);
INSERT INTO BFP_CARTA_FIANZA.TAREA_ATR_COMPLETAR(COD_PROCESO, COD_PROYECTO, COD_TAREA, COD_ATRIBUTO, JAV_VAL_OMISION, WEB_FLG_VALIDACION, WEB_TAB_CAMPO, WEB_ORD_VALIDACION) VALUES (4, 1, 401, 70, null, 1, 1, 1);
INSERT INTO BFP_CARTA_FIANZA.TAREA_ATR_COMPLETAR(COD_PROCESO, COD_PROYECTO, COD_TAREA, COD_ATRIBUTO, JAV_VAL_OMISION, WEB_FLG_VALIDACION, WEB_TAB_CAMPO, WEB_ORD_VALIDACION) VALUES (4, 1, 401, 71, null, 1, 1, 2);
INSERT INTO BFP_CARTA_FIANZA.TAREA_ATR_COMPLETAR(COD_PROCESO, COD_PROYECTO, COD_TAREA, COD_ATRIBUTO, JAV_VAL_OMISION, WEB_FLG_VALIDACION, WEB_TAB_CAMPO, WEB_ORD_VALIDACION) VALUES (4, 1, 401, 72, null, 1, 1, 3);
INSERT INTO BFP_CARTA_FIANZA.TAREA_ATR_COMPLETAR(COD_PROCESO, COD_PROYECTO, COD_TAREA, COD_ATRIBUTO, JAV_VAL_OMISION, WEB_FLG_VALIDACION, WEB_TAB_CAMPO, WEB_ORD_VALIDACION) VALUES (4, 1, 401, 73, null, 1, 1, 4);
INSERT INTO BFP_CARTA_FIANZA.TAREA_ATR_COMPLETAR(COD_PROCESO, COD_PROYECTO, COD_TAREA, COD_ATRIBUTO, JAV_VAL_OMISION, WEB_FLG_VALIDACION, WEB_TAB_CAMPO, WEB_ORD_VALIDACION) VALUES (4, 1, 401, 74, null, 1, 1, 5);
INSERT INTO BFP_CARTA_FIANZA.TAREA_ATR_COMPLETAR(COD_PROCESO, COD_PROYECTO, COD_TAREA, COD_ATRIBUTO, JAV_VAL_OMISION, WEB_FLG_VALIDACION, WEB_TAB_CAMPO, WEB_ORD_VALIDACION) VALUES (4, 1, 401, 75, null, 0, 1, 6);
INSERT INTO BFP_CARTA_FIANZA.TAREA_ATR_COMPLETAR(COD_PROCESO, COD_PROYECTO, COD_TAREA, COD_ATRIBUTO, JAV_VAL_OMISION, WEB_FLG_VALIDACION, WEB_TAB_CAMPO, WEB_ORD_VALIDACION) VALUES (4, 1, 401, 76, null, 0, 1, 7);
INSERT INTO BFP_CARTA_FIANZA.TAREA_ATR_COMPLETAR(COD_PROCESO, COD_PROYECTO, COD_TAREA, COD_ATRIBUTO, JAV_VAL_OMISION, WEB_FLG_VALIDACION, WEB_TAB_CAMPO, WEB_ORD_VALIDACION) VALUES (4, 1, 401, 92, null, 1, 1, 8);
INSERT INTO BFP_CARTA_FIANZA.TAREA_ATR_COMPLETAR(COD_PROCESO, COD_PROYECTO, COD_TAREA, COD_ATRIBUTO, JAV_VAL_OMISION, WEB_FLG_VALIDACION, WEB_TAB_CAMPO, WEB_ORD_VALIDACION) VALUES (4, 1, 401, 4, '"ING"', 0, 1, 9);
INSERT INTO BFP_CARTA_FIANZA.TAREA_ATR_COMPLETAR(COD_PROCESO, COD_PROYECTO, COD_TAREA, COD_ATRIBUTO, JAV_VAL_OMISION, WEB_FLG_VALIDACION, WEB_TAB_CAMPO, WEB_ORD_VALIDACION) VALUES (5, 1, 501, 4, '"ING"', 0, 1, 1);
INSERT INTO BFP_CARTA_FIANZA.TAREA_ATR_COMPLETAR(COD_PROCESO, COD_PROYECTO, COD_TAREA, COD_ATRIBUTO, JAV_VAL_OMISION, WEB_FLG_VALIDACION, WEB_TAB_CAMPO, WEB_ORD_VALIDACION) VALUES (5, 1, 502, 4, '"APR"', 0, 1, 1);
INSERT INTO BFP_CARTA_FIANZA.TAREA_ATR_OBSERVAR(COD_PROCESO, COD_PROYECTO, COD_TAREA, COD_ATRIBUTO, JAV_VAL_OMISION, WEB_FLG_VALIDACION) VALUES (1, 1, 3, 4, '"OBS"', 0);
INSERT INTO BFP_CARTA_FIANZA.TAREA_ATR_OBSERVAR(COD_PROCESO, COD_PROYECTO, COD_TAREA, COD_ATRIBUTO, JAV_VAL_OMISION, WEB_FLG_VALIDACION) VALUES (1, 1, 5, 4, '"OBS"', 0);
INSERT INTO BFP_CARTA_FIANZA.TAREA_ATR_OBSERVAR(COD_PROCESO, COD_PROYECTO, COD_TAREA, COD_ATRIBUTO, JAV_VAL_OMISION, WEB_FLG_VALIDACION) VALUES (1, 1, 6, 4, '"OBS"', 0);
INSERT INTO BFP_CARTA_FIANZA.TAREA_ATR_OBSERVAR(COD_PROCESO, COD_PROYECTO, COD_TAREA, COD_ATRIBUTO, JAV_VAL_OMISION, WEB_FLG_VALIDACION) VALUES (5, 1, 502, 4, '"OBS"', 0);
INSERT INTO BFP_CARTA_FIANZA.TAREA_ATR_RECHAZAR(COD_PROCESO, COD_PROYECTO, COD_TAREA, COD_ATRIBUTO, JAV_VAL_OMISION, WEB_FLG_VALIDACION) VALUES (1, 1, 2, 4, '"REC"', 0);
INSERT INTO BFP_CARTA_FIANZA.TAREA_ATR_RECHAZAR(COD_PROCESO, COD_PROYECTO, COD_TAREA, COD_ATRIBUTO, JAV_VAL_OMISION, WEB_FLG_VALIDACION) VALUES (1, 1, 3, 4, '"REC"', 0);
INSERT INTO BFP_CARTA_FIANZA.TAREA_ATR_RECHAZAR(COD_PROCESO, COD_PROYECTO, COD_TAREA, COD_ATRIBUTO, JAV_VAL_OMISION, WEB_FLG_VALIDACION) VALUES (1, 1, 6, 4, '"REC"', 0);
INSERT INTO BFP_CARTA_FIANZA.TAREA_COM_BPM(COD_TAREA, COD_OBJ_BPM) VALUES (1, 1);
INSERT INTO BFP_CARTA_FIANZA.TAREA_COM_BPM(COD_TAREA, COD_OBJ_BPM) VALUES (1, 2);
INSERT INTO BFP_CARTA_FIANZA.TAREA_COM_BPM(COD_TAREA, COD_OBJ_BPM) VALUES (1, 5);
INSERT INTO BFP_CARTA_FIANZA.TAREA_COM_BPM(COD_TAREA, COD_OBJ_BPM) VALUES (2, 2);
INSERT INTO BFP_CARTA_FIANZA.TAREA_COM_BPM(COD_TAREA, COD_OBJ_BPM) VALUES (3, 2);
INSERT INTO BFP_CARTA_FIANZA.TAREA_COM_BPM(COD_TAREA, COD_OBJ_BPM) VALUES (4, 2);
INSERT INTO BFP_CARTA_FIANZA.TAREA_COM_BPM(COD_TAREA, COD_OBJ_BPM) VALUES (5, 1);
INSERT INTO BFP_CARTA_FIANZA.TAREA_COM_BPM(COD_TAREA, COD_OBJ_BPM) VALUES (5, 2);
INSERT INTO BFP_CARTA_FIANZA.TAREA_COM_BPM(COD_TAREA, COD_OBJ_BPM) VALUES (5, 3);
INSERT INTO BFP_CARTA_FIANZA.TAREA_COM_BPM(COD_TAREA, COD_OBJ_BPM) VALUES (5, 5);
INSERT INTO BFP_CARTA_FIANZA.TAREA_COM_BPM(COD_TAREA, COD_OBJ_BPM) VALUES (5, 7);
INSERT INTO BFP_CARTA_FIANZA.TAREA_COM_BPM(COD_TAREA, COD_OBJ_BPM) VALUES (6, 1);
INSERT INTO BFP_CARTA_FIANZA.TAREA_COM_BPM(COD_TAREA, COD_OBJ_BPM) VALUES (6, 2);
INSERT INTO BFP_CARTA_FIANZA.TAREA_COM_BPM(COD_TAREA, COD_OBJ_BPM) VALUES (7, 2);
INSERT INTO BFP_CARTA_FIANZA.TAREA_COM_BPM(COD_TAREA, COD_OBJ_BPM) VALUES (8, 2);
INSERT INTO BFP_CARTA_FIANZA.TAREA_COM_BPM(COD_TAREA, COD_OBJ_BPM) VALUES (9, 2);
INSERT INTO BFP_CARTA_FIANZA.TAREA_COM_BPM(COD_TAREA, COD_OBJ_BPM) VALUES (10, 2);
INSERT INTO BFP_CARTA_FIANZA.TAREA_COM_BPM(COD_TAREA, COD_OBJ_BPM) VALUES (11, 2);
INSERT INTO BFP_CARTA_FIANZA.TAREA_COM_BPM(COD_TAREA, COD_OBJ_BPM) VALUES (12, 2);
INSERT INTO BFP_CARTA_FIANZA.TAREA_COM_BPM(COD_TAREA, COD_OBJ_BPM) VALUES (401, 2);
INSERT INTO BFP_CARTA_FIANZA.TAREA_COM_BPM(COD_TAREA, COD_OBJ_BPM) VALUES (402, 2);
INSERT INTO BFP_CARTA_FIANZA.TAREA_COM_BPM(COD_TAREA, COD_OBJ_BPM) VALUES (403, 2);
INSERT INTO BFP_CARTA_FIANZA.TAREA_COM_BPM(COD_TAREA, COD_OBJ_BPM) VALUES (501, 2);
INSERT INTO BFP_CARTA_FIANZA.TAREA_COM_BPM(COD_TAREA, COD_OBJ_BPM) VALUES (502, 2);
INSERT INTO BFP_CARTA_FIANZA.TAREA_COM_BPM(COD_TAREA, COD_OBJ_BPM) VALUES (503, 2);
INSERT INTO BFP_CARTA_FIANZA.TAREA_TRA_BPM(COD_TAREA, COD_OBJ_BPM) VALUES (1, 5);
INSERT INTO BFP_CARTA_FIANZA.TAREA_TRA_BPM(COD_TAREA, COD_OBJ_BPM) VALUES (401, 3);
INSERT INTO BFP_CARTA_FIANZA.TAREA_TRA_BPM(COD_TAREA, COD_OBJ_BPM) VALUES (401, 5);
INSERT INTO BFP_CARTA_FIANZA.TAREA_TRA_BPM(COD_TAREA, COD_OBJ_BPM) VALUES (401, 7);
INSERT INTO BFP_CARTA_FIANZA.TAREA_TRA_BPM(COD_TAREA, COD_OBJ_BPM) VALUES (401, 14);
INSERT INTO BFP_CARTA_FIANZA.TAREA_TRA_BPM(COD_TAREA, COD_OBJ_BPM) VALUES (501, 3);
INSERT INTO BFP_CARTA_FIANZA.TAREA_TRA_BPM(COD_TAREA, COD_OBJ_BPM) VALUES (501, 5);
INSERT INTO BFP_CARTA_FIANZA.TAREA_TRA_BPM(COD_TAREA, COD_OBJ_BPM) VALUES (501, 7);
INSERT INTO BFP_CARTA_FIANZA.TAREA_TRA_BPM(COD_TAREA, COD_OBJ_BPM) VALUES (501, 14);
INSERT INTO BFP_CARTA_FIANZA.USUARIO(COD_USUARIO, CLAVE, NOMBRE, PERFIL, DESCRIPCION) VALUES ('OSCHUP', '060bc402578dd3007cb78582c46796a7', 'David', 'LID_TEC', 'David');
INSERT INTO BFP_CARTA_FIANZA.VERSION(COD_PROYECTO, COD_VERSION, ESTADO, TIEMPO_ESTIMADO, FECHA_CREACION, FECHA_FINALIZACION) VALUES (1, 1, 1, 200, '2015-07-08 14:49:10.0', '2015-07-08 14:49:12.0');
